folder,file,status,problem_type,total_blocked_pct,obstacle_pct,damage_pct
lat phrao(chok chai 4-Liap duan) (fixed),13.786769_100.607857_DLyAuLMD5nTahA3lRDxPTw_211_2025-10.jpg,SAFE,None,0.35,0.35,0.0
lat phrao(chok chai 4-Liap duan) (fixed),13.786823_100.607782_BmiMRVhoMf2zEcVN0WWCVw_211_2025-10.jpg,SAFE,None,1.07,1.07,0.0
lat phrao(chok chai 4-Liap duan) (fixed),13.786878_100.607704_Eq0sYbZakPZ37KkSOK1-DA_212_2025-10.jpg,SAFE,None,1.85,1.85,0.0
lat phrao(chok chai 4-Liap duan) (fixed),13.786896_100.608087_fL32aFvyvuomEHJAb0gRMA_30_2025-10.jpg,SAFE,None,0.0,0.0,0.0
lat phrao(chok chai 4-Liap duan) (fixed),13.786933_100.607626_wTzTIhsUvSYkKs7HixaVnA_211_2025-10.jpg,SAFE,None,7.5,7.5,0.0
lat phrao(chok chai 4-Liap duan) (fixed),13.786962_100.607964_UQv1L-fH67CWW9CfDYRqFw_30_2025-10.jpg,SAFE,None,0.0,0.0,0.0
lat phrao(chok chai 4-Liap duan) (fixed),13.786984_100.607925_H9WqqahCt0akdU-YPqNwXQ_30_2025-10.jpg,SAFE,None,2.88,2.88,0.0
lat phrao(chok chai 4-Liap duan) (fixed),13.786986_100.607548_OUWLPnit1v0pN2oOHLeNmg_211_2025-10.jpg,SAFE,None,0.0,0.0,0.0
lat phrao(chok chai 4-Liap duan) (fixed),13.787026_100.607850_P_WgXuoC1hCWADMEOnXzwg_30_2025-10.jpg,SAFE,None,1.75,1.75,0.0
lat phrao(chok chai 4-Liap duan) (fixed),13.787039_100.607471__I1wD9zY6HkrbMa5zYWeqw_211_2025-10.jpg,SAFE,None,1.98,0.44,1.54
lat phrao(chok chai 4-Liap duan) (fixed),13.787073_100.607769_Ik96sWNVgkvKRYLTAfPpcQ_30_2025-10.jpg,SAFE,None,0.0,0.0,0.0
lat phrao(chok chai 4-Liap duan) (fixed),13.787088_100.607395_8Kg3HvR6qcHIykCY7YJ8ow_211_2025-10.jpg,SAFE,None,0.0,0.0,0.0
lat phrao(chok chai 4-Liap duan) (fixed),13.787120_100.607686_y-EpAWjrU_N-W47CbB6laQ_30_2025-10.jpg,SAFE,None,0.0,0.0,0.0
lat phrao(chok chai 4-Liap duan) (fixed),13.787136_100.607314_9Qz9cmr4BlnLrRCQcGFhhQ_211_2025-10.jpg,SAFE,None,0.0,0.0,0.0
lat phrao(chok chai 4-Liap duan) (fixed),13.787165_100.607606_RhBJtnbvN9iRbdiFwsV4pg_30_2025-10.jpg,SAFE,None,0.19,0.19,0.0
lat phrao(chok chai 4-Liap duan) (fixed),13.787184_100.607232_EExkioKLGW5okURncaJbqw_210_2025-10.jpg,SAFE,None,0.94,0.94,0.0
lat phrao(chok chai 4-Liap duan) (fixed),13.787210_100.607527_a_gJPj4o8Qsz3-vqdmgWng_30_2025-10.jpg,SAFE,None,0.0,0.0,0.0
lat phrao(chok chai 4-Liap duan) (fixed),13.787228_100.607152_tYUj4NORKGKBZq8DKjIBKw_210_2025-10.jpg,SAFE,None,5.15,5.15,0.0
lat phrao(chok chai 4-Liap duan) (fixed),13.787255_100.607447_bPRMVSQ9FEwyj9XEUthFjg_30_2025-10.jpg,SAFE,None,0.83,0.83,0.0
lat phrao(chok chai 4-Liap duan) (fixed),13.787272_100.607074_pbleK5-A1bIFAVtHuWW8_w_210_2025-10.jpg,SAFE,None,0.22,0.22,0.0
lat phrao(chok chai 4-Liap duan) (fixed),13.787300_100.607365_KEhZZ1lZBKBojE3he6j8Ww_30_2025-10.jpg,SAFE,None,0.0,0.0,0.0
lat phrao(chok chai 4-Liap duan) (fixed),13.787314_100.606997_UGmLmMLVLIKUWVt0U69ijg_210_2025-10.jpg,SAFE,None,7.92,4.31,3.6
lat phrao(chok chai 4-Liap duan) (fixed),13.787347_100.607282_4sGuDhqZMZxRTbG_kmOeJw_30_2025-10.jpg,SAFE,None,0.0,0.0,0.0
lat phrao(chok chai 4-Liap duan) (fixed),13.787357_100.606917_5DnbmsJ7OuxMR4EhK0Rxsg_210_2025-10.jpg,SAFE,None,7.5,2.78,4.72
lat phrao(chok chai 4-Liap duan) (fixed),13.787393_100.607199_HAUcyiaJpvxgXo1nOcBYQg_30_2025-10.jpg,SAFE,None,0.0,0.0,0.0
lat phrao(chok chai 4-Liap duan) (fixed),13.787403_100.606833_grPgsBgRAoqKO3lqf0mBEA_210_2025-10.jpg,SAFE,None,0.0,0.0,0.0
lat phrao(chok chai 4-Liap duan) (fixed),13.787438_100.607119_fSVgBVVUPjJoZgRFs1GY4Q_30_2025-10.jpg,SAFE,None,12.4,12.4,0.0
lat phrao(chok chai 4-Liap duan) (fixed),13.787450_100.606748_l17pqQs16TAjY9uAgFYQZg_210_2025-10.jpg,SAFE,None,0.0,0.0,0.0
lat phrao(chok chai 4-Liap duan) (fixed),13.787483_100.607038_KHbYWYvxrAQaWOs3-F0KkA_30_2025-10.jpg,SAFE,None,2.5,2.5,0.0
lat phrao(chok chai 4-Liap duan) (fixed),13.787497_100.606665_CsqtwwmnE1BIWbAttUsqpw_210_2025-10.jpg,SAFE,None,2.27,2.27,0.0
lat phrao(chok chai 4-Liap duan) (fixed),13.787528_100.606957_3K6eeOvcRsB90IXU2cN_YQ_30_2025-10.jpg,SAFE,None,0.19,0.19,0.0
lat phrao(chok chai 4-Liap duan) (fixed),13.787542_100.606585_aBHxIrspDsyrZsN0-zwvOw_210_2025-10.jpg,SAFE,None,0.0,0.0,0.0
lat phrao(chok chai 4-Liap duan) (fixed),13.787565_100.606544_ShmLdEgSHmfSc5vpVYI42A_210_2025-10.jpg,SAFE,None,0.0,0.0,0.0
lat phrao(chok chai 4-Liap duan) (fixed),13.787573_100.606877_EK-HvnxfMy53IaJb7edAow_30_2025-10.jpg,SAFE,None,10.19,10.19,0.0
lat phrao(chok chai 4-Liap duan) (fixed),13.787610_100.606462_vKwKJlrT-J8E20DLigDZ_A_210_2025-10.jpg,SAFE,None,13.94,13.94,0.0
lat phrao(chok chai 4-Liap duan) (fixed),13.787618_100.606795_ZSWXYnU7UYvmRzkjN_9o2g_30_2025-10.jpg,SAFE,None,0.0,0.0,0.0
lat phrao(chok chai 4-Liap duan) (fixed),13.787657_100.606379_rauoJ6HGuYcZwUzU1u09wQ_210_2025-10.jpg,SAFE,None,1.39,1.39,0.0
lat phrao(chok chai 4-Liap duan) (fixed),13.787662_100.606715_zddgrcayoswG4cAjFv6Muw_30_2025-10.jpg,SAFE,None,0.0,0.0,0.0
lat phrao(chok chai 4-Liap duan) (fixed),13.787703_100.606297_NmULdJQiiC5rKsBchE_BBQ_210_2025-10.jpg,SAFE,None,5.4,5.4,0.0
lat phrao(chok chai 4-Liap duan) (fixed),13.787707_100.606634_YvtYnfPJxhwv7FJNr_W0ag_30_2025-10.jpg,SAFE,None,6.13,6.13,0.0
lat phrao(chok chai 4-Liap duan) (fixed),13.787752_100.606553_6sCyYoJmSLKP_G87etZpWQ_30_2025-10.jpg,SAFE,None,1.52,1.52,0.0
lat phrao(chok chai 4-Liap duan) (fixed),13.787772_100.606174_rHn-KfedBI9pmCUTZsRYGw_210_2025-10.jpg,SAFE,None,2.16,2.16,0.0
lat phrao(chok chai 4-Liap duan) (fixed),13.787797_100.606472_vwgzwbwYJqG9jFHL91vWUw_30_2025-10.jpg,SAFE,None,3.02,3.02,0.0
lat phrao(chok chai 4-Liap duan) (fixed),13.787817_100.606093_5AArlj4oQJZgTHxj1lmYig_210_2025-10.jpg,SAFE,None,14.01,14.01,0.0
lat phrao(chok chai 4-Liap duan) (fixed),13.787843_100.606391_F1MuKbc_OwJBZVN9plS0hQ_30_2025-10.jpg,SAFE,None,0.0,0.0,0.0
lat phrao(chok chai 4-Liap duan) (fixed),13.787862_100.606013_6UOz597TpX4VEK8clJniig_210_2025-10.jpg,SAFE,None,3.61,3.61,0.0
lat phrao(chok chai 4-Liap duan) (fixed),13.787889_100.606309_ymhn0UsCpVA5eGtoNi6i-w_30_2025-10.jpg,SAFE,None,2.05,2.05,0.0
lat phrao(chok chai 4-Liap duan) (fixed),13.787907_100.605932_jSymbgic0W9a6UFZ_klW6A_210_2025-10.jpg,SAFE,None,1.01,1.01,0.0
lat phrao(chok chai 4-Liap duan) (fixed),13.787936_100.606227_i-K5kS3xnTGh9ahIurROVA_30_2025-10.jpg,SAFE,None,0.0,0.0,0.0
lat phrao(chok chai 4-Liap duan) (fixed),13.787953_100.605849_613O3a712olXw6zn5zG4Xg_210_2025-10.jpg,SAFE,None,0.0,0.0,0.0
lat phrao(chok chai 4-Liap duan) (fixed),13.787982_100.606146_tVJ63v63L7y98yAjcFt2JA_30_2025-10.jpg,SAFE,None,0.72,0.72,0.0
lat phrao(chok chai 4-Liap duan) (fixed),13.787999_100.605767_wz2TkO9Y7Yf4iS2DlX3OPQ_210_2025-10.jpg,SAFE,None,0.66,0.66,0.0
lat phrao(chok chai 4-Liap duan) (fixed),13.788028_100.606065_k70TW_tou6zy3uQcEHMVoQ_30_2025-10.jpg,SAFE,None,0.82,0.82,0.0
lat phrao(chok chai 4-Liap duan) (fixed),13.788044_100.605686_xDrph1RulvFyJFvwksVMwg_210_2025-10.jpg,SAFE,None,1.61,1.61,0.0
lat phrao(chok chai 4-Liap duan) (fixed),13.788089_100.605606_VNip7jN2eQCG7QhG26iKtQ_210_2025-10.jpg,SAFE,None,0.0,0.0,0.0
lat phrao(chok chai 4-Liap duan) (fixed),13.788097_100.605943_S_Z-WaUbt13Tuu2KovP0Fg_30_2025-10.jpg,SAFE,None,0.76,0.76,0.0
lat phrao(chok chai 4-Liap duan) (fixed),13.788111_100.605566_RkK_b4Im2X5O8hk4ye3Rwg_210_2025-10.jpg,SAFE,None,1.68,1.68,0.0
lat phrao(chok chai 4-Liap duan) (fixed),13.788142_100.605861_cRk6UYPqcr-pX-mx-w4Xuw_30_2025-10.jpg,SAFE,None,1.73,1.73,0.0
lat phrao(chok chai 4-Liap duan) (fixed),13.788155_100.605487_2YQgcJNf6h4ZvqU6Oa7QWw_210_2025-10.jpg,SAFE,None,0.62,0.62,0.0
lat phrao(chok chai 4-Liap duan) (fixed),13.788187_100.605779_csTMyfdXFkDHT4qgUKOzFA_30_2025-10.jpg,SAFE,None,0.0,0.0,0.0
lat phrao(chok chai 4-Liap duan) (fixed),13.788199_100.605408_9zYMUfyEI_eRv071RJss7A_210_2025-10.jpg,SAFE,None,1.99,1.99,0.0
lat phrao(chok chai 4-Liap duan) (fixed),13.788232_100.605697_eFyBFNQkmJ8HWBSj1DKC8Q_30_2025-10.jpg,SAFE,None,11.34,5.59,5.74
lat phrao(chok chai 4-Liap duan) (fixed),13.788243_100.605330_sV79PG5uKlqeGu4xGAsK-Q_210_2025-10.jpg,SAFE,None,17.11,17.11,0.0
lat phrao(chok chai 4-Liap duan) (fixed),13.788277_100.605614_s8wQbl0LR6rQbeUy99Ihew_30_2025-10.jpg,SAFE,None,0.0,0.0,0.0
lat phrao(chok chai 4-Liap duan) (fixed),13.788286_100.605254_RCQQDOHUwWs5fD6OVEf_Jg_210_2025-10.jpg,SAFE,None,6.5,6.5,0.0
lat phrao(chok chai 4-Liap duan) (fixed),13.788321_100.605533_Tpc6WrUIlUK6DvbjjnbftA_30_2025-10.jpg,SAFE,None,6.76,6.76,0.0
lat phrao(chok chai 4-Liap duan) (fixed),13.788366_100.605452_9uOJ778Pgi-fC-LGaIra0g_29_2025-10.jpg,SAFE,None,0.0,0.0,0.0
lat phrao(chok chai 4-Liap duan) (fixed),13.788388_100.605411_kUkiFYHmPB_7KkelRDeepw_30_2025-10.jpg,SAFE,None,2.44,2.44,0.0
lat phrao(chok chai 4-Liap duan) (fixed),13.788393_100.605079__pCzluWEl3Zj2gVjxSzBTQ_211_2025-10.jpg,SAFE,None,17.37,17.37,0.0
lat phrao(chok chai 4-Liap duan) (fixed),13.788434_100.605329_RYWyO4VDCjC89O5xm03Avw_30_2025-10.jpg,SAFE,None,7.8,5.75,2.05
lat phrao(chok chai 4-Liap duan) (fixed),13.788452_100.604991_0URv_jtpxy1MtrdEIIf8-g_210_2025-10.jpg,SAFE,None,7.91,7.91,0.0
lat phrao(chok chai 4-Liap duan) (fixed),13.788480_100.605248_iXq0j8BWg5pvABNB8F1q1w_30_2025-10.jpg,SAFE,None,1.35,1.35,0.0
lat phrao(chok chai 4-Liap duan) (fixed),13.788506_100.604907_6vFUUwi3h3YLPmzq4U0Qig_210_2025-10.jpg,SAFE,None,0.0,0.0,0.0
lat phrao(chok chai 4-Liap duan) (fixed),13.788527_100.605166_lnmHTFqOT0-r3HnVj78bdQ_30_2025-10.jpg,SAFE,None,7.15,7.15,0.0
lat phrao(chok chai 4-Liap duan) (fixed),13.788533_100.604864_t2Sz7OFOo71XtG0JOZumkA_213_2025-10.jpg,SAFE,None,2.18,2.18,0.0
lat phrao(chok chai 4-Liap duan) (fixed),13.788573_100.605084_IcR9BL61I50hYCjJQClL2w_30_2025-10.jpg,SAFE,None,1.2,1.2,0.0
lat phrao(chok chai 4-Liap duan) (fixed),13.788585_100.604781_WdOoi6dR5ebfzkHGWfHcWg_213_2025-10.jpg,SAFE,None,5.07,5.07,0.0
lat phrao(chok chai 4-Liap duan) (fixed),13.788618_100.605002_jHxYxNJbn-wMWxMNKqIVog_30_2025-10.jpg,SAFE,None,6.55,0.1,6.45
lat phrao(chok chai 4-Liap duan) (fixed),13.788635_100.604701_OBaUCO03KEHebIPKuoLOKA_210_2025-10.jpg,SAFE,None,1.65,1.65,0.0
lat phrao(chok chai 4-Liap duan) (fixed),13.788641_100.604961_C2tMg_A_YkobuitQUqXKjQ_30_2025-10.jpg,SAFE,None,4.25,4.25,0.0
lat phrao(chok chai 4-Liap duan) (fixed),13.788660_100.604661_NyatUnOv-BBaT6AJVeHZiw_210_2025-10.jpg,SAFE,None,2.76,2.76,0.0
lat phrao(chok chai 4-Liap duan) (fixed),13.788686_100.604880_k9_243S01hZ3CoJNxDEvpA_30_2025-10.jpg,SAFE,None,6.09,6.09,0.0
lat phrao(chok chai 4-Liap duan) (fixed),13.788709_100.604583_q1v-CeRnJ3hHX0Y3b_AlNg_210_2025-10.jpg,SAFE,None,0.78,0.78,0.0
lat phrao(chok chai 4-Liap duan) (fixed),13.788730_100.604798_pCLIjM8S3lr14sNx4xCkOA_30_2025-10.jpg,SAFE,None,5.06,5.06,0.0
lat phrao(chok chai 4-Liap duan) (fixed),13.788757_100.604504_jUm_ZKSMaEovviQVKQdhqA_210_2025-10.jpg,SAFE,None,0.39,0.39,0.0
lat phrao(chok chai 4-Liap duan) (fixed),13.788775_100.604717_nhJAm054W-ii5m70uYas1g_30_2025-10.jpg,SAFE,None,3.52,3.52,0.0
lat phrao(chok chai 4-Liap duan) (fixed),13.788804_100.604425_ix-d_LZ7b3-K_Zn7xksvuA_210_2025-10.jpg,SAFE,None,0.38,0.38,0.0
lat phrao(chok chai 4-Liap duan) (fixed),13.788820_100.604634_RalRrEVtkXot3Nc1GYW8bg_30_2025-10.jpg,SAFE,None,0.34,0.34,0.0
lat phrao(chok chai 4-Liap duan) (fixed),13.788865_100.604553_By77N1YFecabNSYA0bNo5Q_30_2025-10.jpg,SAFE,None,3.18,2.68,0.5
lat phrao(chok chai 4-Liap duan) (fixed),13.788874_100.604307_8bj6vHok7f5E5alYislkIw_210_2025-10.jpg,SAFE,None,0.51,0.51,0.0
lat phrao(chok chai 4-Liap duan) (fixed),13.788898_100.604267_9vmdE4cZPzErOsYEAuUvWw_210_2025-10.jpg,SAFE,None,0.0,0.0,0.0
lat phrao(chok chai 4-Liap duan) (fixed),13.788911_100.604472_KeHhlC7oxLTl5sYzU-kPLA_30_2025-10.jpg,SAFE,None,0.0,0.0,0.0
lat phrao(chok chai 4-Liap duan) (fixed),13.788944_100.604188_P-Q2FWnXbZcwSZOtLH7aNg_210_2025-10.jpg,SAFE,None,0.0,0.0,0.0
lat phrao(chok chai 4-Liap duan) (fixed),13.788955_100.604391_UTadvs0juBJnTpzXG_zSvw_30_2025-10.jpg,SAFE,None,0.28,0.28,0.0
lat phrao(chok chai 4-Liap duan) (fixed),13.789000_100.604308_icHrd5yhWwCsDXsZS6yCfg_30_2025-10.jpg,SAFE,None,2.98,2.98,0.0
lat phrao(chok chai 4-Liap duan) (fixed),13.789010_100.604074_ukeqGepNMXrQ8zcBFuKy8Q_210_2025-10.jpg,SAFE,None,0.0,0.0,0.0
lat phrao(chok chai 4-Liap duan) (fixed),13.789045_100.604227_3LK_8K-PlTXsAG7bFP1-oA_30_2025-10.jpg,SAFE,None,0.0,0.0,0.0
lat phrao(chok chai 4-Liap duan) (fixed),13.789052_100.603999_niFt0-o0PCBqqUNH9lBuHw_210_2025-10.jpg,SAFE,None,0.55,0.55,0.0
lat phrao(chok chai 4-Liap duan) (fixed),13.789091_100.604146_KbwI-5lpDbaF0hXxU2ad1Q_30_2025-10.jpg,SAFE,None,1.1,1.1,0.0
lat phrao(chok chai 4-Liap duan) (fixed),13.789094_100.603926_OE6iYvLEXk-qMLNZd9ih1Q_210_2025-10.jpg,SAFE,None,0.0,0.0,0.0
lat phrao(chok chai 4-Liap duan) (fixed),13.789136_100.603852_cEtiDtJ5jcRiQsebYfvxsQ_210_2025-10.jpg,SAFE,None,1.96,1.96,0.0
lat phrao(chok chai 4-Liap duan) (fixed),13.789136_100.604064_k_wmQ5ltd--qXL8ZBAHHvQ_30_2025-10.jpg,SAFE,None,2.43,2.43,0.0
lat phrao(chok chai 4-Liap duan) (fixed),13.789180_100.603652_tK0taGssN2eVVfDU1hnayA_210_2024-11.jpg,SAFE,None,3.62,3.62,0.0
lat phrao(chok chai 4-Liap duan) (fixed),13.789181_100.603978_mVCelum9ps5DQGgqRVpjQQ_30_2025-10.jpg,SAFE,None,0.43,0.43,0.0
lat phrao(chok chai 4-Liap duan) (fixed),13.789227_100.603571_kIPgI8iUGb8ItSaYcv65_A_210_2024-11.jpg,SAFE,None,0.67,0.67,0.0
lat phrao(chok chai 4-Liap duan) (fixed),13.789227_100.603884_ENdA_lAQLf-aNRiYU7C2PA_30_2025-10.jpg,SAFE,None,3.83,3.83,0.0
lat phrao(chok chai 4-Liap duan) (fixed),13.789273_100.603489_c_KyuGUxkNkJ_lt_5aSDUA_210_2024-11.jpg,SAFE,None,8.16,8.16,0.0
lat phrao(chok chai 4-Liap duan) (fixed),13.789288_100.603807_dhnwcR2yOSLivyxJZPz_Dw_30_2024-11.jpg,SAFE,None,10.23,1.77,8.46
lat phrao(chok chai 4-Liap duan) (fixed),13.789318_100.603408_49Gnkiw-jAaE6ZMVkd2L9A_210_2024-11.jpg,SAFE,None,0.0,0.0,0.0
lat phrao(chok chai 4-Liap duan) (fixed),13.789335_100.603725_Og_xl_OXrReH1dg-kSTaVQ_30_2024-11.jpg,SAFE,None,13.76,3.2,10.56
lat phrao(chok chai 4-Liap duan) (fixed),13.789364_100.603326_G9H5_NhGBDMu4olG3b0rGQ_210_2024-11.jpg,WARNING,OBSTACLE,24.96,12.72,12.24
lat phrao(chok chai 4-Liap duan) (fixed),13.789381_100.603643_ZADAo1t1SoixRWJZZvhWJQ_30_2024-11.jpg,WARNING,OBSTACLE,32.47,29.46,3.01
lat phrao(chok chai 4-Liap duan) (fixed),13.789409_100.603244_Wt_KyWftT3wT57rMbG70eQ_210_2024-11.jpg,SAFE,None,13.75,13.75,0.0
lat phrao(chok chai 4-Liap duan) (fixed),13.789426_100.603563_wIN7SwpNIuoz2Tg_tK6Xrg_30_2024-11.jpg,SAFE,None,2.0,1.09,0.91
lat phrao(chok chai 4-Liap duan) (fixed),13.789453_100.603164_67sasy6uugnGL-SK-Exf2w_210_2024-11.jpg,SAFE,None,8.61,8.61,0.0
lat phrao(chok chai 4-Liap duan) (fixed),13.789496_100.603440_ZCu7FoWRdjTzHbParVAz0w_30_2024-11.jpg,SAFE,None,6.06,0.0,6.06
lat phrao(chok chai 4-Liap duan) (fixed),13.789500_100.603083_QomNy3L57MhOJt39PRRYVQ_210_2024-11.jpg,CRITICAL,SURFACE DAMAGE,52.05,11.43,40.62
lat phrao(chok chai 4-Liap duan) (fixed),13.789541_100.603359_eRM71tAx0JCcOTT9p8AXCw_30_2024-11.jpg,SAFE,None,0.0,0.0,0.0
lat phrao(chok chai 4-Liap duan) (fixed),13.789584_100.603278_VZ2ncS7pZjtr2sPp62JIzA_30_2024-11.jpg,SAFE,None,0.0,0.0,0.0
lat phrao(chok chai 4-Liap duan) (fixed),13.789591_100.602923_dGepfk5VR4K49j7MRMkb3A_210_2024-11.jpg,SAFE,None,2.63,2.63,0.0
lat phrao(chok chai 4-Liap duan) (fixed),13.789630_100.603197_mHkE3HsWht5snZJdFvC7Hw_30_2024-11.jpg,SAFE,None,0.0,0.0,0.0
lat phrao(chok chai 4-Liap duan) (fixed),13.789636_100.602842_qPR5huXxRmXptvQgV5YMcw_210_2024-11.jpg,SAFE,None,14.0,14.0,0.0
lat phrao(chok chai 4-Liap duan) (fixed),13.789677_100.603114_n_6qAxny4OQwU6nTNJuh0g_30_2024-11.jpg,SAFE,None,0.0,0.0,0.0
lat phrao(chok chai 4-Liap duan) (fixed),13.789682_100.602760_4dSV9WL_qq_8m8s8SzYuDg_210_2024-11.jpg,SAFE,None,3.94,1.92,2.02
lat phrao(chok chai 4-Liap duan) (fixed),13.789723_100.603032_HNf9i16FUO-tdQfzUFlVzQ_30_2024-11.jpg,SAFE,None,0.68,0.68,0.0
lat phrao(chok chai 4-Liap duan) (fixed),13.789727_100.602678_GTPz0m9nkZBYLttDx1DRkQ_210_2024-11.jpg,SAFE,None,0.0,0.0,0.0
lat phrao(chok chai 4-Liap duan) (fixed),13.789769_100.602951_rY4L29xxKike-JK3Z8GKkA_30_2024-11.jpg,SAFE,None,6.14,2.04,4.1
lat phrao(chok chai 4-Liap duan) (fixed),13.789772_100.602597_Q-s8AaMkN4m6UVwV16sVrg_210_2024-11.jpg,SAFE,None,3.01,0.59,2.42
lat phrao(chok chai 4-Liap duan) (fixed),13.789813_100.602870_PGJl3xf3AFQSHNWu2cPLuQ_30_2024-11.jpg,SAFE,None,2.0,2.0,0.0
lat phrao(chok chai 4-Liap duan) (fixed),13.789817_100.602517_EWHtU5MJkkJpOeOfZNvEJQ_210_2024-11.jpg,SAFE,None,4.91,4.91,0.0
lat phrao(chok chai 4-Liap duan) (fixed),13.789859_100.602788_ShSkwotKS9KKqi2Yge8cJg_30_2024-11.jpg,SAFE,None,1.24,1.24,0.0
lat phrao(chok chai 4-Liap duan) (fixed),13.789862_100.602434_j4peAV25xJ_ieIFhOmB7mg_210_2024-11.jpg,SAFE,None,0.0,0.0,0.0
lat phrao(chok chai 4-Liap duan) (fixed),13.789906_100.602704_RSwHx_vBM6xb9PhcUa9f1g_30_2024-11.jpg,SAFE,None,0.15,0.15,0.0
lat phrao(chok chai 4-Liap duan) (fixed),13.789907_100.602353_D2w5Sy95WR9J59TRQChcpA_210_2024-11.jpg,SAFE,None,1.21,1.21,0.0
lat phrao(chok chai 4-Liap duan) (fixed),13.789951_100.602272_ho5aee-EBK8R6BIyt-AOOA_210_2024-11.jpg,SAFE,None,0.85,0.85,0.0
lat phrao(chok chai 4-Liap duan) (fixed),13.789951_100.602622_ZRU40v0gxOdGn_SwlZve9A_30_2024-11.jpg,SAFE,None,4.29,4.29,0.0
lat phrao(chok chai 4-Liap duan) (fixed),13.789997_100.602190_RZxr_gtlHvn_3KoxAd3sMg_210_2024-11.jpg,SAFE,None,0.0,0.0,0.0
lat phrao(chok chai 4-Liap duan) (fixed),13.789997_100.602542_kBp-EUI1zxHM4-aIj3Pj7A_30_2024-11.jpg,SAFE,None,8.96,8.96,0.0
lat phrao(chok chai 4-Liap duan) (fixed),13.790042_100.602460_kmye3T8NKAsESrxSw3Bn5g_30_2024-11.jpg,SAFE,None,0.0,0.0,0.0
lat phrao(chok chai 4-Liap duan) (fixed),13.790043_100.602108_AsZpvwtUcqTxKusOVrsyxA_210_2024-11.jpg,CRITICAL,SURFACE DAMAGE,41.39,6.64,34.75
lat phrao(chok chai 4-Liap duan) (fixed),13.790089_100.602027_zt8LylnwkczTqUYBz5hb4w_210_2024-11.jpg,SAFE,None,10.73,0.0,10.73
lat phrao(chok chai 4-Liap duan) (fixed),13.790089_100.602380_ym0F2LKcXj7d3rN3Th0dmA_30_2024-11.jpg,SAFE,None,0.0,0.0,0.0
lat phrao(chok chai 4-Liap duan) (fixed),13.790134_100.602300__IKJUSYUkL9pmm1BwClahQ_30_2024-11.jpg,SAFE,None,2.89,2.89,0.0
lat phrao(chok chai 4-Liap duan) (fixed),13.790135_100.601948_V1ass3N3-tey-vNVA-nHTQ_210_2024-11.jpg,SAFE,None,1.14,1.14,0.0
lat phrao(chok chai 4-Liap duan) (fixed),13.790179_100.602220_-u8EwwiSAIKRR0OhaUIUhw_30_2024-11.jpg,SAFE,None,0.0,0.0,0.0
lat phrao(chok chai 4-Liap duan) (fixed),13.790182_100.601865_mH9QvQZeobc3adfxFCWCDw_210_2024-11.jpg,SAFE,None,2.0,2.0,0.0
lat phrao(chok chai 4-Liap duan) (fixed),13.790224_100.602141_IxQx9A6COlhY-zNus8OO1w_30_2024-11.jpg,SAFE,None,0.0,0.0,0.0
lat phrao(chok chai 4-Liap duan) (fixed),13.790226_100.601785_SyWTv-YEiMGZruQDjdnTbg_210_2024-11.jpg,SAFE,None,11.39,2.02,9.37
lat phrao(chok chai 4-Liap duan) (fixed),13.790269_100.602060_72X0CNgekLNXLf9-5Dl8Qg_30_2024-11.jpg,SAFE,None,1.4,1.4,0.0
lat phrao(chok chai 4-Liap duan) (fixed),13.790271_100.601704_9NkjMrAOP6YR5eimymWuIg_210_2024-11.jpg,SAFE,None,2.05,2.05,0.0
lat phrao(chok chai 4-Liap duan) (fixed),13.790315_100.601979_joGtr28vo48M-Y6hCPM9mg_30_2024-11.jpg,SAFE,None,2.96,2.96,0.0
lat phrao(chok chai 4-Liap duan) (fixed),13.790317_100.601621_Ns2-Pjh0iJxI6GmVQYS9DA_210_2024-11.jpg,SAFE,None,0.5,0.5,0.0
lat phrao(chok chai 4-Liap duan) (fixed),13.790359_100.601897_Ch40ghFJqG1rONbDBFOu6w_30_2024-11.jpg,SAFE,None,0.71,0.71,0.0
lat phrao(chok chai 4-Liap duan) (fixed),13.790363_100.601539__KSaMYwlJb5iNAHdddSfEg_210_2024-11.jpg,SAFE,None,0.83,0.83,0.0
lat phrao(chok chai 4-Liap duan) (fixed),13.790405_100.601814_mrul4DaS8B0ElddHE7U_Zw_30_2024-11.jpg,SAFE,None,1.42,1.42,0.0
lat phrao(chok chai 4-Liap duan) (fixed),13.790408_100.601458_8ecCEdvo3FYrGZ9_x1bFGg_210_2024-11.jpg,SAFE,None,0.0,0.0,0.0
lat phrao(chok chai 4-Liap duan) (fixed),13.790453_100.601376_B3uAhn3VWQnQaJEqfBqyUA_210_2024-11.jpg,SAFE,None,2.36,2.36,0.0
lat phrao(chok chai 4-Liap duan) (fixed),13.790477_100.601689_laGgCgpckpAnU-faDoYxpQ_30_2024-06.jpg,SAFE,None,0.23,0.23,0.0
lat phrao(chok chai 4-Liap duan) (fixed),13.790499_100.601294_XmcpmuOfiNVtSevfPEKdIQ_210_2024-11.jpg,SAFE,None,10.71,10.71,0.0
lat phrao(chok chai 4-Liap duan) (fixed),13.790519_100.601612_43Qw8OApfhLup_2ud2KdTQ_30_2024-11.jpg,SAFE,None,4.72,4.72,0.0
lat phrao(chok chai 4-Liap duan) (fixed),13.790544_100.601214_33a-oW0sokHnIL0lcHsLfA_210_2024-11.jpg,SAFE,None,2.09,2.09,0.0
lat phrao(chok chai 4-Liap duan) (fixed),13.790564_100.601529_-tKDvAxJprDFTU4UXnDDXg_30_2024-11.jpg,SAFE,None,6.23,6.23,0.0
lat phrao(chok chai 4-Liap duan) (fixed),13.790590_100.601131_sAssWPbzb5u-8Rv68ZCubw_210_2024-11.jpg,ERROR (No Sidewalk),SURFACE DAMAGE,-1,0.0,0.0
lat phrao(chok chai 4-Liap duan) (fixed),13.790608_100.601448_A2MUp8eEV3ZppWGJIKiOjw_30_2024-11.jpg,WARNING,OBSTACLE,23.44,23.44,0.0
lat phrao(chok chai 4-Liap duan) (fixed),13.790634_100.601052_-SoR8s3SALmkUnZd0WK-pA_210_2024-11.jpg,SAFE,None,3.36,3.36,0.0
lat phrao(chok chai 4-Liap duan) (fixed),13.790652_100.601367_6w5uYd4gxATPbgc6C_peuA_30_2024-11.jpg,CRITICAL,SURFACE DAMAGE,153.05,0.0,153.05
lat phrao(chok chai 4-Liap duan) (fixed),13.790679_100.600973_4Hbk4FkkTMMoJpjf9wPnhw_210_2024-11.jpg,SAFE,None,0.0,0.0,0.0
lat phrao(chok chai 4-Liap duan) (fixed),13.790696_100.601285_coGv2v642HzRGZI5VXB3uQ_30_2024-11.jpg,SAFE,None,0.38,0.38,0.0
lat phrao(chok chai 4-Liap duan) (fixed),13.790724_100.600892_x38yxXeseCJ0QMPw3iaFHQ_210_2024-11.jpg,SAFE,None,2.39,2.39,0.0
lat phrao(chok chai 4-Liap duan) (fixed),13.790741_100.601204_AaAOH1d12-bTGx7O1rv8tA_30_2024-11.jpg,CRITICAL,OBSTACLE,85.6,74.12,11.48
lat phrao(chok chai 4-Liap duan) (fixed),13.790769_100.600810_I-Nin2zlimHdMYq-3Y-bQg_210_2024-11.jpg,SAFE,None,13.36,13.36,0.0
lat phrao(chok chai 4-Liap duan) (fixed),13.790786_100.601123_8eL3reIgAWGgdfGSTCUrZQ_30_2024-11.jpg,SAFE,None,10.94,10.94,0.0
lat phrao(chok chai 4-Liap duan) (fixed),13.790812_100.600730_HztmhxLxlsqZpsfZ1GCEhg_210_2024-11.jpg,SAFE,None,1.77,1.77,0.0
lat phrao(chok chai 4-Liap duan) (fixed),13.790831_100.601041_8M1OnbG9WwEwrLTGqHuA_A_30_2024-11.jpg,CRITICAL,BOTH,249.25,43.28,205.97
lat phrao(chok chai 4-Liap duan) (fixed),13.790855_100.600652_fofm1NRIUMNYppqA5rXxzA_210_2024-11.jpg,CRITICAL,SURFACE DAMAGE,35.76,3.57,32.19
lat phrao(chok chai 4-Liap duan) (fixed),13.790878_100.600961_eiz8VniBGm9ZyblJbyIj-A_30_2024-11.jpg,SAFE,None,8.48,8.48,0.0
lat phrao(chok chai 4-Liap duan) (fixed),13.790897_100.600576_sTAfWOGkj9EwAUdpeKJMaw_210_2024-11.jpg,SAFE,None,3.58,3.58,0.0
lat phrao(chok chai 4-Liap duan) (fixed),13.790922_100.600880_c0N3yy6jeQqJIDcv0Q1JHg_30_2024-11.jpg,SAFE,None,4.11,3.11,1.01
lat phrao(chok chai 4-Liap duan) (fixed),13.790940_100.600499_H_jAu-3Fpl6qs5FM_ZGOzg_210_2024-11.jpg,SAFE,None,0.8,0.8,0.0
lat phrao(chok chai 4-Liap duan) (fixed),13.790969_100.600798_50lzYDRfzTv-6Es7Zdqy0g_30_2024-11.jpg,SAFE,None,6.68,1.47,5.21
lat phrao(chok chai 4-Liap duan) (fixed),13.790982_100.600424_on-K-He2H6yhtvzAhjr2Hg_210_2024-11.jpg,SAFE,None,0.0,0.0,0.0
lat phrao(chok chai 4-Liap duan) (fixed),13.791015_100.600716_0dBjMYDYyWG2reobTdheSQ_30_2024-11.jpg,WARNING,OBSTACLE,29.3,29.3,0.0
lat phrao(chok chai 4-Liap duan) (fixed),13.791026_100.600349_rFQ265gQ_pa2e4rAYTg46g_211_2024-11.jpg,SAFE,None,9.58,9.58,0.0
lat phrao(chok chai 4-Liap duan) (fixed),13.791050_100.600305_Fn7ORqA2qspLW2fHO5DZQA_210_2024-11.jpg,SAFE,None,16.63,16.63,0.0
lat phrao(chok chai 4-Liap duan) (fixed),13.791062_100.600635_L-eFkXJH79cV3Cndragk9Q_30_2024-11.jpg,SAFE,None,0.94,0.94,0.0
lat phrao(chok chai 4-Liap duan) (fixed),13.791100_100.600215_v_9jgbUMUNrdtHc9GsL1UA_210_2024-11.jpg,SAFE,None,0.0,0.0,0.0
lat phrao(chok chai 4-Liap duan) (fixed),13.791107_100.600554_YtGKBfZy3mT7aurZYCmLDg_30_2024-11.jpg,SAFE,None,0.0,0.0,0.0
lat phrao(chok chai 4-Liap duan) (fixed),13.791145_100.600133_oD40OuZn3IwCoh68rnktUQ_210_2024-11.jpg,WARNING,OBSTACLE,34.22,34.22,0.0
lat phrao(chok chai 4-Liap duan) (fixed),13.791152_100.600472_GOk1fr6rCBUZobrf2Hm1Fg_30_2024-11.jpg,SAFE,None,0.0,0.0,0.0
lat phrao(chok chai 4-Liap duan) (fixed),13.791188_100.600056_IwoncT3zcCsoVXAtOapdJA_210_2024-11.jpg,SAFE,None,7.28,0.0,7.28
lat phrao(chok chai 4-Liap duan) (fixed),13.791197_100.600389_EJmdkckJ-gSsvMPwJybipQ_30_2024-11.jpg,SAFE,None,3.32,2.13,1.18
lat phrao(chok chai 4-Liap duan) (fixed),13.791236_100.599971_53yVfeA5HgAYXCCA65GEvw_210_2024-11.jpg,SAFE,None,13.5,13.5,0.0
lat phrao(chok chai 4-Liap duan) (fixed),13.791243_100.600307_kgkCyPR2fCBg5-C8cNjeXw_30_2024-11.jpg,SAFE,None,0.0,0.0,0.0
lat phrao(chok chai 4-Liap duan) (fixed),13.791280_100.599888_2YZgEk9GqBZuEc2in6ie7w_210_2024-11.jpg,SAFE,None,5.97,5.97,0.0
lat phrao(chok chai 4-Liap duan) (fixed),13.791290_100.600226_JJcuZm5yPCgFU8h-v7PfEg_30_2024-11.jpg,SAFE,None,12.12,7.94,4.18
lat phrao(chok chai 4-Liap duan) (fixed),13.791323_100.599771_PnA0zZw9SrQPtb-7BrEbkQ_210_2024-11.jpg,SAFE,None,0.0,0.0,0.0
lat phrao(chok chai 4-Liap duan) (fixed),13.791334_100.600145_j1MMDp4KbX6N2yJStk7S4Q_30_2024-11.jpg,SAFE,None,3.36,3.36,0.0
lat phrao(chok chai 4-Liap duan) (fixed),13.791380_100.600062_tQY5WlKYTVGbh5xY-NHNzQ_30_2024-11.jpg,SAFE,None,2.67,1.69,0.98
lat phrao(chok chai 4-Liap duan) (fixed),13.791426_100.599978_qLMlNY-2kusvp0wFq9PJrw_30_2024-11.jpg,WARNING,SURFACE DAMAGE,25.31,2.66,22.65
lat phrao(chok chai 4-Liap duan) (fixed),13.791435_100.599611_x42aU7u5BxKA74k9IKTBUg_210_2024-06.jpg,SAFE,None,0.0,0.0,0.0
lat phrao(chok chai 4-Liap duan) (fixed),13.791471_100.599895_h-tgcjWP3Qt5AiR3-ILR0A_30_2024-11.jpg,SAFE,None,1.2,1.2,0.0
lat phrao(chok chai 4-Liap duan) (fixed),13.791484_100.599525_HuwaqeGTraNNG1e6dj8XzA_210_2024-06.jpg,SAFE,None,0.0,0.0,0.0
lat phrao(chok chai 4-Liap duan) (fixed),13.791494_100.599853_sEnKlx_8U7iTRoVFViJVYw_30_2024-11.jpg,SAFE,None,3.86,3.86,0.0
lat phrao(chok chai 4-Liap duan) (fixed),13.791532_100.599440_oTnu97zC7JLBh8gsUuNqBQ_210_2024-06.jpg,SAFE,None,0.8,0.8,0.0
lat phrao(chok chai 4-Liap duan) (fixed),13.791542_100.599768_kNJNyW4eCxJjBKVBk7tTxQ_29_2024-11.jpg,SAFE,None,0.0,0.0,0.0
lat phrao(chok chai 4-Liap duan) (fixed),13.791580_100.599357_2GDstc89xKS4DsWIILD2zg_210_2024-06.jpg,SAFE,None,0.0,0.0,0.0
lat phrao(chok chai 4-Liap duan) (fixed),13.791586_100.599684_YAwTFwoDtcCPBx5LiQhVxQ_30_2024-11.jpg,SAFE,None,5.17,5.17,0.0
lat phrao(chok chai 4-Liap duan) (fixed),13.791626_100.599273_Pehj60KVGZKizRecZgaq4A_210_2024-06.jpg,SAFE,None,9.73,3.48,6.25
lat phrao(chok chai 4-Liap duan) (fixed),13.791632_100.599601_FdN6wUbIMnpTktGVzOXTMw_30_2024-11.jpg,SAFE,None,5.2,5.2,0.0
lat phrao(chok chai 4-Liap duan) (fixed),13.791673_100.599190_E4Zqs251GpKlaozvba6E8A_210_2024-06.jpg,SAFE,None,9.79,1.95,7.84
lat phrao(chok chai 4-Liap duan) (fixed),13.791682_100.599513_luPdG1oHDH9_B3p1uVfO0w_30_2024-11.jpg,SAFE,None,0.0,0.0,0.0
lat phrao(chok chai 4-Liap duan) (fixed),13.791717_100.599108_ZNP7hBZpgtxPl_frzo0L0A_210_2024-06.jpg,SAFE,None,0.34,0.34,0.0
lat phrao(chok chai 4-Liap duan) (fixed),13.791730_100.599430_zpgeMjKhJkiAk4H00w5Mzg_30_2024-11.jpg,SAFE,None,8.83,4.26,4.57
lat phrao(chok chai 4-Liap duan) (fixed),13.791764_100.599025_xWRtJutcEmQbLFeuBQCxEg_210_2024-06.jpg,CRITICAL,SURFACE DAMAGE,41.78,1.13,40.65
lat phrao(chok chai 4-Liap duan) (fixed),13.791772_100.599356_EI4zo2p62BNVQiAg58sdlQ_30_2024-11.jpg,SAFE,None,0.88,0.0,0.88
lat phrao(chok chai 4-Liap duan) (fixed),13.791810_100.598942_u3E-gDspCZpICZkiOYziRg_210_2024-06.jpg,SAFE,None,1.27,1.27,0.0
lat phrao(chok chai 4-Liap duan) (fixed),13.791816_100.599280_iFbyTY6I62NP9muJAqTzHg_30_2024-11.jpg,SAFE,None,10.18,1.05,9.13
lat phrao(chok chai 4-Liap duan) (fixed),13.791856_100.598860_EzxUUBOvLynloYcjSy3Jfw_210_2024-06.jpg,SAFE,None,0.0,0.0,0.0
lat phrao(chok chai 4-Liap duan) (fixed),13.791861_100.599201_JqZlI89fQdDAL4gNCYuZRg_30_2024-11.jpg,SAFE,None,0.49,0.49,0.0
lat phrao(chok chai 4-Liap duan) (fixed),13.791902_100.598777_xqT8M9IljWDeD6cJm6rjqQ_210_2024-06.jpg,SAFE,None,0.89,0.89,0.0
lat phrao(chok chai 4-Liap duan) (fixed),13.791906_100.599121_9pFBtEj69cnAwznhdpqJew_30_2024-11.jpg,SAFE,None,12.63,0.9,11.73
lat phrao(chok chai 4-Liap duan) (fixed),13.791947_100.598697_VddVKIVoz-frQiKRTmUDng_210_2024-06.jpg,SAFE,None,1.42,1.42,0.0
lat phrao(chok chai 4-Liap duan) (fixed),13.791950_100.599040_g1yZluVKVYvOkRHRuKQBVg_30_2024-11.jpg,SAFE,None,6.24,6.24,0.0
lat phrao(chok chai 4-Liap duan) (fixed),13.791993_100.598615_L3PhpkIJuadFOqHHNk7HfQ_210_2024-06.jpg,SAFE,None,7.53,0.88,6.65
lat phrao(chok chai 4-Liap duan) (fixed),13.791994_100.598959_8HDk0SQKOYkC_jKroY3SWQ_30_2024-11.jpg,SAFE,None,0.0,0.0,0.0
lat phrao(chok chai 4-Liap duan) (fixed),13.792039_100.598533_zysg_QG5gagUUZY7VEEPbQ_210_2024-06.jpg,SAFE,None,0.0,0.0,0.0
lat phrao(chok chai 4-Liap duan) (fixed),13.792039_100.598877_JwgvMoekagdoAv1LfmTCsA_30_2024-11.jpg,SAFE,None,0.71,0.71,0.0
lat phrao(chok chai 4-Liap duan) (fixed),13.792084_100.598452_yjCWPbfXkIgcGIDwBb8RZw_210_2024-06.jpg,CRITICAL,SURFACE DAMAGE,45.57,2.71,42.86
lat phrao(chok chai 4-Liap duan) (fixed),13.792084_100.598796_UclhuqHk1fdXKvzYiDuX7w_30_2024-11.jpg,SAFE,None,0.23,0.23,0.0
lat phrao(chok chai 4-Liap duan) (fixed),13.792128_100.598716_yuaLhSbi2QhzlnR64kGo6Q_30_2024-11.jpg,SAFE,None,1.63,1.63,0.0
lat phrao(chok chai 4-Liap duan) (fixed),13.792130_100.598369_2Mqd9aAd652Ou1DepRLang_210_2024-06.jpg,SAFE,None,0.84,0.84,0.0
lat phrao(chok chai 4-Liap duan) (fixed),13.792174_100.598634_au5l0SGFW7kAo8AjTu0_SQ_30_2024-11.jpg,SAFE,None,0.0,0.0,0.0
lat phrao(chok chai 4-Liap duan) (fixed),13.792176_100.598287_ja0OWg-y7Wcc9916LE3FXg_210_2024-06.jpg,SAFE,None,3.43,3.43,0.0
lat phrao(chok chai 4-Liap duan) (fixed),13.792219_100.598553_AX8ytGnNzg37hLoVFuFl5Q_30_2024-11.jpg,SAFE,None,1.36,1.36,0.0
lat phrao(chok chai 4-Liap duan) (fixed),13.792224_100.598205_I3Pu5Iss8Wy0QZfhuQrRvw_210_2024-06.jpg,SAFE,None,0.0,0.0,0.0
lat phrao(chok chai 4-Liap duan) (fixed),13.792265_100.598471_KvGG2hb64zjOvAZaxeBLsw_30_2024-11.jpg,WARNING,OBSTACLE,21.91,21.91,0.0
lat phrao(chok chai 4-Liap duan) (fixed),13.792270_100.598124_olzV29tOEiK_StNj4YJrlw_210_2024-06.jpg,SAFE,None,0.0,0.0,0.0
lat phrao(chok chai 4-Liap duan) (fixed),13.792310_100.598391_er7ZWYSsJmgrf7Obmco37A_30_2024-11.jpg,SAFE,None,0.31,0.31,0.0
lat phrao(chok chai 4-Liap duan) (fixed),13.792314_100.598043_p9gf4a6wBCOKnSXA7oVL-A_210_2024-06.jpg,SAFE,None,18.66,18.66,0.0
lat phrao(chok chai 4-Liap duan) (fixed),13.792356_100.598311_kXP2TOvIcDDO4zMlB2jOHg_30_2024-11.jpg,SAFE,None,3.56,3.56,0.0
lat phrao(chok chai 4-Liap duan) (fixed),13.792360_100.597961_GJ9zD_tEKlAdcj3mAI6BSw_210_2024-06.jpg,SAFE,None,10.18,10.18,0.0
lat phrao(chok chai 4-Liap duan) (fixed),13.792379_100.598271_mbOijARFJtnTapOA99qtvg_30_2024-11.jpg,SAFE,None,16.62,16.62,0.0
lat phrao(chok chai 4-Liap duan) (fixed),13.792404_100.597880_dHvAS3rH6pCASHuVF-ZJRA_209_2024-06.jpg,SAFE,None,0.0,0.0,0.0
lat phrao(chok chai 4-Liap duan) (fixed),13.792426_100.598189_H-bj93CwQ8mqcqbz6bipAQ_30_2024-11.jpg,SAFE,None,11.27,11.27,0.0
lat phrao(chok chai 4-Liap duan) (fixed),13.792447_100.597802_LHwz438gRicEDs3bKRLG4w_210_2024-06.jpg,SAFE,None,2.04,2.04,0.0
lat phrao(chok chai 4-Liap duan) (fixed),13.792470_100.598109_UHHUd4Vxm1EjqvpG9bQH_A_30_2024-11.jpg,SAFE,None,15.85,15.85,0.0
lat phrao(chok chai 4-Liap duan) (fixed),13.792487_100.597727_9HXg84Q_szg05pD_BI9mHA_210_2024-06.jpg,SAFE,None,10.11,10.11,0.0
lat phrao(chok chai 4-Liap duan) (fixed),13.792516_100.598028_WqTN48zdtr-j9Hk1xYfPXg_30_2024-11.jpg,SAFE,None,0.0,0.0,0.0
lat phrao(chok chai 4-Liap duan) (fixed),13.792583_100.597907_cHtvld877--Jbcvx1CtEZA_30_2024-11.jpg,SAFE,None,0.0,0.0,0.0
lat phrao(chok chai 4-Liap duan) (fixed),13.792596_100.597537_Ti9UdhmDUXvYQT3pcU3r8A_210_2024-06.jpg,SAFE,None,3.87,3.87,0.0
lat phrao(chok chai 4-Liap duan) (fixed),13.792627_100.597827_-9OW6AMFaK2k5SAZeaaHug_30_2024-11.jpg,SAFE,None,0.46,0.46,0.0
lat phrao(chok chai 4-Liap duan) (fixed),13.792650_100.597446_RdTSZXsQmjlyhsL3MDQwYw_210_2024-06.jpg,WARNING,OBSTACLE,23.07,20.05,3.02
lat phrao(chok chai 4-Liap duan) (fixed),13.792673_100.597746_SoM0FCRPv7_SYI5yLcEXHA_30_2024-11.jpg,SAFE,None,0.0,0.0,0.0
lat phrao(chok chai 4-Liap duan) (fixed),13.792699_100.597361_UAYUOthgXxiOUuTa7vTkPw_210_2024-06.jpg,SAFE,None,2.62,2.62,0.0
lat phrao(chok chai 4-Liap duan) (fixed),13.792718_100.597666_3oVeBllyZXAUAewKDxwZIA_30_2024-11.jpg,SAFE,None,2.5,2.5,0.0
lat phrao(chok chai 4-Liap duan) (fixed),13.792745_100.597278_QADJJ8VEaM2BxDAoaCJtuA_210_2024-06.jpg,SAFE,None,6.47,6.47,0.0
lat phrao(chok chai 4-Liap duan) (fixed),13.792763_100.597585_Br2Qrazl6CRrIUrECKvaWg_30_2024-11.jpg,SAFE,None,3.42,0.0,3.42
lat phrao(chok chai 4-Liap duan) (fixed),13.792792_100.597195_4o3jXxGZOLZgyfje8flIGw_210_2024-06.jpg,SAFE,None,5.56,5.56,0.0
lat phrao(chok chai 4-Liap duan) (fixed),13.792811_100.597503_sHued1URhMznhWFOU30N2g_30_2024-11.jpg,SAFE,None,0.0,0.0,0.0
lat phrao(chok chai 4-Liap duan) (fixed),13.792856_100.597422_Yg9XRPXHHCTYW3ytQsQI7w_30_2024-11.jpg,SAFE,None,6.79,5.87,0.92
lat phrao(chok chai 4-Liap duan) (fixed),13.792863_100.597072_1VlEVRLlgkQrN2gA2IC54A_210_2024-06.jpg,SAFE,None,1.45,1.45,0.0
lat phrao(chok chai 4-Liap duan) (fixed),13.792901_100.597340_S30xZRqXcqNjDO6KeJ5LiA_30_2024-11.jpg,SAFE,None,0.0,0.0,0.0
lat phrao(chok chai 4-Liap duan) (fixed),13.792910_100.596990_Pl0cC1m1byRRBovT3W0MuQ_210_2024-06.jpg,SAFE,None,14.28,14.28,0.0
lat phrao(chok chai 4-Liap duan) (fixed),13.792946_100.597258_6F1ZFMDq_o1aZydlF-qKbw_30_2024-11.jpg,SAFE,None,2.61,2.61,0.0
lat phrao(chok chai 4-Liap duan) (fixed),13.792957_100.596910_zEGLkYufRLRnzGtjRzFBXg_210_2024-06.jpg,SAFE,None,0.78,0.78,0.0
lat phrao(chok chai 4-Liap duan) (fixed),13.792991_100.597177_KBWUFPQO0t0tT2VgS0TEqw_30_2024-11.jpg,SAFE,None,1.03,1.03,0.0
lat phrao(chok chai 4-Liap duan) (fixed),13.793004_100.596829_Wy8SoTnazkpbMXl4F5Tf5w_210_2024-06.jpg,SAFE,None,0.0,0.0,0.0
lat phrao(chok chai 4-Liap duan) (fixed),13.793014_100.597136_nHEx_DaK-w1Nog51_9f6Cw_30_2024-11.jpg,SAFE,None,0.2,0.2,0.0
lat phrao(chok chai 4-Liap duan) (fixed),13.793054_100.596747_lQ05cympaQJeRPgRzkKq9w_210_2024-06.jpg,SAFE,None,12.82,12.82,0.0
lat phrao(chok chai 4-Liap duan) (fixed),13.793074_100.597049__7LopH4hYotUwucXhoQuuQ_30_2024-06.jpg,SAFE,None,0.94,0.94,0.0
lat phrao(chok chai 4-Liap duan) (fixed),13.793103_100.596666_HDhXkYKxj_cxeBODREXZMw_212_2024-06.jpg,SAFE,None,5.04,5.04,0.0
lat phrao(chok chai 4-Liap duan) (fixed),13.793104_100.596971_5HhDznee9lAnn3RmZEh6Jg_30_2024-11.jpg,SAFE,None,0.0,0.0,0.0
lat phrao(chok chai 4-Liap duan) (fixed),13.793150_100.596889_G9Yr9m3ggp8boMMNdMRecg_30_2024-11.jpg,SAFE,None,5.64,5.64,0.0
lat phrao(chok chai 4-Liap duan) (fixed),13.793152_100.596584_eecYwyIQm0SSdSO4-pzAPA_210_2024-06.jpg,SAFE,None,4.95,2.92,2.03
lat phrao(chok chai 4-Liap duan) (fixed),13.793196_100.596807_Lmt5UFXTVE5ZyKAvwVl6eQ_30_2024-11.jpg,SAFE,None,17.55,6.68,10.87
lat phrao(chok chai 4-Liap duan) (fixed),13.793201_100.596502_hsEIcBXhW24dmrO_1HlOpw_210_2024-06.jpg,SAFE,None,4.66,4.66,0.0
lat phrao(chok chai 4-Liap duan) (fixed),13.793243_100.596727_xmPmEbS4vKfIAa2jr7Cgog_30_2024-11.jpg,SAFE,None,0.0,0.0,0.0
lat phrao(chok chai 4-Liap duan) (fixed),13.793248_100.596421_5ukzh0T_voffH2w3r-hEZQ_210_2024-06.jpg,SAFE,None,0.63,0.63,0.0
lat phrao(chok chai 4-Liap duan) (fixed),13.793291_100.596642_a0wltBzNOcyWClh262rhBA_30_2024-11.jpg,SAFE,None,1.13,1.13,0.0
lat phrao(chok chai 4-Liap duan) (fixed),13.793296_100.596339_GMpBA05_0XTzVQnUx1YolA_210_2024-06.jpg,SAFE,None,0.93,0.93,0.0
lat phrao(chok chai 4-Liap duan) (fixed),13.793338_100.596559_s1VU6mMpAALZDFA_GKDMYw_30_2024-11.jpg,SAFE,None,0.0,0.0,0.0
lat phrao(chok chai 4-Liap duan) (fixed),13.793343_100.596257_TakI3LkIy6LhF4b-hQIU3A_210_2024-06.jpg,SAFE,None,3.44,3.44,0.0
lat phrao(chok chai 4-Liap duan) (fixed),13.793383_100.596479_odQYRoPyQ5yoSW3n5w2WUQ_30_2024-11.jpg,SAFE,None,6.76,0.0,6.76
lat phrao(chok chai 4-Liap duan) (fixed),13.793389_100.596176_Utfl7fvspF0-KSXEv1zlTQ_210_2024-06.jpg,SAFE,None,0.74,0.74,0.0
lat phrao(chok chai 4-Liap duan) (fixed),13.793426_100.596400_F2wlQJTB4oUqeVAh0nHbfg_30_2024-11.jpg,CRITICAL,OBSTACLE,61.3,48.62,12.68
lat phrao(chok chai 4-Liap duan) (fixed),13.793432_100.596094_w6fqE-0B9SVtcCsSgy9Ouw_210_2024-06.jpg,SAFE,None,2.17,2.17,0.0
lat phrao(chok chai 4-Liap duan) (fixed),13.793470_100.596322_fPBpVFEg-zyHirKrO-Jc2w_30_2024-11.jpg,SAFE,None,1.86,1.86,0.0
lat phrao(chok chai 4-Liap duan) (fixed),13.793472_100.596011_9CHFIXYCwyu4s1CVLoPROQ_210_2024-06.jpg,SAFE,None,0.76,0.76,0.0
lat phrao(chok chai 4-Liap duan) (fixed),13.793514_100.596241_J9fUxc54mg8is-VFAWMq6Q_30_2024-11.jpg,SAFE,None,4.77,4.77,0.0
lat phrao(chok chai 4-Liap duan) (fixed),13.793533_100.595883_h50AqN9b_WYbFuGvLu8Q7A_210_2024-06.jpg,SAFE,None,6.42,6.42,0.0
lat phrao(chok chai 4-Liap duan) (fixed),13.793559_100.596160_sxYW08ujJB6UyItLk0kZTA_30_2024-11.jpg,SAFE,None,0.0,0.0,0.0
lat phrao(chok chai 4-Liap duan) (fixed),13.793575_100.595799_PcFV1t2-83xLAKFn-k1UFA_210_2024-06.jpg,SAFE,None,1.64,1.64,0.0
lat phrao(chok chai 4-Liap duan) (fixed),13.793604_100.596080_PvnDpFJSUUk9vpdsTBRiLw_30_2024-11.jpg,SAFE,None,5.17,0.63,4.53
lat phrao(chok chai 4-Liap duan) (fixed),13.793618_100.595717_936u6sUA4WWJliefyGbIbw_210_2024-06.jpg,SAFE,None,0.0,0.0,0.0
lat phrao(chok chai 4-Liap duan) (fixed),13.793647_100.595998_kciNsLOu4EUJ1yhhY8npEg_30_2024-11.jpg,SAFE,None,5.63,0.93,4.7
lat phrao(chok chai 4-Liap duan) (fixed),13.793663_100.595635_xGGTL_l2CihvoiHH4Cxl0w_210_2024-06.jpg,SAFE,None,3.96,0.0,3.96
lat phrao(chok chai 4-Liap duan) (fixed),13.793691_100.595917_ISMTyBjXIEnLwdvOSx4kKQ_30_2024-11.jpg,SAFE,None,4.29,4.29,0.0
lat phrao(chok chai 4-Liap duan) (fixed),13.793708_100.595554_LhuEXIPEgcQ8wMgCV0dtsg_210_2024-06.jpg,SAFE,None,1.18,1.18,0.0
lat phrao(chok chai 4-Liap duan) (fixed),13.793733_100.595834_bAxXwhPpH66KoHsBcfB3EQ_30_2024-11.jpg,SAFE,None,0.0,0.0,0.0
lat phrao(chok chai 4-Liap duan) (fixed),13.793754_100.595473_hz91IpUjz4CHuaCTSd9JAQ_210_2024-06.jpg,SAFE,None,1.69,1.69,0.0
lat phrao(chok chai 4-Liap duan) (fixed),13.793772_100.595751_HGROfZwx5PhWBpj0W5wGoA_30_2024-11.jpg,WARNING,OBSTACLE,26.42,26.42,0.0
lat phrao(chok chai 4-Liap duan) (fixed),13.793799_100.595391_MRJyuqfJOoABww8xjtkVyw_210_2024-06.jpg,SAFE,None,5.54,0.3,5.25
lat phrao(chok chai 4-Liap duan) (fixed),13.793814_100.595670_Xg7FkeIcHxgPaUn3bKb7-Q_30_2024-11.jpg,SAFE,None,12.04,12.04,0.0
lat phrao(chok chai 4-Liap duan) (fixed),13.793845_100.595310_cLXLthS9E_fo7E_e2n_KeQ_210_2024-06.jpg,SAFE,None,2.19,2.19,0.0
lat phrao(chok chai 4-Liap duan) (fixed),13.793857_100.595589_fNTLjyFkinBo1VDHQo6S_A_30_2024-11.jpg,SAFE,None,5.85,5.85,0.0
lat phrao(chok chai 4-Liap duan) (fixed),13.793890_100.595228_qFNf_5Oj7fF08jG0yLc_mQ_210_2024-06.jpg,SAFE,None,0.31,0.31,0.0
lat phrao(chok chai 4-Liap duan) (fixed),13.793901_100.595509_0U1BhMdru1cyzUI68XZyBA_30_2024-11.jpg,SAFE,None,0.0,0.0,0.0
lat phrao(chok chai 4-Liap duan) (fixed),13.793937_100.595146_3iXQy3NdbzW6qahwi5TweA_210_2024-06.jpg,SAFE,None,12.43,12.43,0.0
lat phrao(chok chai 4-Liap duan) (fixed),13.793946_100.595427_24es04HPl1DwamXhq1U8hA_30_2024-11.jpg,SAFE,None,7.37,7.37,0.0
lat phrao(chok chai 4-Liap duan) (fixed),13.793982_100.595064_Gwvk3lBEGPOWFud_Flz9yA_210_2024-06.jpg,SAFE,None,2.9,2.9,0.0
lat phrao(chok chai 4-Liap duan) (fixed),13.793992_100.595346_Ic-CippnRXf4353W_wYX7Q_30_2024-11.jpg,SAFE,None,2.36,2.36,0.0
lat phrao(chok chai 4-Liap duan) (fixed),13.794028_100.594982_h7AaeNxsz4Zx8VdV9aaKNA_210_2024-06.jpg,SAFE,None,0.0,0.0,0.0
lat phrao(chok chai 4-Liap duan) (fixed),13.794038_100.595265_Caq4fqAjc_86irlrBPSXwQ_30_2024-11.jpg,SAFE,None,5.46,5.46,0.0
lat phrao(chok chai 4-Liap duan) (fixed),13.794074_100.594900_uNbyl_h0ZJIuvtyOqjQykw_209_2024-06.jpg,SAFE,None,6.66,6.66,0.0
lat phrao(chok chai 4-Liap duan) (fixed),13.794083_100.595183_4Opftc5hUc9wYeXskZf-4Q_30_2024-11.jpg,WARNING,OBSTACLE,20.93,20.93,0.0
lat phrao(chok chai 4-Liap duan) (fixed),13.794119_100.594819_hwnFts206yhkFAOI-euazQ_209_2024-06.jpg,SAFE,None,1.73,1.73,0.0
lat phrao(chok chai 4-Liap duan) (fixed),13.794129_100.595101_yVqCC06tb2tzV6q_PGI33g_30_2024-11.jpg,SAFE,None,10.61,10.61,0.0
lat phrao(chok chai 4-Liap duan) (fixed),13.794165_100.594737_DxAfqush4yzfUWkLOvAXXw_209_2024-06.jpg,SAFE,None,0.37,0.37,0.0
lat phrao(chok chai 4-Liap duan) (fixed),13.794175_100.595019_nSTDmZYOtfHxbGlEETG_ZQ_30_2024-11.jpg,SAFE,None,0.0,0.0,0.0
lat phrao(chok chai 4-Liap duan) (fixed),13.794210_100.594655_TW7_qVjeQGQNXiMIkukcBA_209_2024-06.jpg,SAFE,None,0.0,0.0,0.0
lat phrao(chok chai 4-Liap duan) (fixed),13.794221_100.594937_bfNONUBcf-Y0f4cedSVRAg_30_2024-11.jpg,SAFE,None,0.0,0.0,0.0
lat phrao(chok chai 4-Liap duan) (fixed),13.794256_100.594574_NPMkdpRPhELhqdmujcJimQ_210_2024-06.jpg,SAFE,None,0.0,0.0,0.0
lat phrao(chok chai 4-Liap duan) (fixed),13.794268_100.594855_wk812i9Beh4sT63tQsVIVg_30_2024-11.jpg,SAFE,None,3.87,3.87,0.0
lat phrao(chok chai 4-Liap duan) (fixed),13.794314_100.594773_QjmvrXvVeJf911Jd36GRzg_30_2024-11.jpg,SAFE,None,3.29,3.29,0.0
lat phrao(chok chai 4-Liap duan) (fixed),13.794360_100.594690_zb6RCz6dvYhgWPpPH6qXPA_30_2024-11.jpg,SAFE,None,0.64,0.0,0.64
lat phrao(chok chai 4-Liap duan) (fixed),13.794408_100.594610_yavQdnVzjsrJ-2n5exWDrQ_32_2024-11.jpg,SAFE,None,0.0,0.0,0.0
lat phrao(hayaek-ratchada) (fixed),13.805358_100.574730_uklLQ8W2ih9Y2G8awf7FZQ_212_2024-11.jpg,SAFE,None,1.4,1.4,0.0
lat phrao(hayaek-ratchada) (fixed),13.805408_100.574645_kMrMN4dP2-tG_9EeJEOTnA_211_2024-11.jpg,SAFE,None,0.67,0.67,0.0
lat phrao(hayaek-ratchada) (fixed),13.805455_100.574560_ee816TeEzJShPBOuSQHoCg_211_2024-11.jpg,SAFE,None,0.97,0.97,0.0
lat phrao(hayaek-ratchada) (fixed),13.805501_100.574477_nlc-uB4Csi-k14MfNFiMzg_211_2024-11.jpg,SAFE,None,10.09,8.38,1.72
lat phrao(hayaek-ratchada) (fixed),13.805547_100.574395_o0rUjMTvB0r_vdDaXurZ9Q_210_2024-11.jpg,SAFE,None,9.88,9.88,0.0
lat phrao(hayaek-ratchada) (fixed),13.805592_100.574314_Y7QR_Dl-WtEDpHkJTDkC5Q_210_2024-11.jpg,SAFE,None,3.42,3.42,0.0
lat phrao(hayaek-ratchada) (fixed),13.805636_100.574234_pntP7wskbkqiUH86SFfYxQ_210_2024-11.jpg,SAFE,None,0.88,0.88,0.0
lat phrao(hayaek-ratchada) (fixed),13.805682_100.574153_cjeIVi9ZFgDzJHeI7BtVMw_210_2024-11.jpg,SAFE,None,11.65,10.85,0.8
lat phrao(hayaek-ratchada) (fixed),13.805727_100.574074_jw-rRPj__UoFyFGh5ULS-g_210_2024-11.jpg,SAFE,None,0.0,0.0,0.0
lat phrao(hayaek-ratchada) (fixed),13.805772_100.573994_0n_qvBmuWMiaFs-JBaY97w_210_2024-11.jpg,SAFE,None,13.04,13.04,0.0
lat phrao(hayaek-ratchada) (fixed),13.805816_100.573914_MzfGYRUBRXFJUHCaiONEJQ_210_2024-11.jpg,SAFE,None,4.36,4.36,0.0
lat phrao(hayaek-ratchada) (fixed),13.805839_100.573874_GpyfiGGOHnn5sD2lGWtt0Q_210_2024-11.jpg,SAFE,None,4.65,0.0,4.65
lat phrao(hayaek-ratchada) (fixed),13.805886_100.573789_E2kSJXqf8fqU8mts-_ZTHg_210_2024-11.jpg,SAFE,None,1.72,1.72,0.0
lat phrao(hayaek-ratchada) (fixed),13.805934_100.573704_zDWsqtPf6ahHaqanqJiEnQ_210_2024-11.jpg,SAFE,None,0.0,0.0,0.0
lat phrao(hayaek-ratchada) (fixed),13.805979_100.573622_0wZ31WlWbYIHhXuYOAzohA_210_2024-11.jpg,SAFE,None,1.31,1.31,0.0
lat phrao(hayaek-ratchada) (fixed),13.805992_100.573928_87xTYWvPk3LyHtJaIuXpxw_28_2024-11.jpg,SAFE,None,8.28,8.28,0.0
lat phrao(hayaek-ratchada) (fixed),13.806025_100.573541_2MEgnnmsDFbNwcY694SmvQ_210_2024-11.jpg,SAFE,None,4.1,4.1,0.0
lat phrao(hayaek-ratchada) (fixed),13.806034_100.573846_g90ypYocqZHfyRmiLT8ufg_31_2024-11.jpg,SAFE,None,0.0,0.0,0.0
lat phrao(hayaek-ratchada) (fixed),13.806071_100.573458_HdfAXymtSjmupR8ISiPJkQ_210_2024-11.jpg,SAFE,None,1.68,1.68,0.0
lat phrao(hayaek-ratchada) (fixed),13.806076_100.573765_7ZC1cx9OaT4UdV-FOUZLMw_31_2024-11.jpg,SAFE,None,7.26,7.26,0.0
lat phrao(hayaek-ratchada) (fixed),13.806117_100.573379_ceU-KyjQCrkz_7D6kBoSvw_210_2024-11.jpg,SAFE,None,1.33,1.33,0.0
lat phrao(hayaek-ratchada) (fixed),13.806119_100.573684_4Ql1I1MwlpDnP-CjZA-CdQ_31_2024-11.jpg,CRITICAL,OBSTACLE,57.01,57.01,0.0
lat phrao(hayaek-ratchada) (fixed),13.806162_100.573603_PYsyCVVvPfaMkg_sxKdRjQ_30_2024-11.jpg,SAFE,None,0.0,0.0,0.0
lat phrao(hayaek-ratchada) (fixed),13.806164_100.573301_w-u3831PfAwBVXbjiHwR1w_210_2024-11.jpg,SAFE,None,0.92,0.92,0.0
lat phrao(hayaek-ratchada) (fixed),13.806206_100.573521_FojFaKU7CiRiWKBA5MdIeg_29_2024-11.jpg,SAFE,None,0.0,0.0,0.0
lat phrao(hayaek-ratchada) (fixed),13.806212_100.573221_JJbMp5nEjLDZKLKYcvHZjw_210_2024-11.jpg,SAFE,None,5.96,5.96,0.0
lat phrao(hayaek-ratchada) (fixed),13.806228_100.573480_f-CqWwR_Gv2eRA-Ij4td5A_30_2024-11.jpg,SAFE,None,0.0,0.0,0.0
lat phrao(hayaek-ratchada) (fixed),13.806261_100.573141_PDBpXzyZkGxC76_e8EiyfA_210_2024-11.jpg,SAFE,None,0.0,0.0,0.0
lat phrao(hayaek-ratchada) (fixed),13.806317_100.573419_cO7nbADeORHsOohjPdlSMQ_30_2024-11.jpg,SAFE,None,6.83,6.83,0.0
lat phrao(hayaek-ratchada) (fixed),13.806331_100.573020_A9J91oMQetzmwajJsU318w_211_2024-11.jpg,SAFE,None,6.06,6.06,0.0
lat phrao(hayaek-ratchada) (fixed),13.806360_100.573341_00GQT5f6nPXjOlNHY6Vx8Q_30_2024-11.jpg,SAFE,None,16.85,16.85,0.0
lat phrao(hayaek-ratchada) (fixed),13.806375_100.572939_4WbjTIrrSQZfJa80CwEC8A_211_2024-11.jpg,SAFE,None,0.0,0.0,0.0
lat phrao(hayaek-ratchada) (fixed),13.806405_100.573261_M8nnt-dOoR9qdGvqdL3zkA_30_2024-11.jpg,SAFE,None,7.88,7.88,0.0
lat phrao(hayaek-ratchada) (fixed),13.806421_100.572858_rLXw-Jfu5zsDGI954CZX6g_211_2024-11.jpg,SAFE,None,0.76,0.76,0.0
lat phrao(hayaek-ratchada) (fixed),13.806449_100.573181_5twbOR6Dc7x2GhxgQbvdiQ_30_2024-11.jpg,SAFE,None,0.0,0.0,0.0
lat phrao(hayaek-ratchada) (fixed),13.806467_100.572777_RsEbSkd2jKQUolSt1kkIjg_211_2024-11.jpg,SAFE,None,1.93,1.93,0.0
lat phrao(hayaek-ratchada) (fixed),13.806493_100.573100_h4AyVauYzmvzc7QoYzbGHQ_30_2024-11.jpg,WARNING,OBSTACLE,20.61,12.44,8.18
lat phrao(hayaek-ratchada) (fixed),13.806516_100.572694__sTfjUlQrTfispc2I2V8xg_211_2024-11.jpg,SAFE,None,3.21,3.21,0.0
lat phrao(hayaek-ratchada) (fixed),13.806538_100.573019_guLtCOpIxtBcYKDeNERLrA_30_2024-11.jpg,SAFE,None,18.05,18.05,0.0
lat phrao(hayaek-ratchada) (fixed),13.806560_100.572979_M-LBIN54XKdoflbLwxOyfQ_30_2024-11.jpg,SAFE,None,19.27,19.27,0.0
lat phrao(hayaek-ratchada) (fixed),13.806564_100.572613_cOlEhjkWf2zNiXjXkHK5PA_211_2024-11.jpg,SAFE,None,4.71,4.71,0.0
lat phrao(hayaek-ratchada) (fixed),13.806582_100.572937_k89qKwmNXfH-14iYlFrQlQ_29_2024-11.jpg,SAFE,None,17.75,7.96,9.79
lat phrao(hayaek-ratchada) (fixed),13.806612_100.572533_xwGhts_0YbfJt-UNNQvuHg_211_2024-11.jpg,SAFE,None,8.65,8.65,0.0
lat phrao(hayaek-ratchada) (fixed),13.806626_100.572854_Lz2pKivMr_jDtlQMx2i8Fg_30_2024-11.jpg,SAFE,None,0.0,0.0,0.0
lat phrao(hayaek-ratchada) (fixed),13.806658_100.572451_SaszfEAm0vu3-ZNsygAVoA_210_2024-11.jpg,SAFE,None,5.98,5.98,0.0
lat phrao(hayaek-ratchada) (fixed),13.806668_100.572771_w0ooszbQmg5QDcjvMc12-g_30_2024-11.jpg,SAFE,None,17.3,17.3,0.0
lat phrao(hayaek-ratchada) (fixed),13.806725_100.572324_8lQjcqf0-jX0GZns4dp8AA_211_2024-11.jpg,SAFE,None,12.49,12.49,0.0
lat phrao(hayaek-ratchada) (fixed),13.806750_100.572605_beiBvVEDzynIaMW6OrNleA_30_2024-11.jpg,SAFE,None,9.45,9.45,0.0
lat phrao(hayaek-ratchada) (fixed),13.806767_100.572240_bls4Zdvq2ZADKziVe4O4_w_211_2024-11.jpg,SAFE,None,0.0,0.0,0.0
lat phrao(hayaek-ratchada) (fixed),13.806792_100.572521_8WdqppRmtwLxgVbbRh66eg_30_2024-11.jpg,SAFE,None,11.9,11.9,0.0
lat phrao(hayaek-ratchada) (fixed),13.806809_100.572158_WCF2_MUWT7ZZkqWZkUlq-A_211_2024-11.jpg,SAFE,None,0.68,0.68,0.0
lat phrao(hayaek-ratchada) (fixed),13.806836_100.572439_g-hUsMyu-HZhKIBN2MegOw_30_2024-11.jpg,SAFE,None,7.28,7.28,0.0
lat phrao(hayaek-ratchada) (fixed),13.806851_100.572075_MkuTkdlK5j6tpPik0bfSzg_211_2024-11.jpg,SAFE,None,1.47,1.47,0.0
lat phrao(hayaek-ratchada) (fixed),13.806857_100.572398_oKxYgubExXeP-rW1d5hUbA_30_2024-11.jpg,SAFE,None,1.07,1.07,0.0
lat phrao(hayaek-ratchada) (fixed),13.806872_100.572034_SOhzaJ_9qQ1gIGGYX9A6NA_211_2024-11.jpg,SAFE,None,2.17,2.17,0.0
lat phrao(hayaek-ratchada) (fixed),13.806902_100.572316_Zm_xZ1R3joG2HOBZIhoJmA_30_2024-11.jpg,SAFE,None,6.78,6.78,0.0
lat phrao(hayaek-ratchada) (fixed),13.806916_100.571953_TW_mO64DH5yUWBUqFfSP8g_210_2024-11.jpg,SAFE,None,0.62,0.62,0.0
lat phrao(hayaek-ratchada) (fixed),13.806946_100.572234_lRqVCK5mDej-bAPaMRDidA_30_2024-11.jpg,SAFE,None,1.23,1.23,0.0
lat phrao(hayaek-ratchada) (fixed),13.806959_100.571871_qoqMscfhD1SiM4gXHYO-Wg_210_2024-11.jpg,SAFE,None,0.24,0.24,0.0
lat phrao(hayaek-ratchada) (fixed),13.806991_100.572151_H6YBtnONvy_d3r8ijZlq1g_30_2024-11.jpg,SAFE,None,12.34,12.34,0.0
lat phrao(hayaek-ratchada) (fixed),13.807004_100.571791_M3G9-vnFw4RZSTFWyOPCvg_210_2024-11.jpg,SAFE,None,13.69,13.69,0.0
lat phrao(hayaek-ratchada) (fixed),13.807034_100.572070_xJwCmc8yyW5JW1KgmHwunA_28_2024-11.jpg,SAFE,None,15.79,15.79,0.0
lat phrao(hayaek-ratchada) (fixed),13.807049_100.571710_TtSOnC77-c9DXfnsJdL2Lg_210_2024-11.jpg,SAFE,None,0.0,0.0,0.0
lat phrao(hayaek-ratchada) (fixed),13.807077_100.571986_2FbpEFPOhVMeAPLrRx6HPw_27_2024-11.jpg,SAFE,None,9.29,9.29,0.0
lat phrao(hayaek-ratchada) (fixed),13.807092_100.571630_-M8YW2J3VMveLkqdIOY0uw_210_2024-11.jpg,SAFE,None,0.0,0.0,0.0
lat phrao(hayaek-ratchada) (fixed),13.807118_100.571901_TDDnMamYo0odTalRmm2XqQ_27_2024-11.jpg,SAFE,None,13.02,13.02,0.0
lat phrao(hayaek-ratchada) (fixed),13.807137_100.571551_-VT78wJ-hhuRyLTxRuj2Rg_210_2024-11.jpg,SAFE,None,0.81,0.81,0.0
lat phrao(hayaek-ratchada) (fixed),13.807160_100.571817_t9A-dZOBxomdkzeRxwyQ0Q_29_2024-11.jpg,SAFE,None,0.0,0.0,0.0
lat phrao(hayaek-ratchada) (fixed),13.807179_100.571472_t6IDv5ZJv8pOXMuNRmNOfg_210_2024-11.jpg,SAFE,None,0.54,0.54,0.0
lat phrao(hayaek-ratchada) (fixed),13.807202_100.571735_a6OyZM8T6nwLvBDEU-MPpA_29_2024-11.jpg,SAFE,None,1.19,1.19,0.0
lat phrao(hayaek-ratchada) (fixed),13.807223_100.571393_RO84L7ZYvlQiLPTp0iEPDw_210_2024-11.jpg,SAFE,None,11.36,11.36,0.0
lat phrao(hayaek-ratchada) (fixed),13.807246_100.571654_6VDJD3ooN7ne6AC_1iGipw_29_2024-11.jpg,SAFE,None,1.81,1.81,0.0
lat phrao(hayaek-ratchada) (fixed),13.807289_100.571275__LD2e8fxYupzFnNbzJqr_w_210_2024-11.jpg,SAFE,None,0.35,0.35,0.0
lat phrao(hayaek-ratchada) (fixed),13.807291_100.571573_l9uKCe7IAGKJmR7m1R-tlQ_29_2024-11.jpg,SAFE,None,0.0,0.0,0.0
lat phrao(hayaek-ratchada) (fixed),13.807333_100.571196_mFaPN19y_yf0VHjvBX56ag_210_2024-11.jpg,SAFE,None,3.23,3.23,0.0
lat phrao(hayaek-ratchada) (fixed),13.807336_100.571493_PMZE63WI_umKeQi0YWz6oQ_29_2024-11.jpg,SAFE,None,0.0,0.0,0.0
lat phrao(hayaek-ratchada) (fixed),13.807382_100.571109_wUENfKloUN_mmRkxXVmYmQ_210_2024-11.jpg,SAFE,None,0.0,0.0,0.0
lat phrao(hayaek-ratchada) (fixed),13.807382_100.571412_wsZg1ndJykFXH7cnYHmfpQ_29_2024-11.jpg,SAFE,None,0.73,0.73,0.0
lat phrao(hayaek-ratchada) (fixed),13.807428_100.571330_Z2VStkmdcUp48tCxeDaWaQ_29_2024-11.jpg,SAFE,None,2.84,2.84,0.0
lat phrao(hayaek-ratchada) (fixed),13.807429_100.571026_nS1nzfoR_clYybmA3JVhGg_210_2024-11.jpg,SAFE,None,0.0,0.0,0.0
lat phrao(hayaek-ratchada) (fixed),13.807469_100.570954_X5_1EOKeHE0bN10RGCibaQ_210_2024-11.jpg,SAFE,None,12.84,12.84,0.0
lat phrao(hayaek-ratchada) (fixed),13.807474_100.571248_Y-TzB_2GHX-nVfB9fgNoeQ_29_2024-11.jpg,SAFE,None,4.95,4.95,0.0
lat phrao(hayaek-ratchada) (fixed),13.807519_100.571166_w2lXJdu0ORh6w8kcjhOLLQ_30_2024-11.jpg,SAFE,None,3.37,3.37,0.0
lat phrao(hayaek-ratchada) (fixed),13.807520_100.570867_Co1AJHhfHRVznnyyamuLig_210_2024-11.jpg,SAFE,None,1.79,1.79,0.0
lat phrao(hayaek-ratchada) (fixed),13.807564_100.571084_KpwLVlE4b-hap2ACAQjniA_30_2024-11.jpg,SAFE,None,3.21,3.21,0.0
lat phrao(hayaek-ratchada) (fixed),13.807569_100.570781_rWvyx8no4V0if8dI90XXjw_210_2024-11.jpg,SAFE,None,14.16,14.16,0.0
lat phrao(hayaek-ratchada) (fixed),13.807608_100.571000_bMOvCaCfzXo1-vqE-69N6A_30_2024-11.jpg,SAFE,None,5.57,5.57,0.0
lat phrao(hayaek-ratchada) (fixed),13.807615_100.570700_TJT-feTQIqqckhzLK6gAgw_210_2024-11.jpg,SAFE,None,1.87,1.87,0.0
lat phrao(hayaek-ratchada) (fixed),13.807654_100.570918_biAN4VNRWnq4V_PmnsOBQQ_30_2024-11.jpg,SAFE,None,2.08,2.08,0.0
lat phrao(hayaek-ratchada) (fixed),13.807658_100.570625_aPVEWtqYP33Nf8bITWBPig_210_2024-11.jpg,SAFE,None,0.6,0.6,0.0
lat phrao(hayaek-ratchada) (fixed),13.807685_100.570585_cwHi1KMnX8yPWVKAMCvzEg_210_2024-11.jpg,SAFE,None,0.74,0.74,0.0
lat phrao(hayaek-ratchada) (fixed),13.807705_100.570838_fIxqB6duhSyD7CERkPx21g_30_2024-11.jpg,WARNING,SURFACE DAMAGE,34.28,3.55,30.73
lat phrao(hayaek-ratchada) (fixed),13.807743_100.570507_LNorfV4_IcTG3wutRfJp2w_210_2024-11.jpg,SAFE,None,0.0,0.0,0.0
lat phrao(hayaek-ratchada) (fixed),13.807758_100.570758_ePpDIhkmbKtbO-3Y6HsWFw_30_2024-11.jpg,SAFE,None,1.39,1.39,0.0
lat phrao(hayaek-ratchada) (fixed),13.807782_100.570417_DwaztsO7zfEO83zNLSZ1LA_210_2024-11.jpg,SAFE,None,1.81,1.81,0.0
lat phrao(hayaek-ratchada) (fixed),13.807801_100.570372_JHCul_iYlC596uqUfLVz5g_205_2024-11.jpg,SAFE,None,6.53,6.53,0.0
lat phrao(hayaek-ratchada) (fixed),13.807811_100.570677_cvAoUT3Yuz2l4m2-FGFVaQ_29_2024-11.jpg,SAFE,None,0.0,0.0,0.0
lat phrao(hayaek-ratchada) (fixed),13.807844_100.570288_GwdnbefPNoebmdjwCcFM6w_209_2024-11.jpg,SAFE,None,5.39,5.39,0.0
lat phrao(hayaek-ratchada) (fixed),13.807860_100.570596_JovYN-8GtWhz7W-mA6wDeQ_31_2024-11.jpg,SAFE,None,8.92,8.92,0.0
lat phrao(hayaek-ratchada) (fixed),13.807892_100.570204_hVthL9XD087LSYYjerplSQ_209_2024-11.jpg,SAFE,None,0.0,0.0,0.0
lat phrao(hayaek-ratchada) (fixed),13.807920_100.570511_PW7YyZem4YzL0X_f1sSs4Q_29_2024-11.jpg,SAFE,None,0.0,0.0,0.0
lat phrao(hayaek-ratchada) (fixed),13.807938_100.570124_mGPkqukzIpPaWgxYbiEkgA_209_2024-11.jpg,SAFE,None,15.55,5.84,9.7
lat phrao(hayaek-ratchada) (fixed),13.807938_100.570408_IrmUUUyZTV9a1x3hWmgwzw_29_2024-11.jpg,SAFE,None,2.85,2.85,0.0
lat phrao(hayaek-ratchada) (fixed),13.807938_100.570408_IrmUUUyZTV9a1x3hWmgwzw_30_2024-11.jpg,SAFE,None,0.96,0.96,0.0
lat phrao(hayaek-ratchada) (fixed),13.807983_100.570327_Aj-dcUKBGSNutitx_ZFTWQ_29_2024-11.jpg,SAFE,None,6.46,6.46,0.0
lat phrao(hayaek-ratchada) (fixed),13.807985_100.570041_CUNx_Z5PFTQxdM8ed-QD6A_209_2024-11.jpg,SAFE,None,1.51,1.51,0.0
lat phrao(hayaek-ratchada) (fixed),13.808028_100.570245_mfkrrcdS5c4iG3WXMK9WAg_29_2024-11.jpg,SAFE,None,2.12,2.12,0.0
lat phrao(hayaek-ratchada) (fixed),13.808035_100.569956_xRIzh4y7ZSe_LN5nEiprbA_209_2024-11.jpg,SAFE,None,1.71,1.71,0.0
lat phrao(hayaek-ratchada) (fixed),13.808059_100.569915_nyof-LrKkrfZiBh4hR73eQ_210_2024-11.jpg,SAFE,None,2.25,2.25,0.0
lat phrao(hayaek-ratchada) (fixed),13.808074_100.570164_DQC5c4XENuApHTjv_uv3pw_30_2024-11.jpg,SAFE,None,3.87,3.87,0.0
lat phrao(hayaek-ratchada) (fixed),13.808107_100.569833_eKSLSaJtzEAZXJtjStBrxg_210_2024-11.jpg,SAFE,None,17.75,17.75,0.0
lat phrao(hayaek-ratchada) (fixed),13.808119_100.570083_z9k6qJf0bgRnlaIfM28ldg_30_2024-11.jpg,SAFE,None,0.0,0.0,0.0
lat phrao(hayaek-ratchada) (fixed),13.808155_100.569753_K70lRFvmF0Nti0fW8ajATQ_210_2024-11.jpg,SAFE,None,0.7,0.7,0.0
lat phrao(hayaek-ratchada) (fixed),13.808164_100.570003_n_BZlgc9AdXOiVNfWoNM3A_30_2024-11.jpg,SAFE,None,1.17,1.17,0.0
lat phrao(hayaek-ratchada) (fixed),13.808202_100.569673_W_w7HGW94UPTXOCfmg0cVQ_210_2024-11.jpg,SAFE,None,1.87,1.87,0.0
lat phrao(hayaek-ratchada) (fixed),13.808209_100.569923_Hrs7rrF8nKv7CGrFp2RhYw_30_2024-11.jpg,SAFE,None,0.0,0.0,0.0
lat phrao(hayaek-ratchada) (fixed),13.808249_100.569594_CwFxwCUKcm1E2q7-JbUsAA_210_2024-11.jpg,SAFE,None,3.96,3.96,0.0
lat phrao(hayaek-ratchada) (fixed),13.808254_100.569842__ih6BpT0IlohMnYBQgDLrg_30_2024-11.jpg,SAFE,None,0.0,0.0,0.0
lat phrao(hayaek-ratchada) (fixed),13.808299_100.569761_EG2TJhT7y93T_u3-iwT40g_30_2024-11.jpg,SAFE,None,0.54,0.54,0.0
lat phrao(hayaek-ratchada) (fixed),13.808320_100.569472_dWIK6c2sERmh7ThHXuVyJw_210_2024-11.jpg,SAFE,None,0.0,0.0,0.0
lat phrao(hayaek-ratchada) (fixed),13.808343_100.569681__BcfW9sp9Q7wuJDqHc9FpA_30_2024-11.jpg,SAFE,None,1.17,1.17,0.0
lat phrao(hayaek-ratchada) (fixed),13.808367_100.569390_T49oRdX_6k1Py2BqGgpsFg_210_2024-11.jpg,SAFE,None,1.3,1.3,0.0
lat phrao(hayaek-ratchada) (fixed),13.808388_100.569600_CJ7Z-b0mPtkeZLeR4AoWAg_30_2024-11.jpg,SAFE,None,4.98,4.98,0.0
lat phrao(hayaek-ratchada) (fixed),13.808414_100.569306_HD5fhZMYRv3Cs7DI3Kba_w_210_2024-11.jpg,SAFE,None,6.77,6.77,0.0
lat phrao(hayaek-ratchada) (fixed),13.808433_100.569518_5prEppghzApQYmkCQZYZpw_30_2024-11.jpg,SAFE,None,1.95,1.95,0.0
lat phrao(hayaek-ratchada) (fixed),13.808459_100.569225_5_XqqeeB8leyPn3RUbMI0g_210_2024-11.jpg,SAFE,None,0.91,0.91,0.0
lat phrao(hayaek-ratchada) (fixed),13.808479_100.569436_wno-6O0fpLhylmuShQOatw_30_2024-11.jpg,SAFE,None,0.0,0.0,0.0
lat phrao(hayaek-ratchada) (fixed),13.808504_100.569144_mEIZH2ClRsz451r2c8ZNxA_210_2024-11.jpg,SAFE,None,13.79,13.79,0.0
lat phrao(hayaek-ratchada) (fixed),13.808525_100.569352_77GL1A6ajXLVPidzkKIdvg_30_2024-11.jpg,SAFE,None,0.0,0.0,0.0
lat phrao(hayaek-ratchada) (fixed),13.808549_100.569064_TzyxZdipcjCx5fhs-KUswQ_210_2024-11.jpg,SAFE,None,0.0,0.0,0.0
lat phrao(hayaek-ratchada) (fixed),13.808571_100.569271_oR4RB3KI9wnQSpq_X5LDNQ_30_2024-11.jpg,SAFE,None,0.0,0.0,0.0
lat phrao(hayaek-ratchada) (fixed),13.808596_100.568982_8BCkZ8D0o8Rd48D7Ox1XcA_210_2024-11.jpg,SAFE,None,2.15,2.15,0.0
lat phrao(hayaek-ratchada) (fixed),13.808616_100.569191_p__Jfv8PUyHLdubv___B6g_30_2024-11.jpg,SAFE,None,1.36,1.36,0.0
lat phrao(hayaek-ratchada) (fixed),13.808642_100.568900_ONOQEHKvPbRmCO1kaiLohw_210_2024-11.jpg,SAFE,None,0.0,0.0,0.0
lat phrao(hayaek-ratchada) (fixed),13.808662_100.569109_kQlwUWPrBFRmOy8lYU4cNg_30_2024-11.jpg,SAFE,None,3.35,3.35,0.0
lat phrao(hayaek-ratchada) (fixed),13.808688_100.568818_rxWKrQZfJHn-JEkfDqHNCw_210_2024-11.jpg,SAFE,None,0.38,0.38,0.0
lat phrao(hayaek-ratchada) (fixed),13.808708_100.569027_okiDn0VxpMcmtpxs_vrKzA_30_2024-11.jpg,SAFE,None,3.68,3.68,0.0
lat phrao(hayaek-ratchada) (fixed),13.808733_100.568737_Tx_FPGrtOdnXHD-EzofGAw_210_2024-11.jpg,SAFE,None,1.02,1.02,0.0
lat phrao(hayaek-ratchada) (fixed),13.808754_100.568945_AwNl-DyjvO5xtdYzpsCRuA_30_2024-11.jpg,SAFE,None,2.93,2.93,0.0
lat phrao(hayaek-ratchada) (fixed),13.808778_100.568656_8iyz0RBh8KxJZMtYRS6tqw_210_2024-11.jpg,SAFE,None,1.16,1.16,0.0
lat phrao(hayaek-ratchada) (fixed),13.808799_100.568863_OW7tuEwdvKRY9YLV-XJ_Pw_30_2024-11.jpg,SAFE,None,1.05,1.05,0.0
lat phrao(hayaek-ratchada) (fixed),13.808823_100.568576_fAanveLeiyYIgt37SNj6-A_210_2024-11.jpg,SAFE,None,0.0,0.0,0.0
lat phrao(hayaek-ratchada) (fixed),13.808845_100.568783_Oe-AAAYJm0KTsMER2S1o7Q_30_2024-11.jpg,SAFE,None,0.0,0.0,0.0
lat phrao(hayaek-ratchada) (fixed),13.808868_100.568495_hn3BGn1xLGrx8pDC5Bpxlg_210_2024-11.jpg,SAFE,None,1.9,1.9,0.0
lat phrao(hayaek-ratchada) (fixed),13.808891_100.568702_VP_CrIuVtTGNfoWxRb1tcA_30_2024-11.jpg,SAFE,None,2.99,2.99,0.0
lat phrao(hayaek-ratchada) (fixed),13.808914_100.568414_C7uKD9pXPO9e1PXwAMKAag_210_2024-11.jpg,SAFE,None,3.41,3.41,0.0
lat phrao(hayaek-ratchada) (fixed),13.808937_100.568621_Pb_SXDBsEvsve9L3jhZ9lw_30_2024-11.jpg,SAFE,None,5.77,5.77,0.0
lat phrao(hayaek-ratchada) (fixed),13.808960_100.568333_mmOo-KQTRDkZzjDSQ7kfcQ_210_2024-11.jpg,SAFE,None,2.51,2.51,0.0
lat phrao(hayaek-ratchada) (fixed),13.808984_100.568539_qhAY4NzYfus8QlF6LXqNqg_30_2024-11.jpg,SAFE,None,0.0,0.0,0.0
lat phrao(hayaek-ratchada) (fixed),13.809006_100.568253_RR4agH28NPx0WqjEvXso_Q_210_2024-11.jpg,SAFE,None,2.46,2.46,0.0
lat phrao(hayaek-ratchada) (fixed),13.809030_100.568456_5AKs6eAaYOE_4oF0HA0vIg_30_2024-11.jpg,SAFE,None,2.82,2.82,0.0
lat phrao(hayaek-ratchada) (fixed),13.809051_100.568173_7KGb4r34FHaIJuUpiXHgYQ_210_2024-11.jpg,SAFE,None,0.0,0.0,0.0
lat phrao(hayaek-ratchada) (fixed),13.809075_100.568374_Xu_vbHcBOYBtDM88102taA_30_2024-11.jpg,SAFE,None,2.11,2.11,0.0
lat phrao(hayaek-ratchada) (fixed),13.809096_100.568094_B9OmCxmH6HeYXpFZIokxBg_210_2024-11.jpg,SAFE,None,0.0,0.0,0.0
lat phrao(hayaek-ratchada) (fixed),13.809120_100.568290_JZz0BNtIodK8klMuCZg1-A_30_2024-11.jpg,SAFE,None,0.56,0.56,0.0
lat phrao(hayaek-ratchada) (fixed),13.809140_100.568014_fxnk95IIBE-j3ovT63yHIA_210_2024-11.jpg,SAFE,None,0.0,0.0,0.0
lat phrao(hayaek-ratchada) (fixed),13.809164_100.568207_4vrY6fuMqyuGK3L6DF8yGg_30_2024-11.jpg,SAFE,None,0.88,0.88,0.0
lat phrao(hayaek-ratchada) (fixed),13.809184_100.567934_1WMfh6K-VOkr-3_hW7z5yA_210_2024-11.jpg,SAFE,None,0.32,0.32,0.0
lat phrao(hayaek-ratchada) (fixed),13.809210_100.568123_SdSqlEm6wNLsgAp7s9jOdg_30_2024-11.jpg,SAFE,None,0.9,0.9,0.0
lat phrao(hayaek-ratchada) (fixed),13.809229_100.567851_Q4HeCZWMLT0igC_6BSXNKw_210_2024-11.jpg,WARNING,OBSTACLE,20.67,20.67,0.0
lat phrao(hayaek-ratchada) (fixed),13.809255_100.568040_Y39eAx5zVxQozTG5h85tUA_30_2024-11.jpg,SAFE,None,0.81,0.81,0.0
lat phrao(hayaek-ratchada) (fixed),13.809274_100.567769_h4xZ4TF0aQS5SDwnAalr_g_210_2024-11.jpg,SAFE,None,8.88,2.32,6.55
lat phrao(hayaek-ratchada) (fixed),13.809301_100.567959_CN-OPf1QX4R0ElRPnNYvgg_30_2024-11.jpg,SAFE,None,1.77,1.77,0.0
lat phrao(hayaek-ratchada) (fixed),13.809320_100.567688_W1DhMFBNkoxOPllU4Xmb5Q_210_2024-11.jpg,SAFE,None,3.84,3.84,0.0
lat phrao(hayaek-ratchada) (fixed),13.809347_100.567878_2Ojm58_vP5FDTNgEnYnAVQ_30_2024-11.jpg,SAFE,None,0.0,0.0,0.0
lat phrao(hayaek-ratchada) (fixed),13.809366_100.567606_rjI8_pH_a3bd6KF3iM6ABw_210_2024-11.jpg,SAFE,None,2.12,2.12,0.0
lat phrao(hayaek-ratchada) (fixed),13.809392_100.567795_5tswLIMuRhc4X0NI1ymfDQ_30_2024-11.jpg,SAFE,None,4.73,4.73,0.0
lat phrao(hayaek-ratchada) (fixed),13.809412_100.567524_v0HFqJrZUjDA2wk5Q0uFbw_210_2024-11.jpg,SAFE,None,0.0,0.0,0.0
lat phrao(hayaek-ratchada) (fixed),13.809439_100.567711_KgTTM7pH2lrsDR4oykFN0Q_30_2024-11.jpg,SAFE,None,6.24,6.24,0.0
lat phrao(hayaek-ratchada) (fixed),13.809457_100.567440_sreNrTuguybJs41YrT1A2g_210_2024-11.jpg,SAFE,None,0.42,0.42,0.0
lat phrao(hayaek-ratchada) (fixed),13.809485_100.567629_L8yWu2I2nFzQbqiupo8KuQ_30_2024-11.jpg,SAFE,None,1.69,1.69,0.0
lat phrao(hayaek-ratchada) (fixed),13.809502_100.567357_mnkSlKgdYqad8_TydsKuZg_210_2024-11.jpg,SAFE,None,3.51,3.51,0.0
lat phrao(hayaek-ratchada) (fixed),13.809531_100.567548_FqfPYpt-GN4tTHSpN_flNA_30_2024-11.jpg,SAFE,None,0.69,0.69,0.0
lat phrao(hayaek-ratchada) (fixed),13.809545_100.567275_nQgk90CsZ-3IyjMTiXJaYA_210_2024-11.jpg,SAFE,None,3.51,3.51,0.0
lat phrao(hayaek-ratchada) (fixed),13.809567_100.567233_HedFuTmwI5GvgbPiRCsdjA_210_2024-11.jpg,SAFE,None,0.87,0.87,0.0
lat phrao(hayaek-ratchada) (fixed),13.809577_100.567467_8aQdXLPXCKVbd9k5pCY9Ng_30_2024-11.jpg,SAFE,None,0.14,0.14,0.0
lat phrao(hayaek-ratchada) (fixed),13.809611_100.567148_6pfGi1vWIsmoi7ZvbfBP-w_210_2024-11.jpg,SAFE,None,3.43,3.43,0.0
lat phrao(hayaek-ratchada) (fixed),13.809622_100.567387_7YcmCMvJcuSukDZ0E7iQ_g_30_2024-11.jpg,SAFE,None,3.93,3.93,0.0
lat phrao(hayaek-ratchada) (fixed),13.809655_100.567065_4Zc_PViVxi9nqnC33PgxsA_210_2024-11.jpg,SAFE,None,1.52,1.52,0.0
lat phrao(hayaek-ratchada) (fixed),13.809699_100.566981_l91R_zUSn2_Wp72yoLtCCw_210_2024-11.jpg,SAFE,None,4.46,4.46,0.0
lat phrao(hayaek-ratchada) (fixed),13.809737_100.567185_8v-dztJtAOGLQmzoFoMeMA_30_2024-11.jpg,SAFE,None,5.52,5.52,0.0
lat phrao(hayaek-ratchada) (fixed),13.809742_100.566898_qyPXBXN4bRUeN2PBUA90lg_210_2024-11.jpg,SAFE,None,1.42,1.42,0.0
lat phrao(hayaek-ratchada) (fixed),13.809782_100.567105_KywizhwbT1p95NkUYsI7pQ_30_2024-11.jpg,SAFE,None,10.74,10.74,0.0
lat phrao(hayaek-ratchada) (fixed),13.809786_100.566816_qe87g3rgIm_mZetuOqy1Lw_210_2024-11.jpg,SAFE,None,1.29,1.29,0.0
lat phrao(hayaek-ratchada) (fixed),13.809828_100.567024_ncU0T2-lhjHHpJEKwFMhDQ_30_2024-11.jpg,SAFE,None,0.64,0.64,0.0
lat phrao(hayaek-ratchada) (fixed),13.809829_100.566734_PgRh9K3YWGoazVa1SyeiyQ_210_2024-11.jpg,SAFE,None,1.45,1.45,0.0
lat phrao(hayaek-ratchada) (fixed),13.809873_100.566652_TBlg7fYjdKmqy0jBMamy2g_210_2024-11.jpg,SAFE,None,4.09,4.09,0.0
lat phrao(hayaek-ratchada) (fixed),13.809876_100.566939_9xyMpoa4Xv7QRfNN7-oAcw_30_2024-11.jpg,SAFE,None,7.84,7.84,0.0
lat phrao(hayaek-ratchada) (fixed),13.809918_100.566570_gdEEDGiioEMfsfqovCsShQ_209_2024-11.jpg,SAFE,None,3.34,3.34,0.0
lat phrao(hayaek-ratchada) (fixed),13.809924_100.566855_bkDL6SSt2uemXNBdRQKRJA_30_2024-11.jpg,SAFE,None,3.61,3.61,0.0
lat phrao(hayaek-ratchada) (fixed),13.809964_100.566488_hDeDNvblsq2ATB5pAfdBbA_209_2024-11.jpg,SAFE,None,11.39,11.39,0.0
lat phrao(hayaek-ratchada) (fixed),13.809969_100.566774_d8crDTzQvIb2scVeoOe0zA_30_2024-11.jpg,SAFE,None,0.41,0.41,0.0
lat phrao(hayaek-ratchada) (fixed),13.810010_100.566407_YYTCEISbrzasSC6h0iVuVQ_209_2024-11.jpg,SAFE,None,0.0,0.0,0.0
lat phrao(hayaek-ratchada) (fixed),13.810014_100.566692_7ix46rIXVSJTUTxywlnEZw_30_2024-11.jpg,SAFE,None,0.0,0.0,0.0
lat phrao(hayaek-ratchada) (fixed),13.810055_100.566327_PQeA-OACcr8C76euNPz2dQ_209_2024-11.jpg,SAFE,None,4.77,4.77,0.0
lat phrao(hayaek-ratchada) (fixed),13.810060_100.566611_wvOWJUGR5Qz2V9j6Yg-HFA_30_2024-11.jpg,SAFE,None,0.0,0.0,0.0
lat phrao(hayaek-ratchada) (fixed),13.810100_100.566246_fIV5s8s5WG1ehYj-ksVJeQ_209_2024-11.jpg,SAFE,None,0.0,0.0,0.0
lat phrao(hayaek-ratchada) (fixed),13.810106_100.566529_FPQOTp-7CJsq4ChgilgS4w_30_2024-11.jpg,SAFE,None,2.84,2.84,0.0
lat phrao(hayaek-ratchada) (fixed),13.810145_100.566166_lsAvEdA4uq2joN9mOn-wkw_209_2024-11.jpg,SAFE,None,0.43,0.43,0.0
lat phrao(hayaek-ratchada) (fixed),13.810152_100.566445_eqIWEuSc-jGDQ8LXz-U03w_30_2024-11.jpg,SAFE,None,2.05,2.05,0.0
lat phrao(hayaek-ratchada) (fixed),13.810211_100.566051_e1gAViRIuPf_r1UmNQwP6w_210_2024-11.jpg,SAFE,None,1.56,1.56,0.0
lat phrao(hayaek-ratchada) (fixed),13.810219_100.566324_jjR4PN2NvlXyJfgK2xq0dg_30_2024-11.jpg,SAFE,None,0.71,0.71,0.0
lat phrao(hayaek-ratchada) (fixed),13.810250_100.565980_yGsmKzLEe2emMcnfrabaTA_210_2024-11.jpg,SAFE,None,3.01,3.01,0.0
lat phrao(hayaek-ratchada) (fixed),13.810264_100.566244_n8FVNqp6LOGZAP76LTxqqA_30_2024-11.jpg,SAFE,None,1.57,1.57,0.0
lat phrao(hayaek-ratchada) (fixed),13.810293_100.565902_FM6Czwq32V-QgIL8Dy88HQ_210_2024-11.jpg,SAFE,None,1.21,1.21,0.0
lat phrao(hayaek-ratchada) (fixed),13.810309_100.566163_IgIbkE5FRMbZO7fuXLyGrA_30_2024-11.jpg,SAFE,None,0.32,0.32,0.0
lat phrao(hayaek-ratchada) (fixed),13.810352_100.565830_-Glr3b3f8QIOPkGZ7PPShQ_210_2024-11.jpg,SAFE,None,0.52,0.52,0.0
lat phrao(hayaek-ratchada) (fixed),13.810368_100.565766_UesdxDSaclEZRwcldxo7gg_210_2024-11.jpg,SAFE,None,1.55,1.55,0.0
lat phrao(hayaek-ratchada) (fixed),13.810379_100.566038_4OwsfId4SLC3S_bwKXQpUw_30_2024-11.jpg,SAFE,None,1.58,1.58,0.0
lat phrao(hayaek-ratchada) (fixed),13.810425_100.565955_WBNvWAsBgCIWx-0uzNitTA_30_2024-11.jpg,SAFE,None,5.95,5.95,0.0
lat phrao(hayaek-ratchada) (fixed),13.810430_100.565695__uob8fHMCE19rZCKRATqZw_210_2024-11.jpg,SAFE,None,7.09,7.09,0.0
lat phrao(hayaek-ratchada) (fixed),13.810472_100.565873_b5LBs4ICKGKcKVEJVONdmA_29_2024-11.jpg,SAFE,None,0.62,0.62,0.0
lat phrao(hayaek-ratchada) (fixed),13.810479_100.565613_uTx-TXTsW4oGz0KgZ6euYw_211_2024-11.jpg,SAFE,None,0.32,0.32,0.0
lat phrao(hayaek-ratchada) (fixed),13.810518_100.565792_kC9Hgpj_nDkh5MMlCda56w_29_2024-11.jpg,SAFE,None,0.0,0.0,0.0
lat phrao(hayaek-ratchada) (fixed),13.810526_100.565534_UBk3aSfFsUYKC4taMVvVew_211_2024-11.jpg,SAFE,None,0.0,0.0,0.0
lat phrao(hayaek-ratchada) (fixed),13.810574_100.565450_4ZLXFPMBLq4q9qG_rcK0Qw_210_2024-11.jpg,SAFE,None,1.35,1.35,0.0
lat phrao(hayaek-ratchada) (fixed),13.810598_100.565698_enoAZyleHpvsOhvK1Hk2HQ_32_2024-06.jpg,SAFE,None,1.97,1.97,0.0
lat phrao(hayaek-ratchada) (fixed),13.810611_100.565625_BGXft0Uoc4xf67aSkf175A_30_2024-11.jpg,SAFE,None,1.89,1.89,0.0
lat phrao(hayaek-ratchada) (fixed),13.810622_100.565368_7sGJ8QTkncfMJRgmOSPh1w_210_2024-11.jpg,SAFE,None,0.0,0.0,0.0
lat phrao(hayaek-ratchada) (fixed),13.810649_100.565273_tNuVG-cX6TTQS41kt7CojA_210_2024-11.jpg,SAFE,None,2.25,2.25,0.0
lat phrao(hayaek-ratchada) (fixed),13.810656_100.565544_jr75DuHd-ome3Epi0nbuhw_30_2024-11.jpg,SAFE,None,0.81,0.81,0.0
lat phrao(hayaek-ratchada) (fixed),13.810698_100.565467_aaIK-w_kl2DLTgHLbKGIeg_30_2024-11.jpg,SAFE,None,1.62,1.62,0.0
lat phrao(hayaek-ratchada) (fixed),13.810717_100.565199_rHUW57toWeAJtL9pZWn_eQ_210_2024-11.jpg,SAFE,None,1.74,1.74,0.0
lat phrao(hayaek-ratchada) (fixed),13.810740_100.565389_Dh3X1TkigU_k5GhSsODFJQ_30_2024-11.jpg,SAFE,None,0.0,0.0,0.0
lat phrao(hayaek-ratchada) (fixed),13.810763_100.565116_cGP5dTtluLCUKlEGnPbS2A_210_2024-11.jpg,SAFE,None,1.3,1.3,0.0
lat phrao(hayaek-ratchada) (fixed),13.810785_100.565309_ZaU8Ylyss6K23JBFOENuMQ_30_2024-11.jpg,SAFE,None,0.53,0.53,0.0
lat phrao(hayaek-ratchada) (fixed),13.810808_100.565035_a8hKS60b0Y9HK61TKcHttQ_210_2024-11.jpg,SAFE,None,0.33,0.33,0.0
lat phrao(hayaek-ratchada) (fixed),13.810831_100.565229_a6OOZ5Z6DeNkuE1namuwRQ_30_2024-11.jpg,SAFE,None,9.37,9.37,0.0
lat phrao(hayaek-ratchada) (fixed),13.810853_100.564955_1SUZ-mJPg9lruRKRIvXsTw_210_2024-11.jpg,SAFE,None,5.65,5.65,0.0
lat phrao(hayaek-ratchada) (fixed),13.810877_100.565148_BZddzMBFXKVWp-INTqxnLg_30_2024-11.jpg,SAFE,None,8.66,8.66,0.0
lat phrao(hayaek-ratchada) (fixed),13.810899_100.564872_7BACSXdSq9oPF9tRw1zuaQ_210_2024-11.jpg,SAFE,None,0.0,0.0,0.0
lat phrao(hayaek-ratchada) (fixed),13.810922_100.565069_DcptXjZmn0FP3ByJi8UtqQ_30_2024-11.jpg,SAFE,None,1.46,1.46,0.0
lat phrao(hayaek-ratchada) (fixed),13.810945_100.564791_gknEf4niJzRCX_DF6nuk_g_210_2024-11.jpg,SAFE,None,0.37,0.37,0.0
lat phrao(hayaek-ratchada) (fixed),13.810967_100.564990_VnxuCjZagrfko-zTdCuKUg_30_2024-11.jpg,SAFE,None,1.74,1.74,0.0
lat phrao(hayaek-ratchada) (fixed),13.810990_100.564712_oMAYhtwFQ_hsMicmYgweaQ_210_2024-11.jpg,SAFE,None,1.18,1.18,0.0
lat phrao(hayaek-ratchada) (fixed),13.811012_100.564910_dfUt7D8y9tOZQUgxPFnljA_30_2024-11.jpg,SAFE,None,0.96,0.96,0.0
lat phrao(hayaek-ratchada) (fixed),13.811056_100.564597_bQNfZvZKED6KpiidPOqtHQ_210_2024-11.jpg,SAFE,None,15.25,4.32,10.93
lat phrao(hayaek-ratchada) (fixed),13.811058_100.564829_YBHyYkaPV4_na0RLl6Wxkg_30_2024-11.jpg,SAFE,None,6.03,6.03,0.0
lat phrao(hayaek-ratchada) (fixed),13.811077_100.564500_7vnJGMqieRoI2DSifjJ0eA_210_2024-11.jpg,SAFE,None,0.7,0.7,0.0
lat phrao(hayaek-ratchada) (fixed),13.811104_100.564748__dTNKKtTd4HY0Gh5rNX0OQ_30_2024-11.jpg,SAFE,None,0.67,0.67,0.0
lat phrao(hayaek-ratchada) (fixed),13.811123_100.564417_G7YAOxxen3egxgDjcWHOyw_210_2024-11.jpg,SAFE,None,4.1,4.1,0.0
lat phrao(hayaek-ratchada) (fixed),13.811150_100.564666_iJuL1X_gmwfO86-3TpL3hw_29_2024-11.jpg,SAFE,None,0.38,0.38,0.0
lat phrao(hayaek-ratchada) (fixed),13.811169_100.564336_yeYuyYjYKIyIr9BS6acCag_210_2024-11.jpg,SAFE,None,0.69,0.69,0.0
lat phrao(hayaek-ratchada) (fixed),13.811195_100.564584_cEWBhHWsh9LRYMmnXvaA2A_29_2024-11.jpg,SAFE,None,1.95,1.95,0.0
lat phrao(hayaek-ratchada) (fixed),13.811216_100.564253_BINwq_5D7DjEWLG6DEcGpg_210_2024-11.jpg,SAFE,None,2.49,2.49,0.0
lat phrao(hayaek-ratchada) (fixed),13.811242_100.564501_bYvnWb3wLRpPEyVt6g1m3A_29_2024-11.jpg,SAFE,None,0.94,0.94,0.0
lat phrao(hayaek-ratchada) (fixed),13.811262_100.564170_ouyupj7-u-XqZDwLEQ1Mxw_210_2024-11.jpg,SAFE,None,1.93,1.93,0.0
lat phrao(hayaek-ratchada) (fixed),13.811288_100.564419_l5nXa-8LWQI_Q6UKSuhzVg_29_2024-11.jpg,SAFE,None,4.84,4.84,0.0
lat phrao(hayaek-ratchada) (fixed),13.811308_100.564088_ByEO3anahzgNXVApR5BuTg_210_2024-11.jpg,SAFE,None,2.63,2.63,0.0
lat phrao(hayaek-ratchada) (fixed),13.811333_100.564339_Rbb9Trhc3xAxySDi9HpHpA_29_2024-11.jpg,SAFE,None,1.86,1.86,0.0
lat phrao(hayaek-ratchada) (fixed),13.811354_100.564006_Q9EYI7jW7bkmWyOH20bU0g_210_2024-11.jpg,SAFE,None,0.28,0.28,0.0
lat phrao(hayaek-ratchada) (fixed),13.811377_100.564257_7gsB7izxHHOBCIv0Wcrkyg_29_2024-11.jpg,SAFE,None,1.48,1.48,0.0
lat phrao(hayaek-ratchada) (fixed),13.811398_100.563924_LCChkts3if7_ojq6jLK1rQ_209_2024-11.jpg,SAFE,None,0.61,0.61,0.0
lat phrao(hayaek-ratchada) (fixed),13.811422_100.564177_QSppUcjRv8JMzdWfi3mI8Q_29_2024-11.jpg,SAFE,None,4.86,4.86,0.0
lat phrao(hayaek-ratchada) (fixed),13.811443_100.563842_XZ_yUGBS-VaeewXly6tCeA_210_2024-11.jpg,SAFE,None,0.56,0.56,0.0
lat phrao(hayaek-ratchada) (fixed),13.811466_100.564095_6R0_-V5jMqxwb5auO5ix9w_29_2024-11.jpg,SAFE,None,6.32,6.32,0.0
lat phrao(hayaek-ratchada) (fixed),13.811521_100.563935_dd2HqHNUeWO3zy-To7y-2g_30_2024-11.jpg,SAFE,None,0.0,0.0,0.0
lat phrao(hayaek-ratchada) (fixed),13.811546_100.563720_dELv5i-bz7N5q48fHMMFhg_210_2024-11.jpg,SAFE,None,0.0,0.0,0.0
lat phrao(hayaek-ratchada) (fixed),13.811568_100.563853_KqD8rsTgTQseVKvB_x5pfQ_30_2024-11.jpg,SAFE,None,0.0,0.0,0.0
lat phrao(hayaek-ratchada) (fixed),13.811591_100.563639_JrrFqKGpQYZotalGjHRFeA_210_2024-11.jpg,SAFE,None,2.01,2.01,0.0
lat phrao(hayaek-ratchada) (fixed),13.811614_100.563771_9635ju5aSQdjATWIYM9cpA_30_2024-11.jpg,SAFE,None,0.0,0.0,0.0
lat phrao(hayaek-ratchada) (fixed),13.811636_100.563556_BX_c0uBAZBdhkP7bZ6ZAqA_210_2024-11.jpg,SAFE,None,4.05,4.05,0.0
lat phrao(hayaek-ratchada) (fixed),13.811660_100.563691_nqn866E5GzXD203znUqxcA_30_2024-11.jpg,SAFE,None,0.0,0.0,0.0
lat phrao(hayaek-ratchada) (fixed),13.811681_100.563477_E50nEKW4WdKb5XHs8ebw5g_210_2024-11.jpg,SAFE,None,0.0,0.0,0.0
lat phrao(hayaek-ratchada) (fixed),13.811707_100.563611_fSN9yBec8T7mn2wgilnZzA_30_2024-11.jpg,SAFE,None,0.0,0.0,0.0
lat phrao(hayaek-ratchada) (fixed),13.811725_100.563397_iKcLIPh-YIPGkUlhTmy_Ug_210_2024-11.jpg,SAFE,None,0.46,0.46,0.0
lat phrao(hayaek-ratchada) (fixed),13.811738_100.563320_b46mVAk6x5J11TM6S89V9g_210_2024-11.jpg,SAFE,None,0.52,0.52,0.0
lat phrao(hayaek-ratchada) (fixed),13.811753_100.563532_AcNeInpjL4Jh3JGzTYjtSw_30_2024-11.jpg,SAFE,None,0.0,0.0,0.0
lat phrao(hayaek-ratchada) (fixed),13.811760_100.563280_6WyJy35q4aDc93s8Tvuu-w_210_2024-11.jpg,SAFE,None,0.77,0.77,0.0
lat phrao(hayaek-ratchada) (fixed),13.811799_100.563451_vIpoBRZCqGGBApLJd_JwKA_30_2024-11.jpg,SAFE,None,0.0,0.0,0.0
lat phrao(hayaek-ratchada) (fixed),13.811827_100.563162_BkXDWLnqv6PNMW0EMxg06g_211_2024-11.jpg,SAFE,None,5.28,5.28,0.0
lat phrao(hayaek-ratchada) (fixed),13.811846_100.563371_oV_YE0pEr5vd-kUyHGWleA_30_2024-11.jpg,SAFE,None,1.33,1.33,0.0
lat phrao(hayaek-ratchada) (fixed),13.811895_100.563092_PayGgE_l0xQREMZpVAE5Kw_210_2024-11.jpg,SAFE,None,0.0,0.0,0.0
lat phrao(hayaek-ratchada) (fixed),13.811898_100.563313_ipGyzhMdwHTzU_TLfVYqrg_30_2024-11.jpg,SAFE,None,8.46,8.46,0.0
lat phrao(hayaek-ratchada) (fixed),13.811927_100.562999_2sZoRaN5eQzeX3NHpkbZig_210_2024-11.jpg,SAFE,None,1.79,1.79,0.0
lat phrao(hayaek-ratchada) (fixed),13.811941_100.563233_1M72Fmx0hARN1syyk965uw_30_2024-11.jpg,SAFE,None,1.02,1.02,0.0
lat phrao(hayaek-ratchada) (fixed),13.811952_100.562959_ohoSspfaSu96f37pIzVK1w_210_2024-11.jpg,SAFE,None,1.62,1.62,0.0
lat phrao(hayaek-ratchada) (fixed),13.812012_100.562886_2iZXdpAJ9BGnFzkJrDrDxg_210_2024-11.jpg,SAFE,None,2.21,2.21,0.0
lat phrao(hayaek-ratchada) (fixed),13.812030_100.563069_v8KehR_YLPf2CU0cxUScRA_29_2024-11.jpg,SAFE,None,1.36,1.36,0.0
lat phrao(hayaek-ratchada) (fixed),13.812058_100.562802_kspbJjOTBh_wdTZSvWskEQ_210_2024-11.jpg,SAFE,None,2.6,2.6,0.0
lat phrao(hayaek-ratchada) (fixed),13.812085_100.562962_O1TZIxyxRZ9iUnH9OrAp7w_30_2024-11.jpg,SAFE,None,0.0,0.0,0.0
lat phrao(hayaek-ratchada) (fixed),13.812103_100.562722_UcM5t_Fs8dFDqM3jcSiu3Q_210_2024-11.jpg,SAFE,None,1.38,1.38,0.0
lat phrao(hayaek-ratchada) (fixed),13.812132_100.562876_1DfTH9u3tMOvGfCcSjrm7A_30_2024-11.jpg,SAFE,None,0.0,0.0,0.0
lat phrao(hayaek-ratchada) (fixed),13.812171_100.562596_hzWbx2cWq2KC-h9Tvgy37g_210_2024-11.jpg,SAFE,None,0.0,0.0,0.0
lat phrao(hayaek-ratchada) (fixed),13.812179_100.562789_3aE9ksWi8e2uV2hLUMm-Mg_30_2024-11.jpg,SAFE,None,0.0,0.0,0.0
lat phrao(hayaek-ratchada) (fixed),13.812218_100.562512_Tg3yptT5axA9X13Mc1UX8A_210_2024-11.jpg,SAFE,None,0.72,0.72,0.0
lat phrao(hayaek-ratchada) (fixed),13.812229_100.562695_omicnF2xAj7eyofWFWX7PQ_29_2024-11.jpg,SAFE,None,0.76,0.76,0.0
lat phrao(hayaek-ratchada) (fixed),13.812263_100.562429_NCVcN-OMQtMqx-NJArwuRw_210_2024-11.jpg,SAFE,None,0.0,0.0,0.0
lat phrao(hayaek-ratchada) (fixed),13.812271_100.562613_hQxiAuMBvwRQGuuyXLUmrA_30_2024-11.jpg,SAFE,None,0.0,0.0,0.0
lat phrao(hayaek-ratchada) (fixed),13.812288_100.562390_qM2wfl_JcwS9n0gpfjfdyg_210_2024-11.jpg,SAFE,None,0.43,0.43,0.0
lat phrao(hayaek-ratchada) (fixed),13.812332_100.562309_KpPAvV8osdPD64aQmgEoGg_209_2024-11.jpg,SAFE,None,1.62,1.62,0.0
lat phrao(hayaek-ratchada) (fixed),13.812353_100.562527_cnWJE1sWyX5AJdlSM-XvAg_30_2024-11.jpg,SAFE,None,8.83,6.87,1.96
lat phrao(hayaek-ratchada) (fixed),13.812370_100.562219_7DNtkuTzyjESurVNvqR-Ng_210_2024-11.jpg,SAFE,None,5.97,5.97,0.0
lat phrao(hayaek-ratchada) (fixed),13.812392_100.562448_ig_d4pPN3xH3pFba-kS-GQ_47_2024-11.jpg,SAFE,None,5.96,5.96,0.0
lat phrao(hayaek-ratchada) (fixed),13.812440_100.562366_rJOmpnq19lf96Xpa5NMeEg_30_2024-11.jpg,SAFE,None,3.63,3.63,0.0
lat phrao(hayaek-ratchada) (fixed),13.812472_100.562056_ybkB5Pk6jtfrbhGZKvQtJQ_210_2024-11.jpg,SAFE,None,0.0,0.0,0.0
lat phrao(hayaek-ratchada) (fixed),13.812490_100.562284_m35yUz935zNkvzUgDUGvpw_30_2024-11.jpg,SAFE,None,0.0,0.0,0.0
lat phrao(hayaek-ratchada) (fixed),13.812522_100.561970_skkW10_Z23A1V93SK_2ZIg_210_2024-11.jpg,SAFE,None,0.0,0.0,0.0
lat phrao(hayaek-ratchada) (fixed),13.812539_100.562206_uMndISqLQmz7k-4RMpzjLw_30_2024-11.jpg,SAFE,None,0.0,0.0,0.0
lat phrao(hayaek-ratchada) (fixed),13.812569_100.561882_pEEXCjBfRv3J8RRINONlpA_210_2024-11.jpg,SAFE,None,0.0,0.0,0.0
lat phrao(hayaek-ratchada) (fixed),13.812585_100.562125_zc7K7-_98zn8QVq2EhL4rg_30_2024-11.jpg,SAFE,None,0.0,0.0,0.0
lat phrao(hayaek-ratchada) (fixed),13.812607_100.561768_7ZXlKpzxhcIHiMYb0r9jTA_209_2024-11.jpg,SAFE,None,2.06,2.06,0.0
lat phrao(hayaek-ratchada) (fixed),13.812632_100.562045_irlZ3wJer4LqYfpCXyuUOA_31_2024-11.jpg,SAFE,None,0.79,0.79,0.0
lat phrao(hayaek-ratchada) (fixed),13.812661_100.561715_bUWHyw3Pez7X0_wq2P5tIg_210_2024-11.jpg,SAFE,None,0.0,0.0,0.0
lat phrao(hayaek-ratchada) (fixed),13.812679_100.561967_YGwj4hHJ2D1NlRoSKEei1g_30_2024-11.jpg,CRITICAL,OBSTACLE,37.59,37.59,0.0
lat phrao(hayaek-ratchada) (fixed),13.812709_100.561633_fGvHjphpaMkauLi2iIZARA_210_2024-11.jpg,SAFE,None,0.0,0.0,0.0
lat phrao(hayaek-ratchada) (fixed),13.812723_100.561886_16Pk3ffacCAz1Y5LnWiU2A_30_2024-11.jpg,SAFE,None,0.17,0.17,0.0
lat phrao(hayaek-ratchada) (fixed),13.812754_100.561552_NKr7FmaMs7yTEe2Quq-t4w_210_2024-11.jpg,SAFE,None,2.16,2.16,0.0
lat phrao(hayaek-ratchada) (fixed),13.812768_100.561806_tDw0eeVF6BgR-0heNSYusA_30_2024-11.jpg,SAFE,None,17.28,17.28,0.0
lat phrao(hayaek-ratchada) (fixed),13.812797_100.561471_G9-ID0aYlH-f6DkmY3xgZA_210_2024-11.jpg,SAFE,None,0.0,0.0,0.0
lat phrao(hayaek-ratchada) (fixed),13.812812_100.561726_fXK9zIB_sFOFOfUaH0yfNQ_30_2024-11.jpg,SAFE,None,17.62,17.62,0.0
lat phrao(hayaek-ratchada) (fixed),13.812819_100.561432_AK6_UY_RnVbegnPfP20SJw_210_2024-11.jpg,SAFE,None,3.64,3.64,0.0
lat phrao(hayaek-ratchada) (fixed),13.812857_100.561644_GFoe_6gJ7uqrvwViBxVXqA_30_2024-11.jpg,SAFE,None,0.0,0.0,0.0
lat phrao(hayaek-ratchada) (fixed),13.812864_100.561353_LKU-ihQA_uVOVJRyNVqBjw_210_2024-11.jpg,SAFE,None,0.0,0.0,0.0
lat phrao(hayaek-ratchada) (fixed),13.812903_100.561561_fYeBndJRxAR6mEld1bovEA_30_2024-11.jpg,SAFE,None,11.16,11.16,0.0
lat phrao(hayaek-ratchada) (fixed),13.812910_100.561272_xdafNMIJo1qchHluLblevQ_210_2024-11.jpg,SAFE,None,0.0,0.0,0.0
lat phrao(hayaek-ratchada) (fixed),13.812948_100.561481_mhuWOnXkoyfkdqBWRQffcA_30_2024-11.jpg,SAFE,None,0.09,0.09,0.0
lat phrao(hayaek-ratchada) (fixed),13.812956_100.561190_14dUtwOQ0flGfYUlsSGU7g_210_2024-11.jpg,SAFE,None,0.0,0.0,0.0
lat phrao(hayaek-ratchada) (fixed),13.812993_100.561401_3je_xM9d20hhV1-4ZkfZtw_30_2024-11.jpg,SAFE,None,1.09,1.09,0.0
lat phrao(hayaek-ratchada) (fixed),13.813002_100.561108_ZcVApfrtuMNkzqBkHNZUZw_210_2024-11.jpg,SAFE,None,19.96,19.96,0.0
lat phrao(hayaek-ratchada) (fixed),13.813036_100.560993_KDBsLkGWkuPhCTkbd0sbAA_210_2024-11.jpg,SAFE,None,12.04,12.04,0.0
lat phrao(hayaek-ratchada) (fixed),13.813038_100.561321_-KQz6c-5Wf8UW-o4YN6pyA_30_2024-11.jpg,SAFE,None,16.93,16.93,0.0
lat phrao(hayaek-ratchada) (fixed),13.813084_100.561241_jfzoOnZ6V_JpsATb8JmTmw_30_2024-11.jpg,SAFE,None,15.24,15.24,0.0
lat phrao(hayaek-ratchada) (fixed),13.813094_100.560946_PB8B5zY8Z04qnowHD2i7yQ_211_2024-11.jpg,SAFE,None,3.47,3.47,0.0
lat phrao(hayaek-ratchada) (fixed),13.813129_100.561159_8uhM12jj2xkAqdxfZcUmTQ_30_2024-11.jpg,SAFE,None,19.14,8.42,10.72
lat phrao(hayaek-ratchada) (fixed),13.813142_100.560864_3ynNay8t6HMVwKl4SrO6eg_211_2024-11.jpg,SAFE,None,1.61,1.61,0.0
lat phrao(hayaek-ratchada) (fixed),13.813175_100.561077_lLV4dP_a7yPxO_1T_sHYVQ_30_2024-11.jpg,SAFE,None,7.94,7.94,0.0
lat phrao(hayaek-ratchada) (fixed),13.813190_100.560785_RcTIzqD0FL_dJESE4GYsFQ_211_2024-11.jpg,SAFE,None,2.31,2.31,0.0
lat phrao(hayaek-ratchada) (fixed),13.813219_100.560994_EPc7SPTqMPPK7iWm8hnNFw_30_2024-11.jpg,SAFE,None,15.33,15.33,0.0
lat phrao(hayaek-ratchada) (fixed),13.813258_100.560668_MAuGbi6QiY3K9lbESI_zEQ_212_2024-11.jpg,SAFE,None,1.62,1.62,0.0
lat phrao(hayaek-ratchada) (fixed),13.813264_100.560912_nvQgLbYv0UEYonVbKWrfMw_30_2024-11.jpg,SAFE,None,12.24,12.24,0.0
lat phrao(hayaek-ratchada) (fixed),13.813303_100.560592_-lm5gASgaqmlSn1yiIx5bQ_212_2024-11.jpg,SAFE,None,0.0,0.0,0.0
lat phrao(hayaek-ratchada) (fixed),13.813309_100.560831_ZY91LOLO51NTZmfZXCqtCg_29_2024-11.jpg,SAFE,None,8.77,8.77,0.0
lat phrao(hayaek-ratchada) (fixed),13.813348_100.560517_1I82auBPml2fZEg69kpOiA_212_2024-11.jpg,SAFE,None,0.7,0.7,0.0
lat phrao(hayaek-ratchada) (fixed),13.813354_100.560749_vEbX4hzoufT63Q4MFtvPvA_29_2024-11.jpg,SAFE,None,12.91,11.38,1.53
lat phrao(hayaek-ratchada) (fixed),13.813400_100.560666_6xBnDEf1HDy-aG-WpwVP5g_29_2024-11.jpg,SAFE,None,16.15,16.15,0.0
lat phrao(hayaek-ratchada) (fixed),13.813445_100.560583_tKYCj6FamigFfxHp5ZhnIQ_31_2024-11.jpg,CRITICAL,OBSTACLE,39.99,39.99,0.0
lat phrao(hayaek-ratchada) (fixed),13.813499_100.560505_2tdTE_rzoKnjz90bL-vNfA_44_2024-11.jpg,SAFE,None,2.62,2.62,0.0
lat phrao(ratchada-chok chai 4) (fixed),13.794301_100.594492_uH4Q9Q3iRW_lkg3AoEva6g_209_2024-06.jpg,SAFE,None,0.0,0.0,0.0
lat phrao(ratchada-chok chai 4) (fixed),13.794347_100.594410_w7HNjwCFXf0Lu1hI2qh5AA_209_2024-06.jpg,SAFE,None,0.0,0.0,0.0
lat phrao(ratchada-chok chai 4) (fixed),13.794393_100.594327_kbDAEhZfWuxBLekGUL-wFw_209_2024-06.jpg,SAFE,None,0.36,0.36,0.0
lat phrao(ratchada-chok chai 4) (fixed),13.794408_100.594610_yavQdnVzjsrJ-2n5exWDrQ_30_2024-11.jpg,SAFE,None,0.0,0.0,0.0
lat phrao(ratchada-chok chai 4) (fixed),13.794438_100.594245_L5h_I7smXUHH3ZOi0NPfIw_209_2024-06.jpg,SAFE,None,0.0,0.0,0.0
lat phrao(ratchada-chok chai 4) (fixed),13.794458_100.594530_BSg89n-fdhGYrYGwIGpIdQ_30_2024-11.jpg,SAFE,None,4.63,4.63,0.0
lat phrao(ratchada-chok chai 4) (fixed),13.794485_100.594162__s-9qFmiq8_XRLOlTiAUcQ_209_2024-06.jpg,SAFE,None,0.47,0.47,0.0
lat phrao(ratchada-chok chai 4) (fixed),13.794508_100.594451_ggq6lXAK6LAKTOhu6FYkAA_30_2024-11.jpg,SAFE,None,2.63,2.63,0.0
lat phrao(ratchada-chok chai 4) (fixed),13.794531_100.594079_xWBtMU-cbmKBNyNBsAdwug_209_2024-06.jpg,SAFE,None,0.0,0.0,0.0
lat phrao(ratchada-chok chai 4) (fixed),13.794558_100.594370_J1IaxRdHaZA1QrVImvjWsA_30_2024-11.jpg,SAFE,None,0.0,0.0,0.0
lat phrao(ratchada-chok chai 4) (fixed),13.794577_100.593997_bU_ZOB0Y0NMPov2Ikknf4g_209_2024-06.jpg,SAFE,None,0.0,0.0,0.0
lat phrao(ratchada-chok chai 4) (fixed),13.794607_100.594288_1HkIQQJ8jIuxEEWIERPjuA_30_2024-11.jpg,SAFE,None,0.0,0.0,0.0
lat phrao(ratchada-chok chai 4) (fixed),13.794623_100.593916_IzJrfimQwrGaKl71ivPdAg_209_2024-06.jpg,SAFE,None,5.91,5.91,0.0
lat phrao(ratchada-chok chai 4) (fixed),13.794655_100.594206_9wixA9UgxFngOB-oKcy6yg_30_2024-11.jpg,SAFE,None,0.14,0.14,0.0
lat phrao(ratchada-chok chai 4) (fixed),13.794669_100.593836_onaTaGHO41HfSGoojebR1g_209_2024-06.jpg,SAFE,None,5.23,2.9,2.32
lat phrao(ratchada-chok chai 4) (fixed),13.794701_100.594124_38HSRA8nC_zmKRzq8QVXmA_30_2024-11.jpg,SAFE,None,1.57,1.57,0.0
lat phrao(ratchada-chok chai 4) (fixed),13.794716_100.593754_0jarAjngKIbP7cOVDpWQWg_209_2024-06.jpg,SAFE,None,3.62,3.62,0.0
lat phrao(ratchada-chok chai 4) (fixed),13.794747_100.594040_79LEU_vKFOuLPv64-OysyA_30_2024-11.jpg,SAFE,None,1.21,1.21,0.0
lat phrao(ratchada-chok chai 4) (fixed),13.794785_100.593632_Bq0CxlS68c3mXESDPl6DBA_209_2024-06.jpg,SAFE,None,1.84,1.84,0.0
lat phrao(ratchada-chok chai 4) (fixed),13.794793_100.593957_ry5obgswDdkQJQwzOOmm_Q_30_2024-11.jpg,SAFE,None,1.97,1.97,0.0
lat phrao(ratchada-chok chai 4) (fixed),13.794830_100.593550_GdfxxOoTKiFd4YQvgD0I0Q_209_2024-06.jpg,SAFE,None,0.0,0.0,0.0
lat phrao(ratchada-chok chai 4) (fixed),13.794839_100.593876_tTcBWT6xpoDi3xJtaASxhQ_30_2024-11.jpg,SAFE,None,0.0,0.0,0.0
lat phrao(ratchada-chok chai 4) (fixed),13.794876_100.593468_WBdnjh9t3sJAD_9qAn44Vw_209_2024-06.jpg,SAFE,None,5.15,0.44,4.72
lat phrao(ratchada-chok chai 4) (fixed),13.794921_100.593387_IZ-SbtgsxwX1UNH2ugrlKw_209_2024-06.jpg,SAFE,None,2.24,2.24,0.0
lat phrao(ratchada-chok chai 4) (fixed),13.794953_100.593674_GAHFgLK472kWEJUlCfDBbw_30_2024-11.jpg,SAFE,None,8.51,8.51,0.0
lat phrao(ratchada-chok chai 4) (fixed),13.794966_100.593306_KJEaolEcXbas8hkirLuxbg_209_2024-06.jpg,SAFE,None,0.36,0.36,0.0
lat phrao(ratchada-chok chai 4) (fixed),13.794998_100.593593_WT7Lgdu5bC84S491sEXs8w_30_2024-11.jpg,SAFE,None,4.81,4.81,0.0
lat phrao(ratchada-chok chai 4) (fixed),13.795011_100.593225_ZEhO-hbKz6yYkrUT_UqoSw_209_2024-06.jpg,SAFE,None,0.0,0.0,0.0
lat phrao(ratchada-chok chai 4) (fixed),13.795042_100.593511_mnZlsTkLeqWpM9EaeNtAgA_30_2024-11.jpg,SAFE,None,0.0,0.0,0.0
lat phrao(ratchada-chok chai 4) (fixed),13.795054_100.593145_5AQxm57AaK54hCOu3ySBhg_209_2024-06.jpg,SAFE,None,0.0,0.0,0.0
lat phrao(ratchada-chok chai 4) (fixed),13.795086_100.593430_dSoYZ-BVGPL3Bj5ETFf17g_30_2024-11.jpg,SAFE,None,2.59,2.59,0.0
lat phrao(ratchada-chok chai 4) (fixed),13.795096_100.593069_zy24z1gqh6ZyPxlCcXPAcA_209_2024-06.jpg,SAFE,None,11.35,5.76,5.6
lat phrao(ratchada-chok chai 4) (fixed),13.795130_100.593349_STYF-Tqz_G4fQHPHAagQtg_30_2024-11.jpg,SAFE,None,0.0,0.0,0.0
lat phrao(ratchada-chok chai 4) (fixed),13.795155_100.592959_wDecNGkeBzRq1gYBD8bS_A_210_2024-06.jpg,SAFE,None,1.17,1.17,0.0
lat phrao(ratchada-chok chai 4) (fixed),13.795174_100.593268_7GrQx2shcx9uO_LKQSj22Q_30_2024-11.jpg,SAFE,None,5.38,2.0,3.39
lat phrao(ratchada-chok chai 4) (fixed),13.795219_100.593188_cjZQiMi8MhbuJ1FbRb-J0w_30_2024-11.jpg,SAFE,None,5.22,5.22,0.0
lat phrao(ratchada-chok chai 4) (fixed),13.795253_100.592840_NS9tfIETp5B2B6sLClJR3A_210_2024-06.jpg,SAFE,None,1.32,1.32,0.0
lat phrao(ratchada-chok chai 4) (fixed),13.795264_100.593107_jdlgS1uiVrAkfq8LhKSwcw_30_2024-11.jpg,SAFE,None,0.0,0.0,0.0
lat phrao(ratchada-chok chai 4) (fixed),13.795283_100.592749_XGOzipni2wy9hI-5rf-luA_210_2024-06.jpg,SAFE,None,1.43,1.43,0.0
lat phrao(ratchada-chok chai 4) (fixed),13.795308_100.593026_y1pSvGzJdEiyZnde2zs0Bg_30_2024-11.jpg,SAFE,None,2.91,2.91,0.0
lat phrao(ratchada-chok chai 4) (fixed),13.795322_100.592666_SmoaU4YD5bG4ZPhD8YTM4A_210_2024-06.jpg,SAFE,None,1.77,1.77,0.0
lat phrao(ratchada-chok chai 4) (fixed),13.795351_100.592943_jGGbVz2IS7KrGZ6DzVyE1w_30_2024-11.jpg,SAFE,None,4.93,1.39,3.54
lat phrao(ratchada-chok chai 4) (fixed),13.795369_100.592585_eembqrTY3-h81z3pXaNCAg_210_2024-06.jpg,SAFE,None,0.0,0.0,0.0
lat phrao(ratchada-chok chai 4) (fixed),13.795393_100.592860_LBwntIsD5c-TWmGdX4hcUQ_30_2024-11.jpg,SAFE,None,5.55,5.55,0.0
lat phrao(ratchada-chok chai 4) (fixed),13.795415_100.592505_WZ4SKyWTwYHSPBYD8H3_yA_210_2024-06.jpg,SAFE,None,0.0,0.0,0.0
lat phrao(ratchada-chok chai 4) (fixed),13.795434_100.592779_u4xPGizU_Ux-r0SWFCA8ew_30_2024-11.jpg,SAFE,None,9.39,5.01,4.37
lat phrao(ratchada-chok chai 4) (fixed),13.795450_100.592426_tcfWIEpHeejHxIpx4lDguQ_210_2024-06.jpg,SAFE,None,3.14,3.14,0.0
lat phrao(ratchada-chok chai 4) (fixed),13.795476_100.592695_oCtosRWr4Fhm0CVWS64twg_30_2024-11.jpg,SAFE,None,1.67,1.67,0.0
lat phrao(ratchada-chok chai 4) (fixed),13.795519_100.592612_ZFUGuKLEzSuVAWvPhPfAJw_30_2024-11.jpg,SAFE,None,1.68,1.68,0.0
lat phrao(ratchada-chok chai 4) (fixed),13.795537_100.592278_g9c_d4abEWI2apE8hOk1qw_210_2024-06.jpg,SAFE,None,0.0,0.0,0.0
lat phrao(ratchada-chok chai 4) (fixed),13.795563_100.592530_oMOntUnu2UOimtNp7Gm4mw_30_2024-11.jpg,SAFE,None,2.13,2.13,0.0
lat phrao(ratchada-chok chai 4) (fixed),13.795585_100.592190_sda3ZB2ed-TCwvYkVOx4GQ_210_2024-06.jpg,SAFE,None,6.54,0.0,6.54
lat phrao(ratchada-chok chai 4) (fixed),13.795609_100.592448_fsVmUdF3SQDMcct6g0KXfQ_30_2024-11.jpg,SAFE,None,0.0,0.0,0.0
lat phrao(ratchada-chok chai 4) (fixed),13.795632_100.592106_i0BJWehqC-sbYQ5aKdMiIw_210_2024-06.jpg,SAFE,None,0.0,0.0,0.0
lat phrao(ratchada-chok chai 4) (fixed),13.795654_100.592367_XZIi24ye-wV44TeraBVRmQ_30_2024-11.jpg,SAFE,None,6.74,6.74,0.0
lat phrao(ratchada-chok chai 4) (fixed),13.795678_100.592024_-918aG7z-_O9c2XDuWNvAA_210_2024-06.jpg,SAFE,None,0.0,0.0,0.0
lat phrao(ratchada-chok chai 4) (fixed),13.795699_100.592286__Ed21J1zYfVku7gBSgF_Eg_29_2024-11.jpg,SAFE,None,5.3,5.3,0.0
lat phrao(ratchada-chok chai 4) (fixed),13.795725_100.591942_u_FVMoWsIra6fdm5pyNODQ_210_2024-06.jpg,SAFE,None,0.0,0.0,0.0
lat phrao(ratchada-chok chai 4) (fixed),13.795744_100.592205_KJVPy4O0augwPOITckNutg_29_2024-11.jpg,SAFE,None,2.63,2.63,0.0
lat phrao(ratchada-chok chai 4) (fixed),13.795771_100.591861_DONOaOvWRjv5Fl4jOPNqBw_210_2024-06.jpg,SAFE,None,0.0,0.0,0.0
lat phrao(ratchada-chok chai 4) (fixed),13.795790_100.592125_KGlWT1bzhvpyu2XJnnF9Bg_29_2024-11.jpg,SAFE,None,0.45,0.45,0.0
lat phrao(ratchada-chok chai 4) (fixed),13.795816_100.591780_uFo9Z9NtaLTiMrri8-u8Vg_210_2024-06.jpg,SAFE,None,2.78,2.78,0.0
lat phrao(ratchada-chok chai 4) (fixed),13.795835_100.592044_IZd7kDGzYqjlqgLz8qA-TQ_29_2024-11.jpg,SAFE,None,1.67,0.0,1.67
lat phrao(ratchada-chok chai 4) (fixed),13.795861_100.591701_bhKyYuC_YJZDNiBZm5rU4g_210_2024-06.jpg,SAFE,None,0.81,0.81,0.0
lat phrao(ratchada-chok chai 4) (fixed),13.795881_100.591963_VJmpGneIg-tjSN0GQbmXMA_29_2024-11.jpg,CRITICAL,BOTH,75.82,37.91,37.91
lat phrao(ratchada-chok chai 4) (fixed),13.795943_100.591559_hzHNPg2k5WuZ_zCcy40UcQ_210_2024-02.jpg,SAFE,None,1.14,1.14,0.0
lat phrao(ratchada-chok chai 4) (fixed),13.795949_100.591843_v0Y4P-4gNLs9IhZs7RYEOA_30_2024-11.jpg,SAFE,None,1.59,1.59,0.0
lat phrao(ratchada-chok chai 4) (fixed),13.795989_100.591479_ZbO3EkDDNZyNJ1aSrb94zA_210_2024-02.jpg,SAFE,None,0.0,0.0,0.0
lat phrao(ratchada-chok chai 4) (fixed),13.795995_100.591761_ASCMAbRFcie6Gj7ALjCIow_30_2024-11.jpg,SAFE,None,4.99,4.99,0.0
lat phrao(ratchada-chok chai 4) (fixed),13.796034_100.591398_kYPm80YDHWbtPp-EXu6M2Q_210_2024-02.jpg,SAFE,None,0.0,0.0,0.0
lat phrao(ratchada-chok chai 4) (fixed),13.796041_100.591679__ep0DVCsr6SgM_SUBIemfg_30_2024-11.jpg,SAFE,None,0.0,0.0,0.0
lat phrao(ratchada-chok chai 4) (fixed),13.796077_100.591318_U7Glolu_mAVYFsKhrW-RcQ_210_2024-02.jpg,SAFE,None,1.96,1.96,0.0
lat phrao(ratchada-chok chai 4) (fixed),13.796088_100.591597_H-HvTOdU62QlrA_y5TGXqQ_30_2024-11.jpg,SAFE,None,0.7,0.7,0.0
lat phrao(ratchada-chok chai 4) (fixed),13.796125_100.591238_wP6_E7BtwJpTfxf7L5O0ig_210_2024-02.jpg,SAFE,None,1.97,1.97,0.0
lat phrao(ratchada-chok chai 4) (fixed),13.796134_100.591515_C1VHwvYKLUQ4mZqSEZft-g_30_2024-11.jpg,SAFE,None,0.0,0.0,0.0
lat phrao(ratchada-chok chai 4) (fixed),13.796171_100.591156_kKeiszbyOxukNEvP7K9w6A_210_2024-02.jpg,SAFE,None,0.86,0.86,0.0
lat phrao(ratchada-chok chai 4) (fixed),13.796178_100.591434_4gvyaqC-fguEm1Sa8dXfTQ_30_2024-11.jpg,SAFE,None,0.0,0.0,0.0
lat phrao(ratchada-chok chai 4) (fixed),13.796216_100.591073_14CW7WbRS3QU4kpz_6HhUw_210_2024-02.jpg,SAFE,None,3.4,3.4,0.0
lat phrao(ratchada-chok chai 4) (fixed),13.796224_100.591352_cWBuK7p9ub6rnp6EKworWg_30_2024-11.jpg,SAFE,None,0.0,0.0,0.0
lat phrao(ratchada-chok chai 4) (fixed),13.796262_100.590992_XeaJYvSPKHrcapDQIIuKLA_210_2024-02.jpg,SAFE,None,0.0,0.0,0.0
lat phrao(ratchada-chok chai 4) (fixed),13.796269_100.591271_qbpvbn4n98RxO_CNiW51-Q_30_2024-11.jpg,ERROR (No Sidewalk),SURFACE DAMAGE,-1,0.0,0.0
lat phrao(ratchada-chok chai 4) (fixed),13.796308_100.590911_42NmbpCba549C1_FbXs3-A_210_2024-02.jpg,SAFE,None,1.97,1.97,0.0
lat phrao(ratchada-chok chai 4) (fixed),13.796314_100.591189_maSmu3fWbswhS2aktkm08Q_30_2024-11.jpg,SAFE,None,4.8,4.8,0.0
lat phrao(ratchada-chok chai 4) (fixed),13.796354_100.590829_xF_7DK-ZYycVdRLAHpEjTw_210_2024-02.jpg,SAFE,None,0.0,0.0,0.0
lat phrao(ratchada-chok chai 4) (fixed),13.796360_100.591106_WoT8GlA34XXjzNucOdZcyA_30_2024-11.jpg,SAFE,None,0.0,0.0,0.0
lat phrao(ratchada-chok chai 4) (fixed),13.796365_100.590782_QLZbKcJzH0dU4B0iirBrGQ_210_2024-06.jpg,SAFE,None,1.25,1.25,0.0
lat phrao(ratchada-chok chai 4) (fixed),13.796405_100.591025_A-csiFJA3mzxEe63BDmCHw_30_2024-11.jpg,SAFE,None,0.0,0.0,0.0
lat phrao(ratchada-chok chai 4) (fixed),13.796426_100.590697_S1haA2V_CfbIn56agVd-pw_210_2024-06.jpg,WARNING,OBSTACLE,20.66,20.66,0.0
lat phrao(ratchada-chok chai 4) (fixed),13.796452_100.590943_NLumgiaAGGO4_Af7VnZU7A_30_2024-11.jpg,SAFE,None,0.0,0.0,0.0
lat phrao(ratchada-chok chai 4) (fixed),13.796475_100.590612_L4I6xN0KpV8K_vgJ4hAG0A_210_2024-06.jpg,SAFE,None,1.5,1.5,0.0
lat phrao(ratchada-chok chai 4) (fixed),13.796498_100.590860_AWB1f9f9cp28WkMRu7hOdQ_30_2024-11.jpg,SAFE,None,0.0,0.0,0.0
lat phrao(ratchada-chok chai 4) (fixed),13.796522_100.590529_bEWrIZtGnB8t1yKODPbbzw_210_2024-06.jpg,SAFE,None,1.83,1.83,0.0
lat phrao(ratchada-chok chai 4) (fixed),13.796545_100.590777_qWwxvqqrkLK5xu2rJCcnFQ_30_2024-11.jpg,SAFE,None,2.69,2.69,0.0
lat phrao(ratchada-chok chai 4) (fixed),13.796567_100.590447_zKr_3HHRODidwit1w8uhuw_210_2024-06.jpg,SAFE,None,0.81,0.81,0.0
lat phrao(ratchada-chok chai 4) (fixed),13.796590_100.590406_ApDnQ_C4ahKMnJlX7qEPjg_210_2024-06.jpg,SAFE,None,7.92,0.0,7.92
lat phrao(ratchada-chok chai 4) (fixed),13.796592_100.590694_MMUCiocr1eGNU5mj5Npm-Q_30_2024-11.jpg,SAFE,None,0.0,0.0,0.0
lat phrao(ratchada-chok chai 4) (fixed),13.796637_100.590323_Y94wUDvIUTT_7I7KBuvRZw_210_2024-06.jpg,SAFE,None,0.0,0.0,0.0
lat phrao(ratchada-chok chai 4) (fixed),13.796640_100.590609_QhRcByYrT0I6G09JVEqUrQ_30_2024-11.jpg,SAFE,None,0.0,0.0,0.0
lat phrao(ratchada-chok chai 4) (fixed),13.796683_100.590240_yJ2jkw-eS4PLrNJGIdauVw_210_2024-06.jpg,SAFE,None,7.61,7.61,0.0
lat phrao(ratchada-chok chai 4) (fixed),13.796688_100.590523_BOEeEI6GrhOn6Oekpr1gaQ_30_2024-11.jpg,ERROR (No Sidewalk),SURFACE DAMAGE,-1,0.0,0.0
lat phrao(ratchada-chok chai 4) (fixed),13.796711_100.590479_D5dXKcWeO8Y6O1SvYqskEA_30_2024-11.jpg,SAFE,None,0.0,0.0,0.0
lat phrao(ratchada-chok chai 4) (fixed),13.796752_100.590115_wsh5iHSnFSdi0UdGtXpzkw_209_2024-06.jpg,SAFE,None,0.37,0.37,0.0
lat phrao(ratchada-chok chai 4) (fixed),13.796760_100.590392_RQaJNDwspmXBRkGyQ16GCQ_30_2024-11.jpg,SAFE,None,0.0,0.0,0.0
lat phrao(ratchada-chok chai 4) (fixed),13.796799_100.590033_zVWKoE80A9ylmAJzz8oqxQ_209_2024-06.jpg,SAFE,None,0.0,0.0,0.0
lat phrao(ratchada-chok chai 4) (fixed),13.796806_100.590310_dRJ_s5mnkWCen3VVWJfIJw_30_2024-11.jpg,SAFE,None,0.0,0.0,0.0
lat phrao(ratchada-chok chai 4) (fixed),13.796845_100.589950_AxkAEFAAeqkCt7GhnLEvZw_209_2024-06.jpg,SAFE,None,8.32,0.0,8.32
lat phrao(ratchada-chok chai 4) (fixed),13.796851_100.590231_rIIb8EV7aw9IMw_a6nDnXg_30_2024-11.jpg,SAFE,None,1.19,1.19,0.0
lat phrao(ratchada-chok chai 4) (fixed),13.796892_100.589868_4cP1soQk1_caIbjbvE43aA_209_2024-06.jpg,SAFE,None,2.57,2.57,0.0
lat phrao(ratchada-chok chai 4) (fixed),13.796895_100.590154_zGQ5mb1scuGB3lOgBX0FLw_30_2024-11.jpg,SAFE,None,2.54,2.54,0.0
lat phrao(ratchada-chok chai 4) (fixed),13.796938_100.589786_n4jxLk-ZSfEUnvJoVeN9tw_209_2024-06.jpg,SAFE,None,0.0,0.0,0.0
lat phrao(ratchada-chok chai 4) (fixed),13.796940_100.590078_-6sNrjAkSlUuK6-C8Rmi3Q_30_2024-11.jpg,SAFE,None,10.95,10.95,0.0
lat phrao(ratchada-chok chai 4) (fixed),13.796985_100.589703_Mc3JI9Jl6TU9nGewv96_VQ_209_2024-06.jpg,SAFE,None,0.91,0.91,0.0
lat phrao(ratchada-chok chai 4) (fixed),13.796985_100.590002_1Oi9flVTSsBZ94RnvQAQrg_30_2024-11.jpg,SAFE,None,0.0,0.0,0.0
lat phrao(ratchada-chok chai 4) (fixed),13.797031_100.589622_nKt4LxLP1FwB9knHvw0uGQ_209_2024-06.jpg,SAFE,None,0.0,0.0,0.0
lat phrao(ratchada-chok chai 4) (fixed),13.797032_100.589924_KYnz2gy1nS6aAytOGhyq0g_30_2024-11.jpg,WARNING,OBSTACLE,27.88,27.88,0.0
lat phrao(ratchada-chok chai 4) (fixed),13.797077_100.589539_tjtRLDh-5-O5QUy3ztWKKg_209_2024-06.jpg,SAFE,None,0.0,0.0,0.0
lat phrao(ratchada-chok chai 4) (fixed),13.797081_100.589847_4I02D1NQBVc3KU3pWrxdpA_30_2024-11.jpg,SAFE,None,0.0,0.0,0.0
lat phrao(ratchada-chok chai 4) (fixed),13.797123_100.589458_-Rldgkd22E3cQun-RDA1kg_209_2024-06.jpg,SAFE,None,0.0,0.0,0.0
lat phrao(ratchada-chok chai 4) (fixed),13.797129_100.589770_oXi8zzave3eY2om3gxh5vw_30_2024-11.jpg,SAFE,None,0.0,0.0,0.0
lat phrao(ratchada-chok chai 4) (fixed),13.797168_100.589378__3FCuZ7avEiztjWlyjtJVg_209_2024-06.jpg,SAFE,None,0.0,0.0,0.0
lat phrao(ratchada-chok chai 4) (fixed),13.797177_100.589691_CVzdaGG3qNU8rvuZpnU2mQ_30_2024-11.jpg,SAFE,None,0.0,0.0,0.0
lat phrao(ratchada-chok chai 4) (fixed),13.797213_100.589297_25S_dP-0RWpn9PMj1ZoK-w_210_2024-06.jpg,CRITICAL,SURFACE DAMAGE,51.15,0.0,51.15
lat phrao(ratchada-chok chai 4) (fixed),13.797225_100.589611_qCdI8uovIVU80LSPZ63OYw_30_2024-11.jpg,SAFE,None,0.0,0.0,0.0
lat phrao(ratchada-chok chai 4) (fixed),13.797259_100.589214_hTfCJbB6FngLZNrjQlfmGw_211_2024-06.jpg,SAFE,None,0.0,0.0,0.0
lat phrao(ratchada-chok chai 4) (fixed),13.797271_100.589530_TRHc6na6-lxfQ4D_183W0w_30_2024-11.jpg,SAFE,None,0.0,0.0,0.0
lat phrao(ratchada-chok chai 4) (fixed),13.797303_100.589132_QAu-DJ-uOprYB0XMYHdpxg_211_2024-06.jpg,SAFE,None,0.0,0.0,0.0
lat phrao(ratchada-chok chai 4) (fixed),13.797318_100.589448_nrbkx0jr26n3FE9DiK_cDw_30_2024-11.jpg,SAFE,None,0.0,0.0,0.0
lat phrao(ratchada-chok chai 4) (fixed),13.797348_100.589050_syYfvbLi5RU9pchbSvV_YQ_211_2024-06.jpg,SAFE,None,0.0,0.0,0.0
lat phrao(ratchada-chok chai 4) (fixed),13.797365_100.589367_n1fqIpNqeLfvGOoERj2fLQ_30_2024-11.jpg,SAFE,None,0.0,0.0,0.0
lat phrao(ratchada-chok chai 4) (fixed),13.797394_100.588970_97Pu0JIX8HghwBmQe1ZBwQ_211_2024-06.jpg,SAFE,None,0.0,0.0,0.0
lat phrao(ratchada-chok chai 4) (fixed),13.797413_100.589284_leXJPv8wzFOLGmZKzZNxiQ_30_2024-11.jpg,SAFE,None,0.0,0.0,0.0
lat phrao(ratchada-chok chai 4) (fixed),13.797440_100.588890_hw8Od0tP1DoXjGAihgw8xw_210_2024-06.jpg,SAFE,None,0.0,0.0,0.0
lat phrao(ratchada-chok chai 4) (fixed),13.797458_100.589204_3p7ayozzMlfxf3sKSVT1uw_30_2024-11.jpg,SAFE,None,0.0,0.0,0.0
lat phrao(ratchada-chok chai 4) (fixed),13.797487_100.588808_78ub4hcGg63vby2gRjAakQ_210_2024-06.jpg,SAFE,None,0.0,0.0,0.0
lat phrao(ratchada-chok chai 4) (fixed),13.797503_100.589122_eFufqVRy9Gu_9bhkqGvkCg_30_2024-11.jpg,SAFE,None,0.0,0.0,0.0
lat phrao(ratchada-chok chai 4) (fixed),13.797534_100.588726_hkswIMZ33GzhRGr2-w1qUg_210_2024-06.jpg,SAFE,None,0.0,0.0,0.0
lat phrao(ratchada-chok chai 4) (fixed),13.797549_100.589039_A3s138kBpoCVt_ZHTphyAA_30_2024-11.jpg,SAFE,None,0.0,0.0,0.0
lat phrao(ratchada-chok chai 4) (fixed),13.797581_100.588643_TtLNANGWDz03DVRz9_XmpA_210_2024-06.jpg,SAFE,None,0.0,0.0,0.0
lat phrao(ratchada-chok chai 4) (fixed),13.797595_100.588956_uvIW-qHZAmWWq2cR754LiA_30_2024-11.jpg,SAFE,None,0.0,0.0,0.0
lat phrao(ratchada-chok chai 4) (fixed),13.797626_100.588562_uRdFfgmexAp-5ApHSzSiIQ_210_2024-06.jpg,SAFE,None,2.51,0.0,2.51
lat phrao(ratchada-chok chai 4) (fixed),13.797640_100.588874_-uetfVlcBXynBjK-7UIQZw_30_2024-11.jpg,SAFE,None,0.0,0.0,0.0
lat phrao(ratchada-chok chai 4) (fixed),13.797672_100.588479_Trqoylf3TBaUcKgpZ2JUEQ_210_2024-06.jpg,SAFE,None,0.0,0.0,0.0
lat phrao(ratchada-chok chai 4) (fixed),13.797686_100.588792_tp9w2ab4KUy0N-fZd3FRNw_30_2024-11.jpg,SAFE,None,0.0,0.0,0.0
lat phrao(ratchada-chok chai 4) (fixed),13.797717_100.588397_NUs44BbiPHucWi2fuusoUw_210_2024-06.jpg,SAFE,None,0.0,0.0,0.0
lat phrao(ratchada-chok chai 4) (fixed),13.797732_100.588708_CCTn3DkMbirbpQ_42XYvWg_30_2024-11.jpg,WARNING,SURFACE DAMAGE,20.87,0.0,20.87
lat phrao(ratchada-chok chai 4) (fixed),13.797779_100.588625_pCSOz1ajthzu-z7AnmOMvg_30_2024-11.jpg,SAFE,None,3.01,0.0,3.01
lat phrao(ratchada-chok chai 4) (fixed),13.797784_100.588274_0aiQW1ALEI7bdBBQSTap9w_210_2024-06.jpg,SAFE,None,1.78,1.78,0.0
lat phrao(ratchada-chok chai 4) (fixed),13.797826_100.588542_O16JOd3OC2rs10afCSoC8g_30_2024-11.jpg,SAFE,None,0.0,0.0,0.0
lat phrao(ratchada-chok chai 4) (fixed),13.797869_100.588187_-lQFEsWRNmP5d4gzlSlWTg_210_2024-11.jpg,SAFE,None,0.0,0.0,0.0
lat phrao(ratchada-chok chai 4) (fixed),13.797874_100.588459_GjM8plJwJEZvn03H6Y_OUA_30_2024-11.jpg,SAFE,None,0.0,0.0,0.0
lat phrao(ratchada-chok chai 4) (fixed),13.797892_100.588138_FuFBp-1ckDlUfUWBOsb5uQ_210_2024-11.jpg,SAFE,None,1.54,1.54,0.0
lat phrao(ratchada-chok chai 4) (fixed),13.797916_100.588244_5en1CxVnlOHkm9lGRvXMVg_30_2024-11.jpg,SAFE,None,0.0,0.0,0.0
lat phrao(ratchada-chok chai 4) (fixed),13.797924_100.588371_YDuEf1as-yjI9D7vWVWZOQ_30_2024-11.jpg,SAFE,None,18.0,0.27,17.73
lat phrao(ratchada-chok chai 4) (fixed),13.797941_100.588050_ZBRnLmyz0jYZCH_IzyfbCg_210_2024-11.jpg,SAFE,None,9.32,9.32,0.0
lat phrao(ratchada-chok chai 4) (fixed),13.797984_100.588146_FIZcpzTP_E9O3Wq3yI6Y0g_30_2024-11.jpg,SAFE,None,0.0,0.0,0.0
lat phrao(ratchada-chok chai 4) (fixed),13.797991_100.587965_sAhuz0boxE3EPi7X3ksZdA_210_2024-11.jpg,SAFE,None,12.61,12.61,0.0
lat phrao(ratchada-chok chai 4) (fixed),13.798028_100.588069_SVylXQONSyfo15TVYSI8qA_30_2024-11.jpg,SAFE,None,0.0,0.0,0.0
lat phrao(ratchada-chok chai 4) (fixed),13.798038_100.587881_gRZO0HXUeh1-pnvzY7GtkQ_210_2024-11.jpg,SAFE,None,0.0,0.0,0.0
lat phrao(ratchada-chok chai 4) (fixed),13.798072_100.587991_HrpwpBmQCcN0ZMASZToX9g_30_2024-11.jpg,SAFE,None,0.0,0.0,0.0
lat phrao(ratchada-chok chai 4) (fixed),13.798084_100.587801_Nz1w82-ZbLW3b_wkTwDzqQ_210_2024-11.jpg,SAFE,None,0.0,0.0,0.0
lat phrao(ratchada-chok chai 4) (fixed),13.798130_100.587719_RVbPGHn17EpO8hrSjQe9Pw_210_2024-11.jpg,SAFE,None,0.0,0.0,0.0
lat phrao(ratchada-chok chai 4) (fixed),13.798138_100.587873_6nR9Gsl4RAY6MCwPoT1u-w_30_2024-11.jpg,SAFE,None,0.0,0.0,0.0
lat phrao(ratchada-chok chai 4) (fixed),13.798140_100.587979_Jaw4U5qEhnzpj_ee8UmN4w_30_2024-11.jpg,SAFE,None,0.71,0.71,0.0
lat phrao(ratchada-chok chai 4) (fixed),13.798177_100.587636_ZiLJxySKFxF_tIrTDR_uYA_210_2024-11.jpg,SAFE,None,0.0,0.0,0.0
lat phrao(ratchada-chok chai 4) (fixed),13.798183_100.587793_JSQgbi3hoQ2mBpMB0ZHcUw_30_2024-11.jpg,SAFE,None,0.0,0.0,0.0
lat phrao(ratchada-chok chai 4) (fixed),13.798224_100.587552_sdG_RF9p7B3gYm8xIjGAtA_210_2024-11.jpg,SAFE,None,0.53,0.53,0.0
lat phrao(ratchada-chok chai 4) (fixed),13.798228_100.587714_iaVX9nwjY2_J-w9GFE6nHg_30_2024-11.jpg,SAFE,None,0.0,0.0,0.0
lat phrao(ratchada-chok chai 4) (fixed),13.798270_100.587469_2YhlPVDfhhHQUeEwUEVOOg_210_2024-11.jpg,SAFE,None,0.89,0.89,0.0
lat phrao(ratchada-chok chai 4) (fixed),13.798272_100.587634_G1exq-xzirVaGA2X1JkFOQ_30_2024-11.jpg,SAFE,None,0.0,0.0,0.0
lat phrao(ratchada-chok chai 4) (fixed),13.798316_100.587389_CCshNb6DtRpLEH3isydo9A_211_2024-11.jpg,SAFE,None,0.36,0.36,0.0
lat phrao(ratchada-chok chai 4) (fixed),13.798316_100.587554_hUORwd53qYfvsXfM6yED6A_30_2024-11.jpg,SAFE,None,0.0,0.0,0.0
lat phrao(ratchada-chok chai 4) (fixed),13.798361_100.587472_51DPNJq08llIqFPekKQE7w_30_2024-11.jpg,SAFE,None,0.0,0.0,0.0
lat phrao(ratchada-chok chai 4) (fixed),13.798362_100.587306_IOgoeUKfq4x7zJuOkOkiOA_211_2024-11.jpg,SAFE,None,0.0,0.0,0.0
lat phrao(ratchada-chok chai 4) (fixed),13.798407_100.587223_ZsdZAEt928MUAe1toU7OfA_211_2024-11.jpg,SAFE,None,0.0,0.0,0.0
lat phrao(ratchada-chok chai 4) (fixed),13.798409_100.587386_YyB8C7deGhVF66cMPIcO7A_30_2024-11.jpg,SAFE,None,0.0,0.0,0.0
lat phrao(ratchada-chok chai 4) (fixed),13.798452_100.587138_S2HFD5MinGL7KjBG07DC-g_211_2024-11.jpg,SAFE,None,0.0,0.0,0.0
lat phrao(ratchada-chok chai 4) (fixed),13.798455_100.587302_NrVbt7ZyPgoo2g85ViX8_g_31_2024-11.jpg,SAFE,None,0.0,0.0,0.0
lat phrao(ratchada-chok chai 4) (fixed),13.798493_100.587055_nNfaO-AoYBBz6x2fATQF4g_211_2024-11.jpg,SAFE,None,0.0,0.0,0.0
lat phrao(ratchada-chok chai 4) (fixed),13.798501_100.587221_peBl4YMyZ_yQT7qdfjc6-w_30_2024-11.jpg,SAFE,None,0.0,0.0,0.0
lat phrao(ratchada-chok chai 4) (fixed),13.798534_100.586972_aoDdm-qJOxJY8KNBIw8gEA_211_2024-11.jpg,SAFE,None,0.0,0.0,0.0
lat phrao(ratchada-chok chai 4) (fixed),13.798545_100.587142_YjWco_46RdR_TL_l3t5kMQ_30_2024-11.jpg,SAFE,None,0.0,0.0,0.0
lat phrao(ratchada-chok chai 4) (fixed),13.798576_100.586890_Fm6E4-0RoAVtI9A15Or3wA_211_2024-11.jpg,WARNING,OBSTACLE,30.55,30.55,0.0
lat phrao(ratchada-chok chai 4) (fixed),13.798590_100.587063_Emtmu9Fj4gstmMxx6kAZ1w_30_2024-11.jpg,SAFE,None,0.0,0.0,0.0
lat phrao(ratchada-chok chai 4) (fixed),13.798618_100.586807_Eb8K38_mZyP_6BGLS057AA_210_2024-11.jpg,SAFE,None,7.27,7.27,0.0
lat phrao(ratchada-chok chai 4) (fixed),13.798637_100.586981_2qDz-S43z78HlacfAOSQkg_30_2024-11.jpg,SAFE,None,0.0,0.0,0.0
lat phrao(ratchada-chok chai 4) (fixed),13.798661_100.586724_naQxjWUqTk4df0I1OxZBgw_210_2024-11.jpg,SAFE,None,0.0,0.0,0.0
lat phrao(ratchada-chok chai 4) (fixed),13.798683_100.586898_DEjTkGUt1hckqm9N-fh93Q_30_2024-11.jpg,SAFE,None,0.0,0.0,0.0
lat phrao(ratchada-chok chai 4) (fixed),13.798705_100.586641_ByKXwX7Lu4heT0qp0__lLA_210_2024-11.jpg,SAFE,None,0.0,0.0,0.0
lat phrao(ratchada-chok chai 4) (fixed),13.798729_100.586817_mhjPqhCgWW7kB58jmzlDOA_31_2024-11.jpg,SAFE,None,0.0,0.0,0.0
lat phrao(ratchada-chok chai 4) (fixed),13.798749_100.586559_Jt4Yc4CzrxYQEMkORTG-tA_210_2024-11.jpg,SAFE,None,0.0,0.0,0.0
lat phrao(ratchada-chok chai 4) (fixed),13.798774_100.586737_lVZ7yCmUq_XlqpY6guoK9w_31_2024-11.jpg,SAFE,None,0.0,0.0,0.0
lat phrao(ratchada-chok chai 4) (fixed),13.798794_100.586477_qiS4uvaAPRrvfBijEZppbQ_210_2024-11.jpg,SAFE,None,0.0,0.0,0.0
lat phrao(ratchada-chok chai 4) (fixed),13.798820_100.586656_VSzrjIrxMBO7RjZII3jQnw_31_2024-11.jpg,SAFE,None,0.0,0.0,0.0
lat phrao(ratchada-chok chai 4) (fixed),13.798839_100.586396_mSYBqN_u8_Hwki7p6PgAPA_210_2024-11.jpg,SAFE,None,0.0,0.0,0.0
lat phrao(ratchada-chok chai 4) (fixed),13.798866_100.586574_ue30sJ0gOG7LuSesNaqj9w_31_2024-11.jpg,SAFE,None,0.0,0.0,0.0
lat phrao(ratchada-chok chai 4) (fixed),13.798885_100.586314_jtqiW8uIVNhlClE8OlwqvQ_210_2024-11.jpg,SAFE,None,0.0,0.0,0.0
lat phrao(ratchada-chok chai 4) (fixed),13.798912_100.586492_CivSf-ylzGzLoVw-u_7sGw_30_2024-11.jpg,SAFE,None,0.0,0.0,0.0
lat phrao(ratchada-chok chai 4) (fixed),13.798931_100.586232_yr3e8GnylvE697BgJpcpdg_210_2024-11.jpg,SAFE,None,0.0,0.0,0.0
lat phrao(ratchada-chok chai 4) (fixed),13.798960_100.586406_295TujKS5FnLp094OUS2qQ_30_2024-11.jpg,SAFE,None,0.0,0.0,0.0
lat phrao(ratchada-chok chai 4) (fixed),13.798977_100.586151_xeIlRPxbyAckFT_W5MPd1Q_210_2024-11.jpg,SAFE,None,0.79,0.79,0.0
lat phrao(ratchada-chok chai 4) (fixed),13.799007_100.586322_8tLEfhoSdzKZftdBsWuuPA_30_2024-11.jpg,SAFE,None,0.0,0.0,0.0
lat phrao(ratchada-chok chai 4) (fixed),13.799023_100.586069_QkC0Nin1oKzOlUZ41Q-wkw_210_2024-11.jpg,SAFE,None,1.08,1.08,0.0
lat phrao(ratchada-chok chai 4) (fixed),13.799051_100.586243_Vw636SGEC76JW7nng1z_sQ_30_2024-11.jpg,SAFE,None,0.0,0.0,0.0
lat phrao(ratchada-chok chai 4) (fixed),13.799069_100.585988_R2yvKpsCwyQyUMBIDXCDTA_210_2024-11.jpg,SAFE,None,1.27,1.27,0.0
lat phrao(ratchada-chok chai 4) (fixed),13.799096_100.586166_L47jy68TXkQ0nUQRJ4TLUw_30_2024-11.jpg,SAFE,None,0.0,0.0,0.0
lat phrao(ratchada-chok chai 4) (fixed),13.799114_100.585907_avTqSY6oLzOfKYJaQvFSyQ_210_2024-11.jpg,SAFE,None,8.11,4.87,3.23
lat phrao(ratchada-chok chai 4) (fixed),13.799138_100.585866_1vmx2nNhb9wLmFsxGBWtkg_210_2024-11.jpg,WARNING,OBSTACLE,21.6,21.6,0.0
lat phrao(ratchada-chok chai 4) (fixed),13.799140_100.586087_EXMa4D-ANpXs_ABxE5SE5g_30_2024-11.jpg,SAFE,None,0.0,0.0,0.0
lat phrao(ratchada-chok chai 4) (fixed),13.799182_100.585784_V9SRjvmkgxRZzFvY8wUJBQ_210_2024-11.jpg,SAFE,None,0.0,0.0,0.0
lat phrao(ratchada-chok chai 4) (fixed),13.799185_100.586010_GshVuOubLSbLJPfraNp9IA_30_2024-11.jpg,SAFE,None,0.0,0.0,0.0
lat phrao(ratchada-chok chai 4) (fixed),13.799228_100.585702_JxuE4zwjZNiu4fW6mIGqBw_210_2024-11.jpg,SAFE,None,0.0,0.0,0.0
lat phrao(ratchada-chok chai 4) (fixed),13.799231_100.585932_T7w6ZilAbhJUhENfXWaDHQ_30_2024-11.jpg,SAFE,None,0.0,0.0,0.0
lat phrao(ratchada-chok chai 4) (fixed),13.799274_100.585622_rgLt1_dNr5ZLEBioi15d5g_210_2024-11.jpg,SAFE,None,0.0,0.0,0.0
lat phrao(ratchada-chok chai 4) (fixed),13.799277_100.585855_bVj-AMNtAJP3RuYlveWI2Q_30_2024-11.jpg,SAFE,None,0.0,0.0,0.0
lat phrao(ratchada-chok chai 4) (fixed),13.799318_100.585541_xO9jDWUXS1HCvx3Ayme76w_210_2024-11.jpg,CRITICAL,SURFACE DAMAGE,46.66,4.99,41.67
lat phrao(ratchada-chok chai 4) (fixed),13.799324_100.585776_gBAZHwyd-k1NmjyCjb1L9Q_30_2024-11.jpg,SAFE,None,0.0,0.0,0.0
lat phrao(ratchada-chok chai 4) (fixed),13.799364_100.585459_kVpk4BuSvlViCkGAyMHUyQ_210_2024-11.jpg,SAFE,None,5.06,5.06,0.0
lat phrao(ratchada-chok chai 4) (fixed),13.799372_100.585697_YnGa0YsVOrlhonvDwYc04A_30_2024-11.jpg,ERROR (No Sidewalk),SURFACE DAMAGE,-1,0.0,0.0
lat phrao(ratchada-chok chai 4) (fixed),13.799410_100.585379_A-9PVJ9v-Nt72Jli-0oCRw_210_2024-11.jpg,WARNING,OBSTACLE,23.71,23.71,0.0
lat phrao(ratchada-chok chai 4) (fixed),13.799422_100.585618_vDPXfYLCGj5AxT-4EFUIvw_30_2024-11.jpg,SAFE,None,0.0,0.0,0.0
lat phrao(ratchada-chok chai 4) (fixed),13.799455_100.585298_TuCnvcZp9dAiSupRm83r4g_210_2024-11.jpg,SAFE,None,0.0,0.0,0.0
lat phrao(ratchada-chok chai 4) (fixed),13.799470_100.585538_01RKzBDLhqu_wV6KmPWCJw_30_2024-11.jpg,SAFE,None,0.69,0.69,0.0
lat phrao(ratchada-chok chai 4) (fixed),13.799500_100.585217_LI-S_V6J9jB2D3xg71wfxQ_210_2024-11.jpg,SAFE,None,3.08,3.08,0.0
lat phrao(ratchada-chok chai 4) (fixed),13.799520_100.585457_DEsSTPtdeZnAXBr5MKrIsg_30_2024-11.jpg,SAFE,None,2.04,2.04,0.0
lat phrao(ratchada-chok chai 4) (fixed),13.799545_100.585136_wvVS37FIaPTH-TrO6plfWQ_210_2024-11.jpg,SAFE,None,0.0,0.0,0.0
lat phrao(ratchada-chok chai 4) (fixed),13.799567_100.585375_xUajSgecjSJFsdrGp3_wZw_30_2024-11.jpg,SAFE,None,2.9,2.9,0.0
lat phrao(ratchada-chok chai 4) (fixed),13.799590_100.585055_ed3st50_7qo34e3l0U_Uww_210_2024-11.jpg,SAFE,None,0.66,0.66,0.0
lat phrao(ratchada-chok chai 4) (fixed),13.799612_100.585015_Zjrwuu9Rbw_LcypcGyeDgQ_209_2024-11.jpg,SAFE,None,5.29,5.29,0.0
lat phrao(ratchada-chok chai 4) (fixed),13.799614_100.585295_-uLWFDE1_n93-ririByzFw_30_2024-11.jpg,SAFE,None,3.88,3.88,0.0
lat phrao(ratchada-chok chai 4) (fixed),13.799656_100.584933_MY1GYwjQQBZ85X3-qhaBQw_209_2024-11.jpg,SAFE,None,0.24,0.24,0.0
lat phrao(ratchada-chok chai 4) (fixed),13.799660_100.585213_o4w-A1METwvOyu_wUEO67Q_30_2024-11.jpg,SAFE,None,1.99,1.99,0.0
lat phrao(ratchada-chok chai 4) (fixed),13.799702_100.584851_yRWgsmLNPKvztvXtcgHvqA_209_2024-11.jpg,SAFE,None,2.88,2.88,0.0
lat phrao(ratchada-chok chai 4) (fixed),13.799707_100.585131_pLHAUaDAoJxy-3iJFvpGZQ_30_2024-11.jpg,SAFE,None,2.51,2.51,0.0
lat phrao(ratchada-chok chai 4) (fixed),13.799746_100.584770_7JodnaGus3kVxPN6Sq6gDw_209_2024-11.jpg,SAFE,None,1.93,1.93,0.0
lat phrao(ratchada-chok chai 4) (fixed),13.799753_100.585049_-u4So93ZJEqRSbPb00BvhA_30_2024-11.jpg,SAFE,None,3.26,3.26,0.0
lat phrao(ratchada-chok chai 4) (fixed),13.799792_100.584689_u5Rwxz3_vk-kS36BmZD2ug_209_2024-11.jpg,SAFE,None,0.0,0.0,0.0
lat phrao(ratchada-chok chai 4) (fixed),13.799799_100.584967_ry68OOgXjJHw-oG_fspJ_A_30_2024-11.jpg,SAFE,None,5.76,5.76,0.0
lat phrao(ratchada-chok chai 4) (fixed),13.799837_100.584607_cXoWw9sgFDYNkRV4oZRHWw_209_2024-11.jpg,SAFE,None,10.69,10.69,0.0
lat phrao(ratchada-chok chai 4) (fixed),13.799844_100.584884_n_JALrDc3IixCx0easoo2w_30_2024-11.jpg,SAFE,None,9.44,9.44,0.0
lat phrao(ratchada-chok chai 4) (fixed),13.799882_100.584526_kVuWNFoW9VzBkLMKa3QpZQ_209_2024-11.jpg,SAFE,None,0.0,0.0,0.0
lat phrao(ratchada-chok chai 4) (fixed),13.799889_100.584801_q4lmnvbh9KDwTQGXiKpYkw_30_2024-11.jpg,SAFE,None,11.13,11.13,0.0
lat phrao(ratchada-chok chai 4) (fixed),13.799928_100.584445_RasSCDaAZVqHWMemr9Ef6A_210_2024-11.jpg,SAFE,None,3.27,3.27,0.0
lat phrao(ratchada-chok chai 4) (fixed),13.799957_100.584678_aM9_JljGtS8l72x8HzA2gA_30_2024-11.jpg,SAFE,None,4.23,4.23,0.0
lat phrao(ratchada-chok chai 4) (fixed),13.799974_100.584365_eDmp3o443RoVBn6cC0SkXQ_210_2024-11.jpg,SAFE,None,0.0,0.0,0.0
lat phrao(ratchada-chok chai 4) (fixed),13.800002_100.584596_JbtDgcyy-O179mceJ8QcnQ_30_2024-11.jpg,SAFE,None,0.88,0.88,0.0
lat phrao(ratchada-chok chai 4) (fixed),13.800021_100.584284_DgOhORQ7sDKHhbQb_rUCZg_210_2024-11.jpg,SAFE,None,1.97,1.97,0.0
lat phrao(ratchada-chok chai 4) (fixed),13.800049_100.584514_ePwh_hRIRdnr61I89sD7JA_30_2024-11.jpg,SAFE,None,0.0,0.0,0.0
lat phrao(ratchada-chok chai 4) (fixed),13.800067_100.584203_tFBIxgnY8Dzsq-M_zjoYmQ_210_2024-11.jpg,SAFE,None,13.0,0.3,12.7
lat phrao(ratchada-chok chai 4) (fixed),13.800095_100.584432_T0ddU4Pb4yXrDB1Tvn4yeg_30_2024-11.jpg,SAFE,None,0.0,0.0,0.0
lat phrao(ratchada-chok chai 4) (fixed),13.800137_100.584080_0tBWRO3ky6TXQgxutOkx2w_209_2024-11.jpg,SAFE,None,0.0,0.0,0.0
lat phrao(ratchada-chok chai 4) (fixed),13.800142_100.584350_mALppYkqQe-SFuDavE3ZOA_30_2024-11.jpg,SAFE,None,1.56,1.56,0.0
lat phrao(ratchada-chok chai 4) (fixed),13.800181_100.583999_sRgjs5r7bwnyChE7YK6v4w_209_2024-11.jpg,SAFE,None,0.0,0.0,0.0
lat phrao(ratchada-chok chai 4) (fixed),13.800211_100.584229_kqayAf2oTDkO4ZZfxZNzgg_30_2024-11.jpg,SAFE,None,0.0,0.0,0.0
lat phrao(ratchada-chok chai 4) (fixed),13.800226_100.583917_5kVCvuquCX8EoeL3sVw5Yg_209_2024-11.jpg,SAFE,None,1.01,1.01,0.0
lat phrao(ratchada-chok chai 4) (fixed),13.800258_100.584147_joOfSLSqAPQ-RO-uj-iX_Q_30_2024-11.jpg,SAFE,None,0.0,0.0,0.0
lat phrao(ratchada-chok chai 4) (fixed),13.800271_100.583835_MGNCQQpUlH_xQWv7DSFh0w_209_2024-11.jpg,SAFE,None,0.93,0.93,0.0
lat phrao(ratchada-chok chai 4) (fixed),13.800305_100.584064_zFEpZZ5s5QNrsZ3auy3-Mw_30_2024-11.jpg,SAFE,None,1.4,1.4,0.0
lat phrao(ratchada-chok chai 4) (fixed),13.800317_100.583755_uGSGUn5yBy9SYZh5nk38RQ_209_2024-11.jpg,SAFE,None,2.0,2.0,0.0
lat phrao(ratchada-chok chai 4) (fixed),13.800352_100.583981_qISbMx-Owx6ZzAUVVWA6Xg_30_2024-11.jpg,SAFE,None,0.0,0.0,0.0
lat phrao(ratchada-chok chai 4) (fixed),13.800363_100.583674_qecbcSeaKae0EO2vYUxWjg_209_2024-11.jpg,SAFE,None,0.0,0.0,0.0
lat phrao(ratchada-chok chai 4) (fixed),13.800397_100.583900_MwJ_tdmSZEeU1l_eKbJ6TA_30_2024-11.jpg,SAFE,None,0.43,0.43,0.0
lat phrao(ratchada-chok chai 4) (fixed),13.800408_100.583594_NpuWpTNxYhNUc98RQLeWjw_209_2024-11.jpg,SAFE,None,0.0,0.0,0.0
lat phrao(ratchada-chok chai 4) (fixed),13.800443_100.583820_gMNWmHMdyO3n4EdHbRi91w_30_2024-11.jpg,SAFE,None,0.0,0.0,0.0
lat phrao(ratchada-chok chai 4) (fixed),13.800451_100.583516_q4Zz4c05uV9NN9BQRXeqcw_209_2024-11.jpg,SAFE,None,0.0,0.0,0.0
lat phrao(ratchada-chok chai 4) (fixed),13.800488_100.583739_4dTVbsrt1Kei3V6tWnsA4A_30_2024-11.jpg,SAFE,None,14.35,14.35,0.0
lat phrao(ratchada-chok chai 4) (fixed),13.800495_100.583440_2BXmybqrwSBk9d1hCQ84tQ_209_2024-11.jpg,WARNING,OBSTACLE,31.91,31.91,0.0
lat phrao(ratchada-chok chai 4) (fixed),13.800535_100.583653_fagKNFWKxW2w_l9lBHVyAg_30_2024-11.jpg,SAFE,None,16.84,16.84,0.0
lat phrao(ratchada-chok chai 4) (fixed),13.800553_100.583331_PZjMUqWihBecbGjZa73k3A_208_2024-11.jpg,SAFE,None,0.0,0.0,0.0
lat phrao(ratchada-chok chai 4) (fixed),13.800581_100.583568__poGeh9vO3eHITeMKPfeLg_30_2024-11.jpg,SAFE,None,5.87,5.87,0.0
lat phrao(ratchada-chok chai 4) (fixed),13.800607_100.583239_RzAw-EPER7ll99PcSFhnOA_209_2024-11.jpg,SAFE,None,2.23,2.23,0.0
lat phrao(ratchada-chok chai 4) (fixed),13.800626_100.583488_6UA8JX1l2FwshOnUwSx-0w_30_2024-11.jpg,SAFE,None,5.07,5.07,0.0
lat phrao(ratchada-chok chai 4) (fixed),13.800636_100.583195_6dAD2gSe1Objw2qhtklFUw_209_2024-11.jpg,SAFE,None,13.95,13.95,0.0
lat phrao(ratchada-chok chai 4) (fixed),13.800670_100.583408_btEdOnwqHEEaDJi4bMfBjA_31_2024-11.jpg,SAFE,None,0.0,0.0,0.0
lat phrao(ratchada-chok chai 4) (fixed),13.800685_100.583112_wkUMwEaZtf1O3LvRUVKvEQ_210_2024-11.jpg,CRITICAL,SURFACE DAMAGE,52.65,4.66,47.99
lat phrao(ratchada-chok chai 4) (fixed),13.800717_100.583325_W5OleoDLWC1sjbDP2-D-_A_30_2024-11.jpg,SAFE,None,0.35,0.35,0.0
lat phrao(ratchada-chok chai 4) (fixed),13.800731_100.583030_qgUiT4gV2hagvoMgk4DjOg_210_2024-11.jpg,SAFE,None,6.07,6.07,0.0
lat phrao(ratchada-chok chai 4) (fixed),13.800775_100.582946_OvekCtl8k25n4dypgfRUNA_210_2024-11.jpg,SAFE,None,5.24,5.24,0.0
lat phrao(ratchada-chok chai 4) (fixed),13.800788_100.583196_9oIb630xE_2hkB4YlhgQXg_30_2024-11.jpg,SAFE,None,0.95,0.95,0.0
lat phrao(ratchada-chok chai 4) (fixed),13.800819_100.582863__JfsuJXqlI7QWo-G4wgyUQ_210_2024-11.jpg,SAFE,None,2.71,2.71,0.0
lat phrao(ratchada-chok chai 4) (fixed),13.800835_100.583112_06JhTV3P_HaFREVCKHr3RQ_30_2024-11.jpg,SAFE,None,1.18,1.18,0.0
lat phrao(ratchada-chok chai 4) (fixed),13.800865_100.582781_uNHh16nYrh2xXAqmTeCqoA_210_2024-11.jpg,SAFE,None,18.56,17.92,0.64
lat phrao(ratchada-chok chai 4) (fixed),13.800880_100.583032_73HRn3oaQAVi_4KHn4Ueog_30_2024-11.jpg,SAFE,None,1.58,1.58,0.0
lat phrao(ratchada-chok chai 4) (fixed),13.800910_100.582697_yPaWNsqnrnM0mEnyKvqnIg_210_2024-11.jpg,SAFE,None,6.44,5.22,1.22
lat phrao(ratchada-chok chai 4) (fixed),13.800927_100.582950_QN6qkVW3idbd1KlHdzGkmA_30_2024-11.jpg,SAFE,None,4.85,4.85,0.0
lat phrao(ratchada-chok chai 4) (fixed),13.800954_100.582614_AquMojSHRFFTRv7QM7mcKw_210_2024-11.jpg,SAFE,None,13.81,6.27,7.54
lat phrao(ratchada-chok chai 4) (fixed),13.800971_100.582871_X9XM7iLBPhQ6DDyp0yZKVA_30_2024-11.jpg,SAFE,None,3.05,3.05,0.0
lat phrao(ratchada-chok chai 4) (fixed),13.800999_100.582533_iDbgl_Ob5Kf103o6VXbC0g_210_2024-11.jpg,SAFE,None,1.72,1.72,0.0
lat phrao(ratchada-chok chai 4) (fixed),13.801036_100.582755_4-R7B-2paa2TU2pkb7OUFQ_30_2024-11.jpg,SAFE,None,5.87,5.87,0.0
lat phrao(ratchada-chok chai 4) (fixed),13.801044_100.582453_7uXPrNSdq6qHCrmu_xGYkQ_210_2024-11.jpg,SAFE,None,1.69,1.69,0.0
lat phrao(ratchada-chok chai 4) (fixed),13.801066_100.582413_W4fMpH5dxYitL1cHAkzkxw_210_2024-11.jpg,SAFE,None,13.62,13.62,0.0
lat phrao(ratchada-chok chai 4) (fixed),13.801080_100.582678_BO2Oyo_xAKYRH3iv-9a0FQ_30_2024-11.jpg,WARNING,OBSTACLE,23.86,23.86,0.0
lat phrao(ratchada-chok chai 4) (fixed),13.801111_100.582333_t0f46OztDG7_Wy0YFPx4nw_210_2024-11.jpg,SAFE,None,7.99,2.39,5.61
lat phrao(ratchada-chok chai 4) (fixed),13.801126_100.582597_Vt2g3xO2636RYFkxuswb_w_30_2024-11.jpg,SAFE,None,3.21,3.21,0.0
lat phrao(ratchada-chok chai 4) (fixed),13.801155_100.582254_RuxYZ7pxjx6q3Q_oLTXaaA_210_2024-11.jpg,SAFE,None,17.54,17.54,0.0
lat phrao(ratchada-chok chai 4) (fixed),13.801171_100.582519_FEUWViWcgqYXd8kV-qu_FQ_30_2024-11.jpg,WARNING,OBSTACLE,21.55,21.55,0.0
lat phrao(ratchada-chok chai 4) (fixed),13.801200_100.582175_bIWJhkhTAishw4aIX6lxKQ_210_2024-11.jpg,SAFE,None,0.0,0.0,0.0
lat phrao(ratchada-chok chai 4) (fixed),13.801216_100.582441_srjMPUrMCRX41LG6xi9TCw_30_2024-11.jpg,SAFE,None,13.56,13.56,0.0
lat phrao(ratchada-chok chai 4) (fixed),13.801247_100.582092_VNrMBQgrZ0sye0bR6EWrqQ_211_2024-11.jpg,SAFE,None,15.48,8.85,6.63
lat phrao(ratchada-chok chai 4) (fixed),13.801262_100.582363_fAavUvQWe3N-QtULxSUE4Q_30_2024-11.jpg,SAFE,None,14.13,14.13,0.0
lat phrao(ratchada-chok chai 4) (fixed),13.801294_100.582008_bKHRmHc8duK7laAn3RTckg_211_2024-11.jpg,SAFE,None,1.65,1.65,0.0
lat phrao(ratchada-chok chai 4) (fixed),13.801307_100.582285_vUg1vFGnEFYS4cCg58XK0Q_30_2024-11.jpg,SAFE,None,2.65,2.65,0.0
lat phrao(ratchada-chok chai 4) (fixed),13.801339_100.581925_jM7ccDhpcpEmbXYKnFMAtQ_211_2024-11.jpg,SAFE,None,8.15,8.15,0.0
lat phrao(ratchada-chok chai 4) (fixed),13.801354_100.582206_saJw7WVX2PDPNCehNcpTEA_30_2024-11.jpg,SAFE,None,0.57,0.57,0.0
lat phrao(ratchada-chok chai 4) (fixed),13.801384_100.581842_nlFDvNv_pGeqOS7Tek-x5A_211_2024-11.jpg,SAFE,None,0.0,0.0,0.0
lat phrao(ratchada-chok chai 4) (fixed),13.801403_100.582127_uEzVM087IRZJHcvEYPO_XQ_30_2024-11.jpg,SAFE,None,1.09,1.09,0.0
lat phrao(ratchada-chok chai 4) (fixed),13.801430_100.581761_O3J-wgbVezylWOCyTZZzDg_211_2024-11.jpg,SAFE,None,11.85,11.85,0.0
lat phrao(ratchada-chok chai 4) (fixed),13.801450_100.582046_SlEW3ZHxooW9Eggf08qXuQ_30_2024-11.jpg,SAFE,None,0.0,0.0,0.0
lat phrao(ratchada-chok chai 4) (fixed),13.801476_100.581680_S7R3lU5hfzZajMkKXFC5uA_211_2024-11.jpg,WARNING,OBSTACLE,32.58,32.58,0.0
lat phrao(ratchada-chok chai 4) (fixed),13.801498_100.581965_lsDf0rWlkOBxPE6Javl7FA_30_2024-11.jpg,SAFE,None,3.5,0.95,2.56
lat phrao(ratchada-chok chai 4) (fixed),13.801522_100.581600_YPMr1FkaGpChVkk8qGfBvQ_211_2024-11.jpg,CRITICAL,OBSTACLE,75.87,75.87,0.0
lat phrao(ratchada-chok chai 4) (fixed),13.801547_100.581882_772Ffym1rtL0Kbj_B-uIyA_30_2024-11.jpg,SAFE,None,4.79,4.79,0.0
lat phrao(ratchada-chok chai 4) (fixed),13.801568_100.581519_vm6KMH4U2opRsKBrofqlbg_211_2024-11.jpg,SAFE,None,11.53,11.53,0.0
lat phrao(ratchada-chok chai 4) (fixed),13.801595_100.581800_AtzRIiXCR4a0eJyiAtdqzA_30_2024-11.jpg,SAFE,None,11.89,7.59,4.3
lat phrao(ratchada-chok chai 4) (fixed),13.801613_100.581438_JCEbNc0P6JKVnaDvAa09FQ_210_2024-11.jpg,WARNING,SURFACE DAMAGE,26.99,0.0,26.99
lat phrao(ratchada-chok chai 4) (fixed),13.801636_100.581398_hwv2qJ2vv0wwWVKKZ7aCPw_209_2024-11.jpg,SAFE,None,0.39,0.39,0.0
lat phrao(ratchada-chok chai 4) (fixed),13.801641_100.581718_ZnxmTYD5DZ7n1MJOOoAK4Q_30_2024-11.jpg,SAFE,None,3.01,3.01,0.0
lat phrao(ratchada-chok chai 4) (fixed),13.801680_100.581316_PBGMDZhiuYBhEgz_RhW58g_210_2024-11.jpg,SAFE,None,18.42,18.42,0.0
lat phrao(ratchada-chok chai 4) (fixed),13.801687_100.581634_dsbPYWJb2XK_u5E_WwGVqA_29_2024-11.jpg,SAFE,None,10.38,0.31,10.06
lat phrao(ratchada-chok chai 4) (fixed),13.801723_100.581236_VHcrKpx0b_7pd8Er4OD6ag_210_2024-11.jpg,SAFE,None,0.0,0.0,0.0
lat phrao(ratchada-chok chai 4) (fixed),13.801734_100.581549_6MVdk5QVDTMWv1533xDqHQ_29_2024-11.jpg,SAFE,None,3.08,0.49,2.59
lat phrao(ratchada-chok chai 4) (fixed),13.801767_100.581155_nc5fFCo5aAemxuaJE8N2vA_210_2024-11.jpg,SAFE,None,9.7,9.7,0.0
lat phrao(ratchada-chok chai 4) (fixed),13.801779_100.581464_V5m1cKzd5HTGpkZvYKBj5A_29_2024-11.jpg,SAFE,None,2.25,2.25,0.0
lat phrao(ratchada-chok chai 4) (fixed),13.801812_100.581074_4_NbFWHTF1Db-orA8C3Jfg_210_2024-11.jpg,SAFE,None,2.09,2.09,0.0
lat phrao(ratchada-chok chai 4) (fixed),13.801825_100.581383_UEIicFJ-naT0wtbooaG-Dg_29_2024-11.jpg,SAFE,None,13.48,2.75,10.73
lat phrao(ratchada-chok chai 4) (fixed),13.801857_100.580991_LA6Dcw_J6xZPENn7My3U6Q_210_2024-11.jpg,SAFE,None,4.49,4.49,0.0
lat phrao(ratchada-chok chai 4) (fixed),13.801872_100.581301_F7V8la2Ma4hrx5ZBvU9Egw_29_2024-11.jpg,SAFE,None,2.78,2.78,0.0
lat phrao(ratchada-chok chai 4) (fixed),13.801902_100.580910_iEDr-1-_ESL6fhgegEz6_Q_210_2024-11.jpg,SAFE,None,2.1,0.37,1.73
lat phrao(ratchada-chok chai 4) (fixed),13.801919_100.581218_3HXrM3C_vuIFq8xwS9wIZQ_29_2024-11.jpg,SAFE,None,12.79,12.79,0.0
lat phrao(ratchada-chok chai 4) (fixed),13.801947_100.580828_NNhAoE74823WkuMznQEfSQ_210_2024-11.jpg,CRITICAL,OBSTACLE,75.73,75.73,0.0
lat phrao(ratchada-chok chai 4) (fixed),13.801966_100.581136_SItcrwqm5ndmZvnB4ztu7g_29_2024-11.jpg,SAFE,None,6.11,6.11,0.0
lat phrao(ratchada-chok chai 4) (fixed),13.801994_100.580747_NPpBmtsknzI9GPmxGPQIfg_211_2024-11.jpg,SAFE,None,10.32,10.32,0.0
lat phrao(ratchada-chok chai 4) (fixed),13.802013_100.581055_zBoyUziB3s1L6lUo1F1ebQ_29_2024-11.jpg,SAFE,None,4.55,0.81,3.75
lat phrao(ratchada-chok chai 4) (fixed),13.802041_100.580665_G-E42osE3uwDDuLSDUn72g_210_2024-11.jpg,CRITICAL,OBSTACLE,54.05,54.05,0.0
lat phrao(ratchada-chok chai 4) (fixed),13.802059_100.580974_AK_GY-NMywW9e74hMyNqNA_29_2024-11.jpg,SAFE,None,0.0,0.0,0.0
lat phrao(ratchada-chok chai 4) (fixed),13.802087_100.580582_abBZvhB3u4brOoW8DB52fQ_210_2024-11.jpg,SAFE,None,1.62,1.62,0.0
lat phrao(ratchada-chok chai 4) (fixed),13.802106_100.580892_CGPUUpfOWjianoNxfmD7PA_30_2024-11.jpg,SAFE,None,0.0,0.0,0.0
lat phrao(ratchada-chok chai 4) (fixed),13.802134_100.580501_U9WfUXPLI0V5_2jfhEU4WA_210_2024-11.jpg,CRITICAL,SURFACE DAMAGE,84.01,9.64,74.36
lat phrao(ratchada-chok chai 4) (fixed),13.802153_100.580807_ayTJ0SAT59R7Mb7NXMOukA_30_2024-11.jpg,SAFE,None,0.37,0.37,0.0
lat phrao(ratchada-chok chai 4) (fixed),13.802182_100.580419_-XcoeeLKl-2UmAO2QhiFNg_210_2024-11.jpg,SAFE,None,4.59,4.59,0.0
lat phrao(ratchada-chok chai 4) (fixed),13.802200_100.580722_eH-LDTJF-cOpO2fNvASq1w_29_2024-11.jpg,SAFE,None,0.34,0.34,0.0
lat phrao(ratchada-chok chai 4) (fixed),13.802225_100.580338_WRG6HGH40JVhPtsBTYOTHA_210_2024-11.jpg,CRITICAL,SURFACE DAMAGE,45.32,2.53,42.79
lat phrao(ratchada-chok chai 4) (fixed),13.802249_100.580636_cxaLunryJrmx9JaY2T4ytQ_29_2024-11.jpg,SAFE,None,13.44,9.32,4.12
lat phrao(ratchada-chok chai 4) (fixed),13.802286_100.580226_QKOLApsfGJ0HN9UEJiVXBw_210_2024-11.jpg,WARNING,OBSTACLE,25.09,16.68,8.42
lat phrao(ratchada-chok chai 4) (fixed),13.802299_100.580549_hAQHYLMO4FC9cU9fSmp9pg_29_2024-11.jpg,SAFE,None,3.36,3.36,0.0
lat phrao(ratchada-chok chai 4) (fixed),13.802342_100.580127_j3bTephWwwVS2luSuRUUlA_210_2024-11.jpg,SAFE,None,0.25,0.25,0.0
lat phrao(ratchada-chok chai 4) (fixed),13.802357_100.580445_rnl8P6N8LL351iyFmSdMJg_29_2024-11.jpg,SAFE,None,3.48,0.0,3.48
lat phrao(ratchada-chok chai 4) (fixed),13.802383_100.580398_Ru_PAOPMMs1IIhOMJjzxnA_31_2024-11.jpg,SAFE,None,13.49,13.49,0.0
lat phrao(ratchada-chok chai 4) (fixed),13.802390_100.580041_b_GvZxIwKNPZ01vgA2qtCw_210_2024-11.jpg,SAFE,None,6.01,0.82,5.19
lat phrao(ratchada-chok chai 4) (fixed),13.802426_100.580321_dC9VXtuOjdWaTzGzsA0wOA_30_2024-11.jpg,SAFE,None,1.95,1.95,0.0
lat phrao(ratchada-chok chai 4) (fixed),13.802437_100.579959_IU2H524MuDfqqbOvVsMgyg_210_2024-11.jpg,SAFE,None,12.66,12.66,0.0
lat phrao(ratchada-chok chai 4) (fixed),13.802472_100.580241_9dGL2h8gweF9p2zWMwA-MA_30_2024-11.jpg,SAFE,None,1.06,1.06,0.0
lat phrao(ratchada-chok chai 4) (fixed),13.802482_100.579878_IdhlN3bEwSoOtZ_uH_UM-A_210_2024-11.jpg,SAFE,None,2.06,2.06,0.0
lat phrao(ratchada-chok chai 4) (fixed),13.802517_100.580160_ummRsVnflG-UcXR_SghCYQ_30_2024-11.jpg,SAFE,None,9.54,1.67,7.86
lat phrao(ratchada-chok chai 4) (fixed),13.802550_100.579757_LjVUmGAlaj0FVVqB3-1aHQ_209_2024-11.jpg,SAFE,None,3.61,3.61,0.0
lat phrao(ratchada-chok chai 4) (fixed),13.802562_100.580079_gzi8wToOX2nDgSJgo_OVPA_30_2024-11.jpg,SAFE,None,0.2,0.2,0.0
lat phrao(ratchada-chok chai 4) (fixed),13.802595_100.579676_ajM8zDuvL7xRbpddzwV05w_209_2024-11.jpg,SAFE,None,0.0,0.0,0.0
lat phrao(ratchada-chok chai 4) (fixed),13.802606_100.580000_wlmd8_6HQjq983sltOrmkg_30_2024-11.jpg,SAFE,None,4.42,4.42,0.0
lat phrao(ratchada-chok chai 4) (fixed),13.802650_100.579920_b4lHJDqVkKnlP8Qxq3SvuA_30_2024-11.jpg,SAFE,None,1.08,1.08,0.0
lat phrao(ratchada-chok chai 4) (fixed),13.802660_100.579562_pons4ATagTJrvner5WjI6Q_210_2024-11.jpg,SAFE,None,7.93,7.93,0.0
lat phrao(ratchada-chok chai 4) (fixed),13.802696_100.579838_-d9HOxzkMR5jowqMPFxEyQ_30_2024-11.jpg,SAFE,None,8.34,8.34,0.0
lat phrao(ratchada-chok chai 4) (fixed),13.802707_100.579478_mnSQgo3oWIEAbPt7ZjHavQ_210_2024-11.jpg,SAFE,None,13.1,13.1,0.0
lat phrao(ratchada-chok chai 4) (fixed),13.802741_100.579755___1BOA8ptgds6IeIiqiFNA_30_2024-11.jpg,SAFE,None,1.81,1.81,0.0
lat phrao(ratchada-chok chai 4) (fixed),13.802755_100.579392_T0-ZxkV01qymqdA7iwj0JQ_210_2024-11.jpg,SAFE,None,4.61,0.89,3.71
lat phrao(ratchada-chok chai 4) (fixed),13.802788_100.579672_s-sWfpUOxBo3pEy2ZZLqFA_30_2024-11.jpg,SAFE,None,1.58,1.58,0.0
lat phrao(ratchada-chok chai 4) (fixed),13.802802_100.579308_NKv5WBcuFEav-1xpp7QJxg_210_2024-11.jpg,CRITICAL,OBSTACLE,46.78,46.78,0.0
lat phrao(ratchada-chok chai 4) (fixed),13.802834_100.579590_2GVqz1Ags8KkpoZRPgcOsA_30_2024-11.jpg,SAFE,None,14.9,3.13,11.77
lat phrao(ratchada-chok chai 4) (fixed),13.802848_100.579224_ob25YfV5auOaww6JPmlK2Q_210_2024-11.jpg,SAFE,None,0.0,0.0,0.0
lat phrao(ratchada-chok chai 4) (fixed),13.802880_100.579507_J5xaBhqpvgvXTjWKrkg-4A_30_2024-11.jpg,SAFE,None,4.69,0.56,4.13
lat phrao(ratchada-chok chai 4) (fixed),13.802894_100.579139_ChWfcfi1PFlLCeKYGnyMgg_210_2024-11.jpg,SAFE,None,6.63,2.73,3.9
lat phrao(ratchada-chok chai 4) (fixed),13.802941_100.579056_55XcupvQ6ciWZ-cPC-NK-w_210_2024-11.jpg,SAFE,None,0.68,0.68,0.0
lat phrao(ratchada-chok chai 4) (fixed),13.802949_100.579383_fToSHU2K_fAQHc9C1nkqZg_30_2024-11.jpg,SAFE,None,0.0,0.0,0.0
lat phrao(ratchada-chok chai 4) (fixed),13.802986_100.578974_l6PxdVbXzxUlwp_1JH7Tyw_210_2024-11.jpg,SAFE,None,0.85,0.85,0.0
lat phrao(ratchada-chok chai 4) (fixed),13.802994_100.579300_fKlEPu3XWf8Hp9_ocvOOAg_30_2024-11.jpg,SAFE,None,0.0,0.0,0.0
lat phrao(ratchada-chok chai 4) (fixed),13.803031_100.578894_zMXQNy2h6s9gDWTYMtmOiQ_210_2024-11.jpg,SAFE,None,5.1,5.1,0.0
lat phrao(ratchada-chok chai 4) (fixed),13.803040_100.579220_sxz78cDvBZp5I1n5StjuJw_30_2024-11.jpg,SAFE,None,1.1,1.1,0.0
lat phrao(ratchada-chok chai 4) (fixed),13.803076_100.578813_KUM5EaTQtdQVj71VcBGo6Q_210_2024-11.jpg,SAFE,None,1.02,1.02,0.0
lat phrao(ratchada-chok chai 4) (fixed),13.803086_100.579138_BkvWH-rIESyDJaPxIjdgPQ_30_2024-11.jpg,SAFE,None,7.44,7.44,0.0
lat phrao(ratchada-chok chai 4) (fixed),13.803121_100.578732_opGgtx0RhWsk9i12FeZHXQ_210_2024-11.jpg,SAFE,None,3.32,3.32,0.0
lat phrao(ratchada-chok chai 4) (fixed),13.803132_100.579055_QcVbkHyoWi-SnGL7JpM5QQ_30_2024-11.jpg,SAFE,None,0.79,0.79,0.0
lat phrao(ratchada-chok chai 4) (fixed),13.803155_100.579013_XzIX9BmYF0cdm_yPPkh6Uw_30_2024-11.jpg,SAFE,None,0.42,0.42,0.0
lat phrao(ratchada-chok chai 4) (fixed),13.803163_100.578654_y3yVE_P0ooq-xsfmwTb0kA_210_2024-11.jpg,SAFE,None,2.87,2.87,0.0
lat phrao(ratchada-chok chai 4) (fixed),13.803202_100.578930_h4okyoodPv8J7WIxhgpgNw_30_2024-11.jpg,SAFE,None,0.31,0.31,0.0
lat phrao(ratchada-chok chai 4) (fixed),13.803206_100.578577_146D_5JXueDfWEau0JrWvQ_210_2024-11.jpg,SAFE,None,0.0,0.0,0.0
lat phrao(ratchada-chok chai 4) (fixed),13.803250_100.578844_CCLb7D4skaXpgCOW09AK_w_30_2024-11.jpg,SAFE,None,0.9,0.9,0.0
lat phrao(ratchada-chok chai 4) (fixed),13.803251_100.578496_V6fwWQt8ekltbnt31rNh5Q_210_2024-11.jpg,SAFE,None,4.12,4.12,0.0
lat phrao(ratchada-chok chai 4) (fixed),13.803295_100.578763_yHxRyz8YvqSYWpyDqhLVdA_30_2024-11.jpg,SAFE,None,9.76,5.69,4.07
lat phrao(ratchada-chok chai 4) (fixed),13.803299_100.578411_Up4aHfLvZRlXBws_vwti0w_210_2024-11.jpg,SAFE,None,6.66,6.66,0.0
lat phrao(ratchada-chok chai 4) (fixed),13.803338_100.578687_J4gpg38t7wZuI4YlQVQCvw_30_2024-11.jpg,SAFE,None,5.95,3.66,2.3
lat phrao(ratchada-chok chai 4) (fixed),13.803345_100.578325_WKXAnL3EterMSf1WabCjJg_210_2024-11.jpg,SAFE,None,4.86,4.86,0.0
lat phrao(ratchada-chok chai 4) (fixed),13.803369_100.578282_ZU2glI4faetxuEAOTF5lsQ_210_2024-11.jpg,SAFE,None,9.87,9.87,0.0
lat phrao(ratchada-chok chai 4) (fixed),13.803383_100.578606_UXkm6C7ETntvnFqT5-PlpQ_30_2024-11.jpg,SAFE,None,5.88,0.5,5.38
lat phrao(ratchada-chok chai 4) (fixed),13.803416_100.578199_AUtzHohAf7svTCXIlKuauw_210_2024-11.jpg,SAFE,None,1.67,1.67,0.0
lat phrao(ratchada-chok chai 4) (fixed),13.803430_100.578527_Tvt9YE96469I20YKKH89WQ_30_2024-11.jpg,SAFE,None,1.65,1.65,0.0
lat phrao(ratchada-chok chai 4) (fixed),13.803463_100.578118_OhEJhGFRv0mRsjgwGEvr-w_210_2024-11.jpg,SAFE,None,8.56,3.97,4.58
lat phrao(ratchada-chok chai 4) (fixed),13.803476_100.578444_AslzCHTPWICUS4NtjpLHAw_30_2024-11.jpg,SAFE,None,6.11,2.28,3.83
lat phrao(ratchada-chok chai 4) (fixed),13.803507_100.578035_cq36PE3bFXl9_Xx2Cu95Jw_210_2024-11.jpg,SAFE,None,0.0,0.0,0.0
lat phrao(ratchada-chok chai 4) (fixed),13.803552_100.577953_71rdapydPpoW9PcMd7X-fw_210_2024-11.jpg,SAFE,None,8.2,1.07,7.13
lat phrao(ratchada-chok chai 4) (fixed),13.803569_100.578283_GWiTXIEw-EsDchmNcrVxzw_30_2024-11.jpg,SAFE,None,1.97,1.97,0.0
lat phrao(ratchada-chok chai 4) (fixed),13.803597_100.577874_ARJzrjuDjO-d3W6XlsfDTw_210_2024-11.jpg,SAFE,None,1.15,1.15,0.0
lat phrao(ratchada-chok chai 4) (fixed),13.803614_100.578200_GdDmtQZLTz-DAxfyJznBkw_30_2024-11.jpg,SAFE,None,0.95,0.95,0.0
lat phrao(ratchada-chok chai 4) (fixed),13.803642_100.577791_3HOx9DqjFRULv1gifTRogA_210_2024-11.jpg,SAFE,None,2.44,2.44,0.0
lat phrao(ratchada-chok chai 4) (fixed),13.803658_100.578117_6f7ZaUhzLB9pe8gj2Xuwvw_30_2024-11.jpg,SAFE,None,0.0,0.0,0.0
lat phrao(ratchada-chok chai 4) (fixed),13.803689_100.577708_mUnDf8vMftM48RxSiKC9zg_210_2024-11.jpg,SAFE,None,6.66,4.24,2.42
lat phrao(ratchada-chok chai 4) (fixed),13.803702_100.578039_HXoa82SnGoVz0rJldT-9PQ_30_2024-11.jpg,SAFE,None,0.34,0.34,0.0
lat phrao(ratchada-chok chai 4) (fixed),13.803736_100.577628_2qbz6peW-wFFanNNfKQBOA_210_2024-11.jpg,SAFE,None,0.0,0.0,0.0
lat phrao(ratchada-chok chai 4) (fixed),13.803746_100.577958_YFYbyuwsPEn0Yv6wVEcEqQ_30_2024-11.jpg,SAFE,None,0.56,0.56,0.0
lat phrao(ratchada-chok chai 4) (fixed),13.803782_100.577547_fyOAzSVE-r51-iSYh6eHcw_210_2024-11.jpg,SAFE,None,8.54,7.22,1.32
lat phrao(ratchada-chok chai 4) (fixed),13.803790_100.577877_bApAtF-2kQHNwVzOiwGOvA_30_2024-11.jpg,SAFE,None,5.79,5.79,0.0
lat phrao(ratchada-chok chai 4) (fixed),13.803826_100.577465_Ac9Ta_Tq6St7Km9fk3WTQw_210_2024-11.jpg,CRITICAL,OBSTACLE,38.86,38.86,0.0
lat phrao(ratchada-chok chai 4) (fixed),13.803835_100.577794_mRH2XYGBTDKW-ZoaDNAelQ_30_2024-11.jpg,SAFE,None,2.32,2.32,0.0
lat phrao(ratchada-chok chai 4) (fixed),13.803871_100.577385_H4nWF5loxO-qerTxGWh67g_210_2024-11.jpg,SAFE,None,1.32,1.32,0.0
lat phrao(ratchada-chok chai 4) (fixed),13.803881_100.577716_2oL6VRbnD862jCHJBY5RZA_30_2024-11.jpg,SAFE,None,1.88,1.88,0.0
lat phrao(ratchada-chok chai 4) (fixed),13.803903_100.577674_rg8gRjFhC2qc7RYCTie4kw_30_2024-11.jpg,SAFE,None,1.3,1.3,0.0
lat phrao(ratchada-chok chai 4) (fixed),13.803913_100.577308_sc6rwV03w9_qpF93I13MoQ_210_2024-11.jpg,SAFE,None,0.92,0.92,0.0
lat phrao(ratchada-chok chai 4) (fixed),13.803948_100.577594_ZpxMz5d9I9duSQvIlNAG9g_30_2024-11.jpg,SAFE,None,10.77,10.77,0.0
lat phrao(ratchada-chok chai 4) (fixed),13.803955_100.577231_FH4pWg5ur7TqGSv7KPmsBQ_210_2024-11.jpg,SAFE,None,0.0,0.0,0.0
lat phrao(ratchada-chok chai 4) (fixed),13.803995_100.577511_kGkMCyQCBhNHQ11zVfprRA_30_2024-11.jpg,SAFE,None,3.45,3.45,0.0
lat phrao(ratchada-chok chai 4) (fixed),13.804030_100.577095_uKvo9xPA5c3eGukFq7wUZg_210_2024-11.jpg,SAFE,None,17.1,2.08,15.02
lat phrao(ratchada-chok chai 4) (fixed),13.804038_100.577430_MHhsBpsFcZiuA36pg1kITw_30_2024-11.jpg,SAFE,None,12.7,12.7,0.0
lat phrao(ratchada-chok chai 4) (fixed),13.804081_100.577004_OXKF_94KwEBR-kv06VXI6g_210_2024-11.jpg,WARNING,OBSTACLE,23.92,22.67,1.26
lat phrao(ratchada-chok chai 4) (fixed),13.804083_100.577348_KEiJgwiQEZQFld3JVL5szg_30_2024-11.jpg,SAFE,None,0.0,0.0,0.0
lat phrao(ratchada-chok chai 4) (fixed),13.804128_100.576920_lRvT57imCmTUsYVDvAZFTw_210_2024-11.jpg,SAFE,None,7.77,0.75,7.01
lat phrao(ratchada-chok chai 4) (fixed),13.804129_100.577267_pwUnp01W2QuWbSkOy0g0yA_30_2024-11.jpg,SAFE,None,0.0,0.0,0.0
lat phrao(ratchada-chok chai 4) (fixed),13.804174_100.576840_cccydSECfSVrJvx4UKy8ag_210_2024-11.jpg,SAFE,None,1.91,1.91,0.0
lat phrao(ratchada-chok chai 4) (fixed),13.804175_100.577187_mT0XFicDGj9NJ0fvgq6B9A_30_2024-11.jpg,SAFE,None,2.63,2.63,0.0
lat phrao(ratchada-chok chai 4) (fixed),13.804220_100.576759_c8BiTaIX-rqRqG78s7awOg_210_2024-11.jpg,SAFE,None,1.68,1.68,0.0
lat phrao(ratchada-chok chai 4) (fixed),13.804220_100.577107_J-s5NqQKMAJ2OQacVOEusA_30_2024-11.jpg,SAFE,None,0.7,0.7,0.0
lat phrao(ratchada-chok chai 4) (fixed),13.804266_100.577025_H1v9e4L6bcN0dkOTipBNew_30_2024-11.jpg,SAFE,None,0.0,0.0,0.0
lat phrao(ratchada-chok chai 4) (fixed),13.804268_100.576676_uZU55CsH4kLIUSy7-24W6w_210_2024-11.jpg,SAFE,None,0.0,0.0,0.0
lat phrao(ratchada-chok chai 4) (fixed),13.804311_100.576943_Ci6oik2t-9rNFDUqD9gVaw_30_2024-11.jpg,SAFE,None,1.4,1.4,0.0
lat phrao(ratchada-chok chai 4) (fixed),13.804313_100.576596_6t55KTlCOLuSLBq8Kbus7g_210_2024-11.jpg,SAFE,None,0.0,0.0,0.0
lat phrao(ratchada-chok chai 4) (fixed),13.804356_100.576862_ojBvKUmEKlXPBDztc4auMg_30_2024-11.jpg,SAFE,None,0.0,0.0,0.0
lat phrao(ratchada-chok chai 4) (fixed),13.804359_100.576516_B_xuah0-lRsI07oT4X5vVw_210_2024-11.jpg,SAFE,None,0.0,0.0,0.0
lat phrao(ratchada-chok chai 4) (fixed),13.804402_100.576779_GlutHM2ygiTsftWm8mKyQg_30_2024-11.jpg,SAFE,None,2.78,2.78,0.0
lat phrao(ratchada-chok chai 4) (fixed),13.804404_100.576436_mAKVRhMy8jxkMnIozN-QyQ_210_2024-11.jpg,SAFE,None,0.0,0.0,0.0
lat phrao(ratchada-chok chai 4) (fixed),13.804447_100.576697_UP6pjxFl8NobR6C_489vBg_30_2024-11.jpg,SAFE,None,0.0,0.0,0.0
lat phrao(ratchada-chok chai 4) (fixed),13.804448_100.576356_GPSJ-a8iyPWhMlaVTum_Ug_210_2024-11.jpg,SAFE,None,1.93,1.93,0.0
lat phrao(ratchada-chok chai 4) (fixed),13.804493_100.576615_ED-u1m6j-XUs9_lXafH3Ug_30_2024-11.jpg,SAFE,None,8.18,8.18,0.0
lat phrao(ratchada-chok chai 4) (fixed),13.804494_100.576274_7_4jtHbdqd8o-EeWDpMYKA_210_2024-11.jpg,SAFE,None,3.15,3.15,0.0
lat phrao(ratchada-chok chai 4) (fixed),13.804539_100.576533_2zBvtHxgZjKn5k32_dg2cQ_30_2024-11.jpg,SAFE,None,0.0,0.0,0.0
lat phrao(ratchada-chok chai 4) (fixed),13.804541_100.576189_rJeSSiQFGYAUSQRE81X9_w_210_2024-11.jpg,SAFE,None,3.6,3.6,0.0
lat phrao(ratchada-chok chai 4) (fixed),13.804585_100.576451_1r8yI6gubsfctE1-Xsx7zg_30_2024-11.jpg,SAFE,None,3.45,3.45,0.0
lat phrao(ratchada-chok chai 4) (fixed),13.804588_100.576105_FwTmVK2YvslQIovNGk33aA_210_2024-11.jpg,SAFE,None,3.24,3.24,0.0
lat phrao(ratchada-chok chai 4) (fixed),13.804630_100.576369_qs3sODCfAXb_W0nvICQXZg_30_2024-11.jpg,SAFE,None,6.51,6.51,0.0
lat phrao(ratchada-chok chai 4) (fixed),13.804634_100.576023_nLwhluMH7EpsR6TFcEVvoA_210_2024-11.jpg,SAFE,None,1.26,1.26,0.0
lat phrao(ratchada-chok chai 4) (fixed),13.804657_100.575981_y2JpBC5w91UAKiVVXMmGcw_210_2024-11.jpg,SAFE,None,4.37,4.37,0.0
lat phrao(ratchada-chok chai 4) (fixed),13.804676_100.576286_pbKd6KoaJ5MebV-_SaTgiw_30_2024-11.jpg,SAFE,None,0.3,0.3,0.0
lat phrao(ratchada-chok chai 4) (fixed),13.804722_100.576202_6im5vFZ7mbTd1EzMPSF5HA_30_2024-11.jpg,SAFE,None,0.74,0.74,0.0
lat phrao(ratchada-chok chai 4) (fixed),13.804769_100.576121_j6LW1pJaW1vyoLVMwUOB8g_30_2024-11.jpg,SAFE,None,2.63,2.63,0.0
lat phrao(ratchada-chok chai 4) (fixed),13.804791_100.575739_LZaE2TeSDXrBuQeuNk6umQ_209_2024-11.jpg,SAFE,None,0.51,0.51,0.0
lat phrao(ratchada-chok chai 4) (fixed),13.804815_100.576041_97qW_ah75Y0ROqsfMlTbng_30_2024-11.jpg,SAFE,None,0.0,0.0,0.0
lat phrao(ratchada-chok chai 4) (fixed),13.804836_100.575659_Qr3IKAnuAXY3dm_K6Boe3Q_209_2024-11.jpg,WARNING,SURFACE DAMAGE,25.95,1.8,24.15
lat phrao(ratchada-chok chai 4) (fixed),13.804862_100.575959_2pnHGAivbRHBKll8W7yiQA_30_2024-11.jpg,SAFE,None,0.45,0.45,0.0
lat phrao(ratchada-chok chai 4) (fixed),13.804881_100.575579_b02hwEJ2yUU_lxaAGKuSow_209_2024-11.jpg,SAFE,None,2.77,2.77,0.0
lat phrao(ratchada-chok chai 4) (fixed),13.804909_100.575878_Sh_C6OdrpZsvqn7A1XW3VQ_30_2024-11.jpg,SAFE,None,0.0,0.0,0.0
lat phrao(ratchada-chok chai 4) (fixed),13.804943_100.575470_b3DyIkTtekQHFMFdVrUuRw_210_2024-11.jpg,WARNING,SURFACE DAMAGE,28.44,0.0,28.44
lat phrao(ratchada-chok chai 4) (fixed),13.804955_100.575797_R92vJYnlmhCK7g9klvhlrg_29_2024-11.jpg,SAFE,None,0.0,0.0,0.0
lat phrao(ratchada-chok chai 4) (fixed),13.805000_100.575718_UzuopWaTdwPLrnM1INOaxg_29_2024-11.jpg,SAFE,None,0.69,0.69,0.0
lat phrao(ratchada-chok chai 4) (fixed),13.805005_100.575358_F0WzJvzy-cw_XTFeqZTUog_209_2024-11.jpg,SAFE,None,1.15,1.15,0.0
lat phrao(ratchada-chok chai 4) (fixed),13.805034_100.575306_BsmO4B1TGf5QT4EpGmFWxw_209_2024-11.jpg,SAFE,None,2.52,2.52,0.0
lat phrao(ratchada-chok chai 4) (fixed),13.805046_100.575635_C4ml3s2IOAA-OrvLznd4ZQ_29_2024-11.jpg,SAFE,None,0.17,0.17,0.0
lat phrao(ratchada-chok chai 4) (fixed),13.805073_100.575236_j_EOjRf2r1qkVabwFDRYKQ_209_2024-11.jpg,SAFE,None,0.0,0.0,0.0
lat phrao(ratchada-chok chai 4) (fixed),13.805093_100.575551_PdevpkAFCuzP0JniK0LOHw_29_2024-11.jpg,SAFE,None,5.48,5.48,0.0
lat phrao(ratchada-chok chai 4) (fixed),13.805118_100.575149_PnFDRBoAdGh1E6LzAGU6iw_209_2024-11.jpg,CRITICAL,OBSTACLE,72.34,72.34,0.0
lat phrao(ratchada-chok chai 4) (fixed),13.805163_100.575426_9fcJo1uyMncxVZsim04SWQ_29_2024-11.jpg,SAFE,None,0.0,0.0,0.0
lat phrao(ratchada-chok chai 4) (fixed),13.805208_100.575342_8TOKLuG0vwA9Tmc9ByEV7Q_28_2024-11.jpg,SAFE,None,0.72,0.72,0.0
lat phrao(ratchada-chok chai 4) (fixed),13.805254_100.575260_fYS2VwkAvM1Ig56-mtJh8w_30_2024-11.jpg,SAFE,None,0.56,0.56,0.0
lat phrao(ratchada-chok chai 4) (fixed),13.805299_100.575179_OWAsx3jj21rZUu7UxJDCrg_28_2024-11.jpg,SAFE,None,7.95,7.95,0.0
ngamwongwan(bangkhen-kaset) (fixed),13.839691_100.575296_WiF0MN4sf2gfEFySCPUNVg_211_2024-07.jpg,SAFE,None,2.61,2.61,0.0
ngamwongwan(bangkhen-kaset) (fixed),13.839760_100.575173_h0UPJnmoXk-nTeo3VpsrZA_210_2024-07.jpg,SAFE,None,0.0,0.0,0.0
ngamwongwan(bangkhen-kaset) (fixed),13.839808_100.575083_kPzGZm8QByPLq4oWx3FuEQ_210_2024-07.jpg,SAFE,None,0.0,0.0,0.0
ngamwongwan(bangkhen-kaset) (fixed),13.839855_100.575000_mCHm2NVcvbR1l1NyYqKRUQ_210_2024-07.jpg,SAFE,None,0.34,0.34,0.0
ngamwongwan(bangkhen-kaset) (fixed),13.839897_100.574921_eQtcUGTwW0nNYSVe05qk9w_210_2024-07.jpg,SAFE,None,14.23,14.23,0.0
ngamwongwan(bangkhen-kaset) (fixed),13.839935_100.575512_-fgP14NoTqy2PkEPm9clBw_357_2025-08.jpg,SAFE,None,2.31,2.31,0.0
ngamwongwan(bangkhen-kaset) (fixed),13.839936_100.574851_AKfT2DXNVQ-LSsSSXZBDxw_210_2024-07.jpg,SAFE,None,7.51,7.51,0.0
ngamwongwan(bangkhen-kaset) (fixed),13.839955_100.575426_jLBnOStFUHqmLSP832KbEg_28_2025-08.jpg,SAFE,None,16.81,1.74,15.08
ngamwongwan(bangkhen-kaset) (fixed),13.839971_100.574797_h9kmgHFoC9WyhsiO25DTPA_210_2024-07.jpg,SAFE,None,0.0,0.0,0.0
ngamwongwan(bangkhen-kaset) (fixed),13.839976_100.575386_fWHdq-ksaiB4zh8_DIZ4kQ_30_2025-08.jpg,SAFE,None,0.0,0.0,0.0
ngamwongwan(bangkhen-kaset) (fixed),13.840018_100.574717_p7Is7ui_U7R9bM44LliUxA_210_2024-07.jpg,SAFE,None,7.2,7.2,0.0
ngamwongwan(bangkhen-kaset) (fixed),13.840020_100.575306_DWDdoeA2DbvLxg2zDgE08w_31_2025-08.jpg,SAFE,None,0.0,0.0,0.0
ngamwongwan(bangkhen-kaset) (fixed),13.840042_100.575266_JNLhEXOiegG_y359eBc1qw_30_2025-08.jpg,SAFE,None,0.0,0.0,0.0
ngamwongwan(bangkhen-kaset) (fixed),13.840088_100.575186_uUXDDwVG135gWinTS1nDGg_30_2025-08.jpg,SAFE,None,0.0,0.0,0.0
ngamwongwan(bangkhen-kaset) (fixed),13.840109_100.574554_b0VBLDcwBEP0CL_NLTGjUQ_210_2024-07.jpg,SAFE,None,2.03,2.03,0.0
ngamwongwan(bangkhen-kaset) (fixed),13.840135_100.575100_BeX76TNQKuRZ0LwXear5pg_30_2025-08.jpg,WARNING,SURFACE DAMAGE,25.05,1.42,23.64
ngamwongwan(bangkhen-kaset) (fixed),13.840153_100.574472_VNfmhX9ZygV5gAh8K_gGhQ_210_2024-07.jpg,SAFE,None,0.46,0.46,0.0
ngamwongwan(bangkhen-kaset) (fixed),13.840184_100.575013_OLpzmTOQdAN1tY0xUe1pAQ_30_2025-08.jpg,SAFE,None,0.0,0.0,0.0
ngamwongwan(bangkhen-kaset) (fixed),13.840196_100.574394_xISNL7w6yV5IVk4Fb-e-UA_210_2024-07.jpg,SAFE,None,0.0,0.0,0.0
ngamwongwan(bangkhen-kaset) (fixed),13.840236_100.574922_H4rv6vBXFSs_V1Zdznnubg_30_2025-08.jpg,SAFE,None,1.45,1.45,0.0
ngamwongwan(bangkhen-kaset) (fixed),13.840237_100.574319_RbUV950FGPcRvPXI5LpWgQ_210_2024-07.jpg,SAFE,None,0.0,0.0,0.0
ngamwongwan(bangkhen-kaset) (fixed),13.840278_100.574845_wMGdx6D-4AawsYzjPgGMog_30_2025-08.jpg,SAFE,None,0.0,0.0,0.0
ngamwongwan(bangkhen-kaset) (fixed),13.840292_100.574219_ReAvixuHgv6CnwKuy3pUqQ_210_2024-07.jpg,SAFE,None,0.23,0.23,0.0
ngamwongwan(bangkhen-kaset) (fixed),13.840339_100.574737_z2xNGCMl0ZLdMa316QHz1w_30_2025-08.jpg,SAFE,None,1.62,1.62,0.0
ngamwongwan(bangkhen-kaset) (fixed),13.840349_100.574115_kNCR5BN-9c7UPMlJoWpTig_210_2024-07.jpg,SAFE,None,0.0,0.0,0.0
ngamwongwan(bangkhen-kaset) (fixed),13.840381_100.574662_z_AFcb-ENgLErfit0Q_Zlw_30_2025-08.jpg,SAFE,None,2.48,2.48,0.0
ngamwongwan(bangkhen-kaset) (fixed),13.840400_100.574025_XG-4jM5EJwbkplSZxXjONw_210_2024-07.jpg,SAFE,None,1.43,1.43,0.0
ngamwongwan(bangkhen-kaset) (fixed),13.840425_100.574583_z_LkkbapnwIO8dwvsHXCTA_30_2025-08.jpg,SAFE,None,0.0,0.0,0.0
ngamwongwan(bangkhen-kaset) (fixed),13.840447_100.573943_KpZwqgL2rnKzUtvAi640Mg_210_2024-07.jpg,SAFE,None,0.0,0.0,0.0
ngamwongwan(bangkhen-kaset) (fixed),13.840470_100.574502_UpB8tHP43y7xjfCR6kWqjQ_30_2025-08.jpg,SAFE,None,0.0,0.0,0.0
ngamwongwan(bangkhen-kaset) (fixed),13.840493_100.573860_hV8mqguPl-R5fj1CRrZF6A_210_2024-07.jpg,SAFE,None,0.62,0.62,0.0
ngamwongwan(bangkhen-kaset) (fixed),13.840515_100.574419_lj9PJ_pNifIqb5H3ITprrg_29_2025-08.jpg,SAFE,None,1.57,1.57,0.0
ngamwongwan(bangkhen-kaset) (fixed),13.840539_100.573779_XfiShf979SvVHJESvrdlww_210_2024-07.jpg,SAFE,None,0.0,0.0,0.0
ngamwongwan(bangkhen-kaset) (fixed),13.840560_100.574338_9w3FJbskUW0G5pmaohSNOA_30_2025-08.jpg,SAFE,None,0.0,0.0,0.0
ngamwongwan(bangkhen-kaset) (fixed),13.840585_100.573697_-F_Z7bDZbo_b7S-eykhosw_210_2024-07.jpg,SAFE,None,0.0,0.0,0.0
ngamwongwan(bangkhen-kaset) (fixed),13.840605_100.574257_9Lny2kSl8-C6Gl8yqJcCyA_30_2025-08.jpg,SAFE,None,0.0,0.0,0.0
ngamwongwan(bangkhen-kaset) (fixed),13.840629_100.573616_nqqSWG1EPDU0js6STZzPyw_210_2024-07.jpg,SAFE,None,0.0,0.0,0.0
ngamwongwan(bangkhen-kaset) (fixed),13.840651_100.574175_iJTeMtfzwaS_a2r_Z0aUfg_30_2025-08.jpg,SAFE,None,0.0,0.0,0.0
ngamwongwan(bangkhen-kaset) (fixed),13.840675_100.573539_67CPBKi_os1iXxHeB3nUKg_210_2024-07.jpg,SAFE,None,0.0,0.0,0.0
ngamwongwan(bangkhen-kaset) (fixed),13.840697_100.574094_KoQ_arqJzi9_dwBRZwPyPQ_30_2025-08.jpg,CRITICAL,SURFACE DAMAGE,35.78,0.0,35.78
ngamwongwan(bangkhen-kaset) (fixed),13.840698_100.573487_iTRn2Ch9gmTdoZh48NvAQA_210_2024-07.jpg,SAFE,None,0.48,0.48,0.0
ngamwongwan(bangkhen-kaset) (fixed),13.840743_100.574012_HG16MzwjgIGKlQwyHGm6xg_30_2025-08.jpg,SAFE,None,0.0,0.0,0.0
ngamwongwan(bangkhen-kaset) (fixed),13.840756_100.573398_JAmBZ5Gak3-kQ2WWeTNaUA_210_2024-07.jpg,SAFE,None,0.0,0.0,0.0
ngamwongwan(bangkhen-kaset) (fixed),13.840789_100.573931_XoNmaNYkXFY4D4YI2vwRvQ_30_2025-08.jpg,CRITICAL,SURFACE DAMAGE,228.51,0.0,228.51
ngamwongwan(bangkhen-kaset) (fixed),13.840808_100.573303_rC3cT9GmanIQH4htnscUdQ_210_2024-07.jpg,SAFE,None,2.12,2.12,0.0
ngamwongwan(bangkhen-kaset) (fixed),13.840835_100.573848_QtXlhTCoPf6sPUodUsjLVw_30_2025-08.jpg,SAFE,None,0.0,0.0,0.0
ngamwongwan(bangkhen-kaset) (fixed),13.840849_100.573226_L3kMkvnVmQ1Xo5yh8P8-cg_210_2024-07.jpg,SAFE,None,0.0,0.0,0.0
ngamwongwan(bangkhen-kaset) (fixed),13.840881_100.573764_Yg0sFIgbshzJvy2nJ9a2qw_30_2025-08.jpg,SAFE,None,0.0,0.0,0.0
ngamwongwan(bangkhen-kaset) (fixed),13.840928_100.573681_vrHeYG6SuxLSY_rjKqxeEw_30_2025-08.jpg,SAFE,None,0.0,0.0,0.0
ngamwongwan(bangkhen-kaset) (fixed),13.840940_100.573062_QUUrLSd9AxaqFVru0quh5g_210_2024-07.jpg,SAFE,None,0.5,0.5,0.0
ngamwongwan(bangkhen-kaset) (fixed),13.840973_100.573598_QEjkEHR_jhSCuT--bkAUDw_29_2025-08.jpg,SAFE,None,0.0,0.0,0.0
ngamwongwan(bangkhen-kaset) (fixed),13.840988_100.572986_62uF8k-aKEZpdstT-xu3VA_210_2024-07.jpg,SAFE,None,0.36,0.36,0.0
ngamwongwan(bangkhen-kaset) (fixed),13.841018_100.573516_xvrjATNEqvU9zYVuDUxvjg_31_2025-08.jpg,SAFE,None,0.0,0.0,0.0
ngamwongwan(bangkhen-kaset) (fixed),13.841035_100.572903_jJKp2HB0nZLI0AVa6S4S2Q_210_2024-07.jpg,SAFE,None,0.31,0.31,0.0
ngamwongwan(bangkhen-kaset) (fixed),13.841064_100.573436_kShPVYUZhSv-jf8wjzh1RA_30_2025-08.jpg,SAFE,None,0.0,0.0,0.0
ngamwongwan(bangkhen-kaset) (fixed),13.841082_100.572821_EkNsJ-GsussPV2oHaScVLg_210_2024-07.jpg,SAFE,None,4.21,4.21,0.0
ngamwongwan(bangkhen-kaset) (fixed),13.841105_100.572780_L8L6ltXoCDFsXINRHpYV4Q_210_2024-07.jpg,SAFE,None,0.0,0.0,0.0
ngamwongwan(bangkhen-kaset) (fixed),13.841110_100.573354_K3dMpS3b_7nXTYafeHTo7A_30_2025-08.jpg,SAFE,None,0.0,0.0,0.0
ngamwongwan(bangkhen-kaset) (fixed),13.841151_100.572697_ldEC2-SfOAyJ_cnhMSsEXQ_210_2024-07.jpg,SAFE,None,0.0,0.0,0.0
ngamwongwan(bangkhen-kaset) (fixed),13.841156_100.573272_9qjnYDS0iBxSObd5vTBRrg_30_2025-08.jpg,SAFE,None,0.3,0.3,0.0
ngamwongwan(bangkhen-kaset) (fixed),13.841197_100.572614_oQitQT_hjlUvnb0hafGtRg_210_2024-07.jpg,SAFE,None,0.11,0.11,0.0
ngamwongwan(bangkhen-kaset) (fixed),13.841200_100.573191_Ii7-iTpBgZxl97jJCtpq4A_29_2025-08.jpg,SAFE,None,0.0,0.0,0.0
ngamwongwan(bangkhen-kaset) (fixed),13.841243_100.572531_cesMlM--_LnLdp5ZUQjwdg_210_2024-07.jpg,SAFE,None,0.0,0.0,0.0
ngamwongwan(bangkhen-kaset) (fixed),13.841244_100.573111_X7lxo1Wm8h4X1aE9YHP0KA_29_2025-08.jpg,SAFE,None,0.0,0.0,0.0
ngamwongwan(bangkhen-kaset) (fixed),13.841289_100.573029_5u90qZZZ8YIHTvJnS5fQXA_30_2025-08.jpg,SAFE,None,0.0,0.0,0.0
ngamwongwan(bangkhen-kaset) (fixed),13.841290_100.572448_ifuBNc-jb3mI3p6zF_71Sw_210_2024-07.jpg,SAFE,None,1.08,1.08,0.0
ngamwongwan(bangkhen-kaset) (fixed),13.841334_100.572946_wt8K0f5Zcs2M4P5f5uFx4w_29_2025-08.jpg,SAFE,None,0.0,0.0,0.0
ngamwongwan(bangkhen-kaset) (fixed),13.841336_100.572367_LpHM0R75QhvXr_ehzl4w_A_210_2024-07.jpg,SAFE,None,0.0,0.0,0.0
ngamwongwan(bangkhen-kaset) (fixed),13.841378_100.572862_zqds--yOwLBIidG75yYq_w_28_2025-08.jpg,SAFE,None,0.0,0.0,0.0
ngamwongwan(bangkhen-kaset) (fixed),13.841382_100.572283_ZiYaNSzTTRgKPWysOHHeJg_215_2024-07.jpg,SAFE,None,0.2,0.2,0.0
ngamwongwan(bangkhen-kaset) (fixed),13.841422_100.572778_ml436_F5FjkKhjmZlFtYYw_27_2025-08.jpg,SAFE,None,0.26,0.26,0.0
ngamwongwan(bangkhen-kaset) (fixed),13.841427_100.572202_bgxSRn7ps8yNRFgzxYFFUw_216_2024-07.jpg,SAFE,None,0.0,0.0,0.0
ngamwongwan(bangkhen-kaset) (fixed),13.841463_100.572694_kie9149g1rdLAYrxrty90A_26_2025-08.jpg,SAFE,None,0.0,0.0,0.0
ngamwongwan(bangkhen-kaset) (fixed),13.841473_100.572121_AyChu2F8JV3NpOk36DHxrg_216_2024-07.jpg,SAFE,None,0.0,0.0,0.0
ngamwongwan(bangkhen-kaset) (fixed),13.841502_100.572609_oSnojsKzDYhw7GlNymoC-g_25_2025-08.jpg,SAFE,None,0.0,0.0,0.0
ngamwongwan(bangkhen-kaset) (fixed),13.841519_100.572042_HQkTaLmfniINnuOUO7YxYA_216_2024-07.jpg,SAFE,None,0.0,0.0,0.0
ngamwongwan(bangkhen-kaset) (fixed),13.841540_100.572524_MFKXp6lJHprAvAfUbs7GKA_26_2025-08.jpg,SAFE,None,1.87,1.87,0.0
ngamwongwan(bangkhen-kaset) (fixed),13.841583_100.572439_225MnZYa1DfjEKTL3tfJEQ_29_2025-08.jpg,SAFE,None,7.0,0.0,7.0
ngamwongwan(bangkhen-kaset) (fixed),13.841619_100.571859_JjEqqJXpeRCIZpjhYvJVEw_210_2024-11.jpg,SAFE,None,0.0,0.0,0.0
ngamwongwan(bangkhen-kaset) (fixed),13.841653_100.572315_ygPljjRcjZgpcLhz-0TCOQ_30_2025-08.jpg,SAFE,None,1.03,1.03,0.0
ngamwongwan(bangkhen-kaset) (fixed),13.841668_100.571775_eiuH5SYXwUiUbrjspUwdAQ_210_2024-11.jpg,SAFE,None,2.11,2.11,0.0
ngamwongwan(bangkhen-kaset) (fixed),13.841700_100.572233_R4yyjGIdPDVIO0Wm3X-Utg_30_2025-08.jpg,SAFE,None,0.0,0.0,0.0
ngamwongwan(bangkhen-kaset) (fixed),13.841715_100.571692_EfRJvsoQTaBdc9bPH-dWjg_210_2024-11.jpg,SAFE,None,0.0,0.0,0.0
ngamwongwan(bangkhen-kaset) (fixed),13.841745_100.572152_r4hkVlEs_spL1-2300_63g_30_2025-08.jpg,SAFE,None,0.0,0.0,0.0
ngamwongwan(bangkhen-kaset) (fixed),13.841764_100.571607_wbr2xBwmWaVKM3n9204v2w_210_2024-11.jpg,SAFE,None,0.0,0.0,0.0
ngamwongwan(bangkhen-kaset) (fixed),13.841791_100.572069_qMQ9njzJZmCTy_MSE0pskg_30_2025-08.jpg,SAFE,None,1.53,1.53,0.0
ngamwongwan(bangkhen-kaset) (fixed),13.841811_100.571526_3O_pv4iJLC1Lcdl4vFH-jw_210_2024-11.jpg,SAFE,None,1.36,1.36,0.0
ngamwongwan(bangkhen-kaset) (fixed),13.841838_100.571987_ydQtFNox5JrVp8dydI2lFg_30_2025-08.jpg,SAFE,None,18.82,17.31,1.51
ngamwongwan(bangkhen-kaset) (fixed),13.841858_100.571444_kkmYfS3NBjqwTi3j1TrytQ_210_2024-11.jpg,SAFE,None,2.27,2.27,0.0
ngamwongwan(bangkhen-kaset) (fixed),13.841881_100.571402_g0U_s10PJOUSSkMmCoxoVg_210_2024-11.jpg,SAFE,None,0.51,0.51,0.0
ngamwongwan(bangkhen-kaset) (fixed),13.841884_100.571905_QMrXVUICLG7WE56_90cszg_29_2025-08.jpg,SAFE,None,1.29,0.0,1.29
ngamwongwan(bangkhen-kaset) (fixed),13.841927_100.571320_O2TSqbA70Ps9VFVbUpQXnQ_210_2024-11.jpg,SAFE,None,0.0,0.0,0.0
ngamwongwan(bangkhen-kaset) (fixed),13.841928_100.571820_RkBZkZs_y_tfAaQ6CUX_Rw_28_2025-08.jpg,SAFE,None,0.78,0.78,0.0
ngamwongwan(bangkhen-kaset) (fixed),13.841971_100.571735_2ZyIlQhBNi2HywRzO6MK4w_28_2025-08.jpg,SAFE,None,2.86,2.15,0.71
ngamwongwan(bangkhen-kaset) (fixed),13.841973_100.571239_6IteMHF-CJ-1BtenwFM_Vg_210_2024-11.jpg,SAFE,None,0.43,0.43,0.0
ngamwongwan(bangkhen-kaset) (fixed),13.842012_100.571652_uQt6nEvvcjjBo4HmV7bKXA_27_2025-08.jpg,SAFE,None,3.08,0.72,2.36
ngamwongwan(bangkhen-kaset) (fixed),13.842017_100.571159_YLdtY9GHqlZdjDja4_gdyw_210_2024-11.jpg,SAFE,None,0.51,0.51,0.0
ngamwongwan(bangkhen-kaset) (fixed),13.842055_100.571566_3X1qKZZUf4Q6aNYRkvinHA_27_2025-08.jpg,SAFE,None,0.0,0.0,0.0
ngamwongwan(bangkhen-kaset) (fixed),13.842062_100.571078_cNVBdT93w1JFu-KABsG3DQ_210_2024-11.jpg,SAFE,None,0.44,0.44,0.0
ngamwongwan(bangkhen-kaset) (fixed),13.842097_100.571479_mNPmwGWKq21JTa2AGRK4Ng_28_2025-08.jpg,SAFE,None,0.11,0.11,0.0
ngamwongwan(bangkhen-kaset) (fixed),13.842108_100.570997_91Jk32bllI54Y9aZfFuowQ_210_2024-11.jpg,SAFE,None,6.77,6.77,0.0
ngamwongwan(bangkhen-kaset) (fixed),13.842119_100.571437_HpW5DstiPUBVGyxkk0tTMg_28_2025-08.jpg,SAFE,None,0.0,0.0,0.0
ngamwongwan(bangkhen-kaset) (fixed),13.842153_100.570914_mv_p4Aw_pY6NJDM1CqTF_A_210_2024-11.jpg,SAFE,None,0.0,0.0,0.0
ngamwongwan(bangkhen-kaset) (fixed),13.842162_100.571352_vyt0NqifYhzoSwMNSkb2Pg_30_2025-08.jpg,SAFE,None,0.0,0.0,0.0
ngamwongwan(bangkhen-kaset) (fixed),13.842199_100.570832_XC-_o65nHB7IuWBGxfaxPw_210_2024-11.jpg,SAFE,None,0.0,0.0,0.0
ngamwongwan(bangkhen-kaset) (fixed),13.842204_100.571271_cwNWQ59FZ7WYUfmaZY4bLQ_30_2025-08.jpg,SAFE,None,0.0,0.0,0.0
ngamwongwan(bangkhen-kaset) (fixed),13.842244_100.570751_z81WDdretG77Qek2uOjapg_210_2024-11.jpg,SAFE,None,5.23,5.23,0.0
ngamwongwan(bangkhen-kaset) (fixed),13.842247_100.571195_ef4MlFlRtvJv6r9u157nvA_30_2025-08.jpg,SAFE,None,0.0,0.0,0.0
ngamwongwan(bangkhen-kaset) (fixed),13.842290_100.570670_kZMJ_sJTMnS3FBdC6FiheQ_210_2024-11.jpg,SAFE,None,0.0,0.0,0.0
ngamwongwan(bangkhen-kaset) (fixed),13.842290_100.571118_5polEmG0GLsfy6NwUDnKIQ_30_2025-08.jpg,SAFE,None,0.0,0.0,0.0
ngamwongwan(bangkhen-kaset) (fixed),13.842336_100.570588_XC7sVQJTXDFW3uuZQ8cIsA_210_2024-11.jpg,SAFE,None,0.0,0.0,0.0
ngamwongwan(bangkhen-kaset) (fixed),13.842336_100.571039_tItClzxu4aePe-bS5lckmw_30_2025-08.jpg,SAFE,None,0.0,0.0,0.0
ngamwongwan(bangkhen-kaset) (fixed),13.842381_100.570960_kyBGd8sMbvIxBLllbvNdvg_30_2025-08.jpg,SAFE,None,0.62,0.62,0.0
ngamwongwan(bangkhen-kaset) (fixed),13.842383_100.570506_L5m9tDgMIh8jX_2qoxIIwA_210_2024-11.jpg,SAFE,None,0.54,0.54,0.0
ngamwongwan(bangkhen-kaset) (fixed),13.842425_100.570880_aW69W4vTK_t66Z6fIyzwnA_30_2025-08.jpg,SAFE,None,2.62,2.62,0.0
ngamwongwan(bangkhen-kaset) (fixed),13.842430_100.570424_kd5W7W8ach8PnyKFuYXhGQ_210_2024-11.jpg,SAFE,None,0.0,0.0,0.0
ngamwongwan(bangkhen-kaset) (fixed),13.842447_100.570840_dwvuBSDb3TK1gLztlNji6w_30_2025-08.jpg,SAFE,None,0.0,0.0,0.0
ngamwongwan(bangkhen-kaset) (fixed),13.842476_100.570342_V-29bVqymkOWzGhMvYQhVA_210_2024-11.jpg,SAFE,None,0.0,0.0,0.0
ngamwongwan(bangkhen-kaset) (fixed),13.842491_100.570759_JTEJ635DKq01uJUh3u9iaA_30_2025-08.jpg,SAFE,None,6.44,6.44,0.0
ngamwongwan(bangkhen-kaset) (fixed),13.842522_100.570261_9Y2aqWYek76CKcAKPWepvA_210_2024-11.jpg,SAFE,None,0.0,0.0,0.0
ngamwongwan(bangkhen-kaset) (fixed),13.842536_100.570679_fbgOCzrLGaRkeorTm0aV0g_30_2025-08.jpg,SAFE,None,10.2,10.2,0.0
ngamwongwan(bangkhen-kaset) (fixed),13.842568_100.570180_27dPsnVp0SfiJj3NsghNFw_210_2024-11.jpg,SAFE,None,0.0,0.0,0.0
ngamwongwan(bangkhen-kaset) (fixed),13.842582_100.570597_zSn6ZTllP_H03TvrAIsD2g_30_2025-08.jpg,SAFE,None,0.0,0.0,0.0
ngamwongwan(bangkhen-kaset) (fixed),13.842614_100.570099_EO6ctik069F62yPMvmeuiw_210_2024-11.jpg,SAFE,None,5.19,5.19,0.0
ngamwongwan(bangkhen-kaset) (fixed),13.842628_100.570516_GVOuUCw2YItGfckVYLlm9w_30_2025-08.jpg,WARNING,OBSTACLE,24.89,24.89,0.0
ngamwongwan(bangkhen-kaset) (fixed),13.842660_100.570018_ym9idkkr_toOkqrQCoNJYA_210_2024-11.jpg,SAFE,None,0.0,0.0,0.0
ngamwongwan(bangkhen-kaset) (fixed),13.842674_100.570433_8QLVROiqtWZWdeHRQsjKsw_30_2025-08.jpg,SAFE,None,0.0,0.0,0.0
ngamwongwan(bangkhen-kaset) (fixed),13.842706_100.569936_LSxnVwF4IGcuD0vVPqsLng_210_2024-11.jpg,SAFE,None,0.0,0.0,0.0
ngamwongwan(bangkhen-kaset) (fixed),13.842720_100.570350_e3Trkw7tKjs2kzZ6wh7bxQ_30_2025-08.jpg,SAFE,None,0.0,0.0,0.0
ngamwongwan(bangkhen-kaset) (fixed),13.842729_100.569896_K1YNSKlHDKkr1UeoKsutvQ_210_2024-11.jpg,SAFE,None,2.1,2.1,0.0
ngamwongwan(bangkhen-kaset) (fixed),13.842766_100.570268_HY0LNsIgGA3jBo86AEyg8g_29_2025-08.jpg,SAFE,None,0.0,0.0,0.0
ngamwongwan(bangkhen-kaset) (fixed),13.842774_100.569815_3uOmxmdaz7b1tKat-Q5rDg_210_2024-11.jpg,SAFE,None,1.02,1.02,0.0
ngamwongwan(bangkhen-kaset) (fixed),13.842811_100.570185_R31DZ7K0XmX6VZkrlcoaRg_29_2025-08.jpg,SAFE,None,0.0,0.0,0.0
ngamwongwan(bangkhen-kaset) (fixed),13.842819_100.569733_NOL2-aSHcsCj-VXs1i73cw_210_2024-11.jpg,SAFE,None,5.95,5.95,0.0
ngamwongwan(bangkhen-kaset) (fixed),13.842856_100.570103_novv_2xG3rV8G-Agde7rag_30_2025-08.jpg,SAFE,None,0.0,0.0,0.0
ngamwongwan(bangkhen-kaset) (fixed),13.842866_100.569651_tTu6JZQBNBz47NO4Rzp3Nw_210_2024-11.jpg,SAFE,None,0.0,0.0,0.0
ngamwongwan(bangkhen-kaset) (fixed),13.842901_100.570021_2rJutR1lOURNp7n8_9k6BA_30_2025-08.jpg,SAFE,None,0.0,0.0,0.0
ngamwongwan(bangkhen-kaset) (fixed),13.842911_100.569569_pJzz4gVqEyVawEA83hm7dA_210_2024-11.jpg,SAFE,None,0.0,0.0,0.0
ngamwongwan(bangkhen-kaset) (fixed),13.842946_100.569939_zhy2Kl3XKzZ2T0mUylxJmg_30_2025-08.jpg,SAFE,None,0.0,0.0,0.0
ngamwongwan(bangkhen-kaset) (fixed),13.842956_100.569487_zEXfcMSslNrexf__2gVezw_210_2024-11.jpg,SAFE,None,0.26,0.26,0.0
ngamwongwan(bangkhen-kaset) (fixed),13.842992_100.569858_thdHqncY8dF-fpSQ-vcEGw_31_2025-08.jpg,SAFE,None,6.32,0.51,5.81
ngamwongwan(bangkhen-kaset) (fixed),13.843001_100.569405_i2lhh49ULm6_1dgQMVSn-g_210_2024-11.jpg,SAFE,None,0.92,0.92,0.0
ngamwongwan(bangkhen-kaset) (fixed),13.843038_100.569778_Yb5NaqJNswKPNAId6q230A_30_2025-08.jpg,SAFE,None,0.57,0.57,0.0
ngamwongwan(bangkhen-kaset) (fixed),13.843047_100.569324_JTMdcS-jI0a7Z7ys8Hek3A_210_2024-11.jpg,SAFE,None,1.01,1.01,0.0
ngamwongwan(bangkhen-kaset) (fixed),13.843083_100.569696_KI84Lu0k8JROe5xYGsAvKw_30_2025-08.jpg,SAFE,None,0.48,0.48,0.0
ngamwongwan(bangkhen-kaset) (fixed),13.843092_100.569243_BaFWPCWqpIT7MCch3FWzag_210_2024-11.jpg,SAFE,None,0.0,0.0,0.0
ngamwongwan(bangkhen-kaset) (fixed),13.843128_100.569613_JPXTyEFO6E729OnXDmXT5A_30_2025-08.jpg,SAFE,None,1.27,1.27,0.0
ngamwongwan(bangkhen-kaset) (fixed),13.843138_100.569162_LxLesHZX5DgBjPf-hrpdPQ_210_2024-11.jpg,SAFE,None,0.0,0.0,0.0
ngamwongwan(bangkhen-kaset) (fixed),13.843175_100.569532_T1bfDFbL9rvUBABMj-z1Cw_30_2025-08.jpg,SAFE,None,17.81,0.0,17.81
ngamwongwan(bangkhen-kaset) (fixed),13.843183_100.569080_CLT8LFgb0f1JHNGPSLbj-g_210_2024-11.jpg,SAFE,None,2.34,2.34,0.0
ngamwongwan(bangkhen-kaset) (fixed),13.843220_100.569450_QemI14O_1cGx0YhjtYQ_mg_31_2025-08.jpg,SAFE,None,19.48,0.0,19.48
ngamwongwan(bangkhen-kaset) (fixed),13.843228_100.568999_tNjbp15QN-EHW8CeeKy1vw_210_2024-11.jpg,SAFE,None,1.33,1.33,0.0
ngamwongwan(bangkhen-kaset) (fixed),13.843267_100.569369_NH4CzcRPdQSNWU9ffLrauQ_30_2025-08.jpg,SAFE,None,7.53,0.47,7.06
ngamwongwan(bangkhen-kaset) (fixed),13.843273_100.568918_hThBNH_tGdULqGpEQ4cSPw_210_2024-11.jpg,SAFE,None,0.44,0.44,0.0
ngamwongwan(bangkhen-kaset) (fixed),13.843313_100.569287_qnEQ6lX7BHhMtA8dmIqAAg_30_2025-08.jpg,SAFE,None,0.0,0.0,0.0
ngamwongwan(bangkhen-kaset) (fixed),13.843319_100.568837_H8UPuEOy9DPFwddCeFlUIg_210_2024-11.jpg,SAFE,None,6.57,6.57,0.0
ngamwongwan(bangkhen-kaset) (fixed),13.843358_100.569205_IvcRg58D9H_E8KGg626m1A_30_2025-08.jpg,SAFE,None,0.0,0.0,0.0
ngamwongwan(bangkhen-kaset) (fixed),13.843364_100.568756_kK1u8_NhN0UX9eN84kpAvA_210_2024-11.jpg,SAFE,None,0.23,0.23,0.0
ngamwongwan(bangkhen-kaset) (fixed),13.843403_100.569123_BZwTKB-ZrhIsM4QLU2rFew_30_2025-08.jpg,SAFE,None,0.4,0.4,0.0
ngamwongwan(bangkhen-kaset) (fixed),13.843411_100.568675_x16qyT-csPsbpoWluc_Dpw_210_2024-11.jpg,SAFE,None,0.0,0.0,0.0
ngamwongwan(bangkhen-kaset) (fixed),13.843447_100.569042_EFwn9tiLJvCQWfCV5y_rSg_30_2025-08.jpg,SAFE,None,1.15,0.0,1.15
ngamwongwan(bangkhen-kaset) (fixed),13.843458_100.568594_cX4vpbbH_X9BreWcz_2K0Q_210_2024-11.jpg,SAFE,None,6.26,0.0,6.26
ngamwongwan(bangkhen-kaset) (fixed),13.843491_100.568959_2rVxaupfYmXwRUq_2hUkzA_30_2025-08.jpg,SAFE,None,0.0,0.0,0.0
ngamwongwan(bangkhen-kaset) (fixed),13.843504_100.568511_NSl8PYKWtDnMMEIxmnPYbw_210_2024-11.jpg,SAFE,None,2.32,2.32,0.0
ngamwongwan(bangkhen-kaset) (fixed),13.843536_100.568876_wZLgk15kkARhelRiByE6kg_30_2025-08.jpg,SAFE,None,0.0,0.0,0.0
ngamwongwan(bangkhen-kaset) (fixed),13.843549_100.568430_Jjmd3kl-npsQMXM_0xW3tw_210_2024-11.jpg,SAFE,None,0.27,0.27,0.0
ngamwongwan(bangkhen-kaset) (fixed),13.843582_100.568796_VSYp0LHMtxeDUb6YruD0pg_30_2025-08.jpg,SAFE,None,0.0,0.0,0.0
ngamwongwan(bangkhen-kaset) (fixed),13.843594_100.568349_uUl-VEoHNetcd1VcVY22kg_210_2024-11.jpg,SAFE,None,0.5,0.5,0.0
ngamwongwan(bangkhen-kaset) (fixed),13.843629_100.568715_9epp8qIIzPbo0yXjF_4p4w_30_2025-08.jpg,SAFE,None,4.03,4.03,0.0
ngamwongwan(bangkhen-kaset) (fixed),13.843640_100.568267_t7PVJIJIOdpfOm6dbP1kgw_210_2024-11.jpg,SAFE,None,1.47,1.47,0.0
ngamwongwan(bangkhen-kaset) (fixed),13.843677_100.568635_JG1QskcMwVzxZQsq6p_7BQ_31_2025-08.jpg,SAFE,None,0.0,0.0,0.0
ngamwongwan(bangkhen-kaset) (fixed),13.843687_100.568186_iEUpL1N_-uwhwJD3UcYrrQ_210_2024-11.jpg,SAFE,None,1.52,1.52,0.0
ngamwongwan(bangkhen-kaset) (fixed),13.843724_100.568553_E8Nkqlj5c3y534XDZVd4qg_31_2025-08.jpg,SAFE,None,0.31,0.31,0.0
ngamwongwan(bangkhen-kaset) (fixed),13.843733_100.568104_2gyx6usBiqTXZxLe8wH7AA_210_2024-11.jpg,SAFE,None,0.27,0.27,0.0
ngamwongwan(bangkhen-kaset) (fixed),13.843772_100.568472_SthbZ5qQdlXn7KyN5IS7GA_31_2025-08.jpg,SAFE,None,0.0,0.0,0.0
ngamwongwan(bangkhen-kaset) (fixed),13.843780_100.568023_WEvm5mmlWKR3MUqL1-OupA_210_2024-11.jpg,SAFE,None,2.51,2.51,0.0
ngamwongwan(bangkhen-kaset) (fixed),13.843818_100.568391_xEay9m5SDsBWzMdAanHjNw_30_2025-08.jpg,SAFE,None,0.0,0.0,0.0
ngamwongwan(bangkhen-kaset) (fixed),13.843826_100.567941_9hGqQlU0V7udgGFPQPpi0A_210_2024-11.jpg,SAFE,None,0.84,0.84,0.0
ngamwongwan(bangkhen-kaset) (fixed),13.843866_100.568310_vJwr9vuUlfKNyFu-LeWavA_30_2025-08.jpg,SAFE,None,0.0,0.0,0.0
ngamwongwan(bangkhen-kaset) (fixed),13.843872_100.567861_lhCiTQ1vIoSYWcIgnYmwIQ_210_2024-11.jpg,SAFE,None,0.0,0.0,0.0
ngamwongwan(bangkhen-kaset) (fixed),13.843912_100.568229_Z13m2FFAy8kMWvUAMKcTLQ_30_2025-08.jpg,SAFE,None,0.67,0.67,0.0
ngamwongwan(bangkhen-kaset) (fixed),13.843917_100.567782_OxRGfcOyGcRT_QoSqzbFkQ_210_2024-11.jpg,SAFE,None,0.0,0.0,0.0
ngamwongwan(bangkhen-kaset) (fixed),13.843959_100.568147_W4XTPTFI38UWOq_SgIcHNA_30_2025-08.jpg,ERROR (No Sidewalk),SURFACE DAMAGE,-1,0.0,0.0
ngamwongwan(bangkhen-kaset) (fixed),13.843964_100.567702_I98fhK8UVbZjbC00FmqoQg_210_2024-11.jpg,SAFE,None,0.52,0.52,0.0
ngamwongwan(bangkhen-kaset) (fixed),13.843982_100.568106_ZkcR89HqONqEZTam2xoGPQ_30_2025-08.jpg,WARNING,OBSTACLE,23.26,23.26,0.0
ngamwongwan(bangkhen-kaset) (fixed),13.844012_100.567621_FaFoVsLGP_6cZCxJTaXB0Q_210_2024-11.jpg,SAFE,None,7.69,7.69,0.0
ngamwongwan(bangkhen-kaset) (fixed),13.844028_100.568024_P4A-RnL11RTJ4ZjZGJ9JLg_30_2025-08.jpg,SAFE,None,2.93,2.93,0.0
ngamwongwan(bangkhen-kaset) (fixed),13.844080_100.567496_LZmySewbzVMIItTu7na0Dg_210_2024-11.jpg,SAFE,None,0.0,0.0,0.0
ngamwongwan(bangkhen-kaset) (fixed),13.844098_100.567901_ccKnt6GimjzsE6Wra0cDCA_30_2025-08.jpg,SAFE,None,0.0,0.0,0.0
ngamwongwan(bangkhen-kaset) (fixed),13.844126_100.567413_AfbBAD9rL28PGldtEqD7Sw_210_2024-11.jpg,SAFE,None,1.29,1.29,0.0
ngamwongwan(bangkhen-kaset) (fixed),13.844145_100.567819_dXs1BiVu2qOs8GdbmANHuw_30_2025-08.jpg,SAFE,None,0.0,0.0,0.0
ngamwongwan(bangkhen-kaset) (fixed),13.844171_100.567331_ekzGT8ItmQKJuiCrDmSUzg_210_2024-11.jpg,SAFE,None,3.07,3.07,0.0
ngamwongwan(bangkhen-kaset) (fixed),13.844191_100.567738_WSFDNC3YEeMk_1ChMvIlmw_30_2025-08.jpg,SAFE,None,0.42,0.42,0.0
ngamwongwan(bangkhen-kaset) (fixed),13.844217_100.567249_CV1V3vSvgrBYigT7_ZC5gA_210_2024-11.jpg,SAFE,None,0.0,0.0,0.0
ngamwongwan(bangkhen-kaset) (fixed),13.844237_100.567656_TJFw74e3Ex-BExNvPOuBLA_30_2025-08.jpg,SAFE,None,0.0,0.0,0.0
ngamwongwan(bangkhen-kaset) (fixed),13.844262_100.567167_ynvTnmEjbShsum6JdbaFCA_210_2024-11.jpg,SAFE,None,6.2,6.2,0.0
ngamwongwan(bangkhen-kaset) (fixed),13.844283_100.567573_zfyZ9Yfum2UCT-tqmOxyag_30_2025-08.jpg,SAFE,None,0.0,0.0,0.0
ngamwongwan(bangkhen-kaset) (fixed),13.844307_100.567086_e-U357CjGEC9jM-_giycDw_210_2024-11.jpg,SAFE,None,0.48,0.48,0.0
ngamwongwan(bangkhen-kaset) (fixed),13.844329_100.567491_izpA4WzsGRYoy4V6XYNaIg_31_2025-08.jpg,SAFE,None,0.0,0.0,0.0
ngamwongwan(bangkhen-kaset) (fixed),13.844353_100.567005_bwOi0hNawWG2xsi5xplOGg_210_2024-11.jpg,SAFE,None,5.33,5.33,0.0
ngamwongwan(bangkhen-kaset) (fixed),13.844376_100.567410_m243lEMzeRYxYArVQ0xOTw_31_2025-08.jpg,SAFE,None,0.64,0.64,0.0
ngamwongwan(bangkhen-kaset) (fixed),13.844399_100.566923_-n29KrEV2eeoIFJlfW2C_A_210_2024-11.jpg,SAFE,None,4.03,2.01,2.01
ngamwongwan(bangkhen-kaset) (fixed),13.844422_100.567329_x9_9TuMyoWAW16Z_2TgGdA_30_2025-08.jpg,SAFE,None,0.0,0.0,0.0
ngamwongwan(bangkhen-kaset) (fixed),13.844445_100.566841_0pF0mV7QnsXKreC4jZLCYA_210_2024-11.jpg,SAFE,None,0.0,0.0,0.0
ngamwongwan(bangkhen-kaset) (fixed),13.844468_100.567247_b88bO0Z3Z0l35AexBZvwkA_30_2025-08.jpg,SAFE,None,0.4,0.4,0.0
ngamwongwan(bangkhen-kaset) (fixed),13.844492_100.566759_ULlvgivhkW6ZSt5Lcz6xuQ_210_2024-11.jpg,SAFE,None,1.23,1.23,0.0
ngamwongwan(bangkhen-kaset) (fixed),13.844514_100.567165_Y7TAAR0gOO6S0v7Xw2Fszg_30_2025-08.jpg,SAFE,None,0.0,0.0,0.0
ngamwongwan(bangkhen-kaset) (fixed),13.844539_100.566678__axrhBbVkqQMlxONnpMv0A_210_2024-11.jpg,SAFE,None,3.29,3.29,0.0
ngamwongwan(bangkhen-kaset) (fixed),13.844561_100.567083_50fU8PESXZIMcVuNab3Ixg_30_2025-08.jpg,SAFE,None,0.0,0.0,0.0
ngamwongwan(bangkhen-kaset) (fixed),13.844583_100.566597_YCanK3DjYv8dZ4z8QzGkWg_210_2024-11.jpg,SAFE,None,0.0,0.0,0.0
ngamwongwan(bangkhen-kaset) (fixed),13.844608_100.567000_V5FIIuwwT2ReYWB20Agnrg_31_2025-08.jpg,SAFE,None,0.0,0.0,0.0
ngamwongwan(bangkhen-kaset) (fixed),13.844629_100.566515_WpxORYsgfikcweJnqT81rA_210_2024-11.jpg,SAFE,None,0.0,0.0,0.0
ngamwongwan(bangkhen-kaset) (fixed),13.844655_100.566918_ZrJlHxoTBdHi0B1fksOUKg_30_2025-08.jpg,SAFE,None,0.0,0.0,0.0
ngamwongwan(bangkhen-kaset) (fixed),13.844675_100.566434_8SQCC9j9bV50o3Zzg_OgYg_210_2024-11.jpg,SAFE,None,8.46,8.46,0.0
ngamwongwan(bangkhen-kaset) (fixed),13.844700_100.566838_iSMRL6RKBpBFBP3eMZewPQ_30_2025-08.jpg,SAFE,None,0.0,0.0,0.0
ngamwongwan(bangkhen-kaset) (fixed),13.844722_100.566351_-lPZ47xFXMmvhYuKeGd1Xg_210_2024-11.jpg,SAFE,None,0.0,0.0,0.0
ngamwongwan(bangkhen-kaset) (fixed),13.844747_100.566754_s8SgLwwTET7a5w0e5XxwAQ_30_2025-08.jpg,SAFE,None,0.0,0.0,0.0
ngamwongwan(bangkhen-kaset) (fixed),13.844767_100.566270_qo-klvsPeim-SgXemiQkjw_210_2024-11.jpg,SAFE,None,0.27,0.27,0.0
ngamwongwan(bangkhen-kaset) (fixed),13.844793_100.566669_oz66HYaJ4scdnSUFCMz_0w_30_2025-08.jpg,SAFE,None,0.42,0.42,0.0
ngamwongwan(bangkhen-kaset) (fixed),13.844812_100.566188_KuJ5TvANBKVPQwNj111X2w_210_2024-11.jpg,SAFE,None,0.87,0.87,0.0
ngamwongwan(bangkhen-kaset) (fixed),13.844839_100.566586_zubMkxKb_iq_e32tFQrL5A_30_2025-08.jpg,SAFE,None,3.05,0.0,3.05
ngamwongwan(bangkhen-kaset) (fixed),13.844858_100.566107_MJW2TfXco8vdn7ojBjwhZQ_210_2024-11.jpg,SAFE,None,0.85,0.85,0.0
ngamwongwan(bangkhen-kaset) (fixed),13.844884_100.566503_xA8uFvX-Fmn54focVV0fUg_30_2025-08.jpg,SAFE,None,0.98,0.98,0.0
ngamwongwan(bangkhen-kaset) (fixed),13.844903_100.566026_dZh-vFg0oYPPWBDZgAOkxQ_210_2024-11.jpg,SAFE,None,0.0,0.0,0.0
ngamwongwan(bangkhen-kaset) (fixed),13.844929_100.566421_7hXDj0G8qN0fGkPj39ukdQ_30_2025-08.jpg,SAFE,None,0.2,0.2,0.0
ngamwongwan(bangkhen-kaset) (fixed),13.844973_100.565906_uHR9QB42iSDnRBh3rJ-9GQ_210_2024-11.jpg,SAFE,None,0.72,0.72,0.0
ngamwongwan(bangkhen-kaset) (fixed),13.844973_100.566340_m-ME3pkqcak2N6el4Tydlg_30_2025-08.jpg,SAFE,None,0.0,0.0,0.0
ngamwongwan(bangkhen-kaset) (fixed),13.845016_100.565822_JY9EyK0sqU8GdlGyADcYxw_210_2024-11.jpg,SAFE,None,0.69,0.69,0.0
ngamwongwan(bangkhen-kaset) (fixed),13.845017_100.566259_7gZRnfsuFI1vNA0trAzaSQ_30_2025-08.jpg,SAFE,None,3.54,3.54,0.0
ngamwongwan(bangkhen-kaset) (fixed),13.845062_100.565742_-kST87D-nOYpG2NOhK8ySg_210_2024-11.jpg,SAFE,None,0.0,0.0,0.0
ngamwongwan(bangkhen-kaset) (fixed),13.845105_100.566098_7NBMWE0oL1xVNPfse6CikQ_30_2025-08.jpg,SAFE,None,1.66,1.66,0.0
ngamwongwan(bangkhen-kaset) (fixed),13.845106_100.565660_e3gClmu5qSSW26iP0U_ZaA_210_2024-11.jpg,SAFE,None,5.37,5.37,0.0
ngamwongwan(bangkhen-kaset) (fixed),13.845129_100.565619_Gqb-pCc9STNPQRj950i99w_210_2024-11.jpg,SAFE,None,0.38,0.38,0.0
ngamwongwan(bangkhen-kaset) (fixed),13.845149_100.566016_RfotNL7Lhq5pahNn253-9Q_30_2025-08.jpg,CRITICAL,OBSTACLE,35.71,35.71,0.0
ngamwongwan(bangkhen-kaset) (fixed),13.845174_100.565537_HMoGcW91Yb3w23f_1sBRSQ_210_2024-11.jpg,SAFE,None,0.0,0.0,0.0
ngamwongwan(bangkhen-kaset) (fixed),13.845217_100.565896_ftwkFhqGBV4bp1DskH72CQ_30_2025-08.jpg,SAFE,None,2.36,2.36,0.0
ngamwongwan(bangkhen-kaset) (fixed),13.845240_100.565416_0hKnSbJSjP2DksFBC99MCQ_210_2024-11.jpg,SAFE,None,2.95,2.95,0.0
ngamwongwan(bangkhen-kaset) (fixed),13.845262_100.565815_VebBR3LH_OKtryy2jtyXmw_30_2025-08.jpg,SAFE,None,0.0,0.0,0.0
ngamwongwan(bangkhen-kaset) (fixed),13.845286_100.565335_FpR8c4-p8LezvwH6OgIjOw_210_2024-11.jpg,SAFE,None,0.43,0.43,0.0
ngamwongwan(bangkhen-kaset) (fixed),13.845307_100.565734_x841g6MWxKJ7Mr4Qi5Z0WQ_30_2025-08.jpg,SAFE,None,0.21,0.21,0.0
ngamwongwan(bangkhen-kaset) (fixed),13.845330_100.565255_kHeu4Mj9h5sy-84PXna59w_210_2024-11.jpg,SAFE,None,0.0,0.0,0.0
ngamwongwan(bangkhen-kaset) (fixed),13.845354_100.565653_23lN1MNxcqtcxPd0LkQl-w_30_2025-08.jpg,SAFE,None,0.0,0.0,0.0
ngamwongwan(bangkhen-kaset) (fixed),13.845376_100.565175_NfG83Y5w3Hc6d_Vq1Lg72g_210_2024-11.jpg,SAFE,None,0.0,0.0,0.0
ngamwongwan(bangkhen-kaset) (fixed),13.845401_100.565571_0Tn4b2HPuBGhADjzs_LY5Q_30_2025-08.jpg,SAFE,None,0.0,0.0,0.0
ngamwongwan(bangkhen-kaset) (fixed),13.845421_100.565092_ihBAsoz-vr6nYvR8CBu3hg_210_2024-11.jpg,SAFE,None,0.16,0.16,0.0
ngamwongwan(bangkhen-kaset) (fixed),13.845448_100.565489_mWMwPgLXFT-7ZOWoTEHWoA_30_2025-08.jpg,SAFE,None,0.0,0.0,0.0
ngamwongwan(bangkhen-kaset) (fixed),13.845466_100.565011_GQibxDMjVoWfKZH1bvYtcw_210_2024-11.jpg,SAFE,None,0.0,0.0,0.0
ngamwongwan(bangkhen-kaset) (fixed),13.845493_100.565408_Ge6o2kQhMb_T1JKq1_u5Ag_30_2025-08.jpg,SAFE,None,0.0,0.0,0.0
ngamwongwan(bangkhen-kaset) (fixed),13.845511_100.564929_rSYjvvqC9a7JJsDCYlOlYA_210_2024-11.jpg,SAFE,None,0.12,0.12,0.0
ngamwongwan(bangkhen-kaset) (fixed),13.845539_100.565327_-M-1qWUGknPRW2TjZXk62A_30_2025-08.jpg,SAFE,None,0.0,0.0,0.0
ngamwongwan(bangkhen-kaset) (fixed),13.845554_100.564846_FdJypaXH4yWlQ_0_eDLPwQ_210_2024-11.jpg,WARNING,OBSTACLE,21.09,19.09,2.0
ngamwongwan(bangkhen-kaset) (fixed),13.845554_100.564846_FdJypaXH4yWlQ_0_eDLPwQ_214_2024-11.jpg,SAFE,None,19.18,17.87,1.31
ngamwongwan(bangkhen-kaset) (fixed),13.845584_100.565246_a9c_gRCHxXkdJxiwJtuNQw_30_2025-08.jpg,SAFE,None,0.0,0.0,0.0
ngamwongwan(bangkhen-kaset) (fixed),13.845600_100.564767_BqcUJzp6gWNrg34VyMGaOQ_210_2024-11.jpg,SAFE,None,0.7,0.7,0.0
ngamwongwan(bangkhen-kaset) (fixed),13.845623_100.564725_HoKR16Tbc0A0FiilFqSvsg_210_2024-11.jpg,SAFE,None,0.6,0.6,0.0
ngamwongwan(bangkhen-kaset) (fixed),13.845630_100.565163_U1-1--Kkt31ahO5N6I5zNA_30_2025-08.jpg,SAFE,None,1.53,0.0,1.53
ngamwongwan(bangkhen-kaset) (fixed),13.845669_100.564644_VGUWL9w5pUWiW_HdmpKtIQ_210_2024-11.jpg,SAFE,None,0.0,0.0,0.0
ngamwongwan(bangkhen-kaset) (fixed),13.845676_100.565082_s2ytZZyhen6x-vj9G1herg_30_2025-08.jpg,SAFE,None,0.24,0.24,0.0
ngamwongwan(bangkhen-kaset) (fixed),13.845715_100.564563_VLvb0JWzngdtmHil-4QL1w_210_2024-11.jpg,SAFE,None,1.29,1.29,0.0
ngamwongwan(bangkhen-kaset) (fixed),13.845724_100.565002_x41nz7g8ikrzuJryrYx_dg_30_2025-08.jpg,SAFE,None,0.0,0.0,0.0
ngamwongwan(bangkhen-kaset) (fixed),13.845760_100.564480_xArhT5ycvBTvBWgOH1uWiQ_210_2024-11.jpg,SAFE,None,0.0,0.0,0.0
ngamwongwan(bangkhen-kaset) (fixed),13.845772_100.564923_RFWH9NbXvhZ79yKQWDE0aw_30_2025-08.jpg,SAFE,None,2.54,2.54,0.0
ngamwongwan(bangkhen-kaset) (fixed),13.845806_100.564402_hhJg0Ta0nm7ufe1tUlYxOA_210_2024-11.jpg,SAFE,None,0.0,0.0,0.0
ngamwongwan(bangkhen-kaset) (fixed),13.845820_100.564844_87f14mA6u4qNiuaP_MikXA_30_2025-08.jpg,SAFE,None,0.77,0.77,0.0
ngamwongwan(bangkhen-kaset) (fixed),13.845851_100.564321_BNT81Tb4c1qz832jiuRl6g_210_2024-11.jpg,SAFE,None,1.69,1.69,0.0
ngamwongwan(bangkhen-kaset) (fixed),13.845871_100.564767_41O7J02V59Fzr2M0a-jpOA_30_2025-08.jpg,SAFE,None,4.57,1.8,2.76
ngamwongwan(bangkhen-kaset) (fixed),13.845896_100.564241_4-qCn9Ngt1F9vH79U2ZgWQ_210_2024-11.jpg,SAFE,None,0.28,0.28,0.0
ngamwongwan(bangkhen-kaset) (fixed),13.845921_100.564690_F-4hkdHZwXjQMuD0zsK8cw_30_2025-08.jpg,SAFE,None,0.0,0.0,0.0
ngamwongwan(bangkhen-kaset) (fixed),13.845942_100.564159_p4y3txeLzPO--8KjYos8qQ_210_2024-11.jpg,SAFE,None,0.5,0.5,0.0
ngamwongwan(bangkhen-kaset) (fixed),13.845964_100.564119_NFtPXIUt579KHnR0Ia1wkA_210_2024-11.jpg,SAFE,None,0.0,0.0,0.0
ngamwongwan(bangkhen-kaset) (fixed),13.845971_100.564612_3k1bKJHPBwj8rNvqYH9kXg_33_2025-08.jpg,SAFE,None,1.03,1.03,0.0
ngamwongwan(bangkhen-kaset) (fixed),13.846008_100.564039_Wq9t5R2JMkifhsR_1SmxUw_210_2024-11.jpg,SAFE,None,0.0,0.0,0.0
ngamwongwan(bangkhen-kaset) (fixed),13.846020_100.564533_CGqW-BJBHp3Et2M8hB4HIw_33_2025-08.jpg,SAFE,None,0.0,0.0,0.0
ngamwongwan(bangkhen-kaset) (fixed),13.846069_100.564454_TpBvaIMHZqIDbx950z9C2Q_32_2025-08.jpg,SAFE,None,6.51,6.51,0.0
ngamwongwan(bangkhen-kaset) (fixed),13.846096_100.563881_5covLEOrN2IJfE6_TXvLNg_210_2024-11.jpg,SAFE,None,2.46,2.46,0.0
ngamwongwan(bangkhen-kaset) (fixed),13.846117_100.564374_FBIHnOQGkTBIQpz0-Oe05g_32_2025-08.jpg,SAFE,None,0.0,0.0,0.0
ngamwongwan(bangkhen-kaset) (fixed),13.846141_100.563799_pjTY98SlZgmEDUGWCpNVaA_210_2024-11.jpg,SAFE,None,0.73,0.73,0.0
ngamwongwan(bangkhen-kaset) (fixed),13.846165_100.564293_ahWSVTISwRxEtsSoFxD5Cw_31_2025-08.jpg,SAFE,None,5.05,5.05,0.0
ngamwongwan(bangkhen-kaset) (fixed),13.846184_100.563721_k7JNEQB3Gs6sm193jsUKNA_209_2024-11.jpg,SAFE,None,1.84,1.84,0.0
ngamwongwan(bangkhen-kaset) (fixed),13.846211_100.564211_3GkSniphmuhDE-M4ivrmFA_30_2025-08.jpg,SAFE,None,0.0,0.0,0.0
ngamwongwan(bangkhen-kaset) (fixed),13.846226_100.563645_RBHfcCYtm8v9jLeb0HsM2A_209_2024-11.jpg,SAFE,None,3.16,3.16,0.0
ngamwongwan(bangkhen-kaset) (fixed),13.846256_100.564130_6zIySOyWAcYqc8VJM2CWNA_30_2025-08.jpg,SAFE,None,6.42,6.42,0.0
ngamwongwan(bangkhen-kaset) (fixed),13.846302_100.564050_qJSnjZhhCAXcb_ieY52wGg_31_2025-08.jpg,SAFE,None,0.0,0.0,0.0
ngamwongwan(bangkhen-kaset) (fixed),13.846320_100.563549_JfuAWkbuTVL56uoXy1hsKg_210_2024-07.jpg,SAFE,None,13.01,13.01,0.0
ngamwongwan(bangkhen-kaset) (fixed),13.846347_100.563969_Rdq1gqAhtvATPtZhp8dB5A_30_2025-08.jpg,SAFE,None,0.7,0.7,0.0
ngamwongwan(bangkhen-kaset) (fixed),13.846368_100.563463_xouPMRBU0Ie-6fAHFL5b0w_210_2024-07.jpg,SAFE,None,0.0,0.0,0.0
ngamwongwan(bangkhen-kaset) (fixed),13.846393_100.563887_n4Z0DvRHEb5UGDZzt6TRsg_30_2025-08.jpg,SAFE,None,0.67,0.67,0.0
ngamwongwan(bangkhen-kaset) (fixed),13.846415_100.563379_ncMyTc6F0wpRVyrzOOfuwg_210_2024-07.jpg,SAFE,None,0.0,0.0,0.0
ngamwongwan(bangkhen-kaset) (fixed),13.846438_100.563338_bzw7EFeMoqp69sEN6-E2Ng_210_2024-07.jpg,SAFE,None,0.0,0.0,0.0
ngamwongwan(bangkhen-kaset) (fixed),13.846439_100.563805_SYegDvTEOFbaMa1qr_fe6w_30_2025-08.jpg,SAFE,None,0.0,0.0,0.0
ngamwongwan(bangkhen-kaset) (fixed),13.846484_100.563257_XSHG59id3qhgpZe_xOZHnw_211_2024-07.jpg,SAFE,None,0.0,0.0,0.0
ngamwongwan(bangkhen-kaset) (fixed),13.846485_100.563723_n89bViuGF0BJaJy7i3j5ZQ_30_2025-08.jpg,SAFE,None,3.73,3.73,0.0
ngamwongwan(bangkhen-kaset) (fixed),13.846529_100.563178_HHan5NqNl55SRjqe_sRF1Q_210_2024-07.jpg,SAFE,None,2.64,2.64,0.0
ngamwongwan(bangkhen-kaset) (fixed),13.846530_100.563641_tHuPTBQBogs5wFbcIEineg_30_2025-08.jpg,SAFE,None,6.83,6.83,0.0
ngamwongwan(bangkhen-kaset) (fixed),13.846575_100.563097_coR-8lBb_iTy_Mvd0bho5w_210_2024-07.jpg,SAFE,None,0.0,0.0,0.0
ngamwongwan(bangkhen-kaset) (fixed),13.846576_100.563560_v4f3STRGHPpR5f0pDxeWkg_30_2025-08.jpg,SAFE,None,0.0,0.0,0.0
ngamwongwan(bangkhen-kaset) (fixed),13.846621_100.563015_xqjbL1Px7-gbyqPeqXJx5Q_210_2024-07.jpg,SAFE,None,0.0,0.0,0.0
ngamwongwan(bangkhen-kaset) (fixed),13.846621_100.563478_c43vxX0PRzlotKhWhqmABg_30_2025-08.jpg,SAFE,None,0.0,0.0,0.0
ngamwongwan(bangkhen-kaset) (fixed),13.846643_100.562974_EtiBeWp3NoBgDUx2xHE0Lg_210_2024-07.jpg,SAFE,None,0.0,0.0,0.0
ngamwongwan(bangkhen-kaset) (fixed),13.846666_100.563397_yOxZkfZrWIei3nZSV2uKhg_30_2025-08.jpg,SAFE,None,5.75,5.75,0.0
ngamwongwan(bangkhen-kaset) (fixed),13.846689_100.563356_Y0Pc2kViG4QUJ0_CXarGtA_30_2025-08.jpg,SAFE,None,0.0,0.0,0.0
ngamwongwan(bangkhen-kaset) (fixed),13.846690_100.562892_J_9v3X5fWn0HLIKWI8Ze-A_210_2024-07.jpg,SAFE,None,0.0,0.0,0.0
ngamwongwan(bangkhen-kaset) (fixed),13.846733_100.562814_xNEKF96_Io9mEkf3HpeM4Q_210_2024-07.jpg,SAFE,None,0.0,0.0,0.0
ngamwongwan(bangkhen-kaset) (fixed),13.846735_100.563273_HIjKY6m5Mv3u1OI8V6FVIQ_30_2025-08.jpg,SAFE,None,0.0,0.0,0.0
ngamwongwan(bangkhen-kaset) (fixed),13.846780_100.563191_IcKS_SSmdq8uXN1yiyi7pA_30_2025-08.jpg,SAFE,None,0.0,0.0,0.0
ngamwongwan(bangkhen-kaset) (fixed),13.846790_100.562713_c2qDdV9LBXWEB3nO-_u-mQ_210_2024-07.jpg,SAFE,None,0.0,0.0,0.0
ngamwongwan(bangkhen-kaset) (fixed),13.846825_100.563109_ejTxKSeYTMUT6NOSNOjTYw_30_2025-08.jpg,SAFE,None,0.0,0.0,0.0
ngamwongwan(bangkhen-kaset) (fixed),13.846848_100.563068_S1fwwiNeVx_rbaptGBQO-A_30_2025-08.jpg,SAFE,None,0.0,0.0,0.0
ngamwongwan(bangkhen-kaset) (fixed),13.846855_100.562597_tBQVVHOmW166Y9xjq5QgnA_210_2024-07.jpg,SAFE,None,1.17,1.17,0.0
ngamwongwan(bangkhen-kaset) (fixed),13.846893_100.562987_fEkAOSkZLuj33qcJr-4Dsw_30_2025-08.jpg,SAFE,None,8.22,8.22,0.0
ngamwongwan(bangkhen-kaset) (fixed),13.846904_100.562510_eBQACEspPl9_SnuQnH9aOw_212_2024-07.jpg,SAFE,None,0.0,0.0,0.0
ngamwongwan(bangkhen-kaset) (fixed),13.846939_100.562906_3Bwp5y-6ryH1hnPBJUZRRw_30_2025-08.jpg,SAFE,None,0.0,0.0,0.0
ngamwongwan(bangkhen-kaset) (fixed),13.846960_100.562432_Lxgnagz7T24t34m0i4Uc0Q_218_2024-07.jpg,SAFE,None,0.0,0.0,0.0
ngamwongwan(bangkhen-kaset) (fixed),13.846984_100.562823_lMYl5t8vZU4Im1DGoF5ljg_30_2025-08.jpg,SAFE,None,5.14,5.14,0.0
ngamwongwan(bangkhen-kaset) (fixed),13.847013_100.562360_UYPj0JJqp9lWJdCIltotYA_217_2024-07.jpg,SAFE,None,0.0,0.0,0.0
ngamwongwan(bangkhen-kaset) (fixed),13.847030_100.562742_OLX52ZmY7EGhWq0EQLWfhA_30_2025-08.jpg,SAFE,None,0.0,0.0,0.0
ngamwongwan(bangkhen-kaset) (fixed),13.847070_100.562282_8WHuQwO2z6R_44-bQ57QVA_215_2024-07.jpg,SAFE,None,0.0,0.0,0.0
ngamwongwan(bangkhen-kaset) (fixed),13.847075_100.562660_foB41KRXepVYbMZg2GObOg_30_2025-08.jpg,SAFE,None,1.64,1.64,0.0
ngamwongwan(bangkhen-kaset) (fixed),13.847121_100.562205__LNvqIhMKQmfmTjtvWWUtg_212_2024-07.jpg,SAFE,None,0.0,0.0,0.0
ngamwongwan(bangkhen-kaset) (fixed),13.847121_100.562577_Lm4BlIJ7rHfbm10GJ_3Dow_30_2025-08.jpg,SAFE,None,0.45,0.45,0.0
ngamwongwan(bangkhen-kaset) (fixed),13.847166_100.562124_yGCcuqK5lWC5PM6gPO1aGw_210_2024-07.jpg,SAFE,None,0.0,0.0,0.0
ngamwongwan(bangkhen-kaset) (fixed),13.847167_100.562495_cT0W6amjrxZFKNM62K5H6Q_30_2025-08.jpg,SAFE,None,8.36,8.36,0.0
ngamwongwan(bangkhen-kaset) (fixed),13.847210_100.562043_DZA90i_vU8tS8vfDE5Q41A_209_2024-07.jpg,SAFE,None,0.0,0.0,0.0
ngamwongwan(bangkhen-kaset) (fixed),13.847214_100.562412_i2yiDkMhFvv0-QI16TUxVg_30_2025-08.jpg,SAFE,None,0.0,0.0,0.0
ngamwongwan(bangkhen-kaset) (fixed),13.847261_100.562329_DOs5DlfwI-BisdfeSzynlQ_30_2025-08.jpg,SAFE,None,0.0,0.0,0.0
ngamwongwan(bangkhen-kaset) (fixed),13.847307_100.562245_KqwFk7vAF53FWj-MdxGu1Q_29_2025-08.jpg,SAFE,None,0.0,0.0,0.0
ngamwongwan(bangkhen-kaset) (fixed),13.847352_100.562159_ccSorucie1E-UzXekQEwpA_28_2025-08.jpg,SAFE,None,0.0,0.0,0.0
ngamwongwan(bangkhen-kaset) (fixed),13.847396_100.562073_5uI-tfvIDWLPN3h8COj-GA_30_2025-08.jpg,CRITICAL,SURFACE DAMAGE,39.19,0.0,39.19
ngamwongwan(bangkhen-kaset) (fixed),13.847490_100.561967_FFXcvmsb5Q_q-PyEajrfTQ_63_2025-08.jpg,SAFE,None,3.86,3.86,0.0
ngamwongwan(pongpetch-bangkhen) (fixed),13.848696_100.559120_lqYqu-EpmwJZbLagc0bH6A_211_2025-09.jpg,SAFE,None,2.11,2.11,0.0
ngamwongwan(pongpetch-bangkhen) (fixed),13.848743_100.559039_izTBG0oh-U4LF4PYLFo_SQ_210_2025-09.jpg,SAFE,None,0.0,0.0,0.0
ngamwongwan(pongpetch-bangkhen) (fixed),13.848789_100.558959_me5wapDa-Jozs-OiTp08xg_210_2025-09.jpg,SAFE,None,1.51,1.51,0.0
ngamwongwan(pongpetch-bangkhen) (fixed),13.848789_100.558959_me5wapDa-Jozs-OiTp08xg_211_2025-09.jpg,SAFE,None,1.48,1.48,0.0
ngamwongwan(pongpetch-bangkhen) (fixed),13.848837_100.558877_W89AyyKzdJKm41aa9wl5bg_211_2025-09.jpg,SAFE,None,1.45,1.45,0.0
ngamwongwan(pongpetch-bangkhen) (fixed),13.848929_100.558717__NuxD-L9kmZdP0k6kKaoGg_210_2025-09.jpg,SAFE,None,0.0,0.0,0.0
ngamwongwan(pongpetch-bangkhen) (fixed),13.848974_100.558638_YjuN70vxe-FjVDzOVz_saQ_210_2025-09.jpg,SAFE,None,3.53,3.53,0.0
ngamwongwan(pongpetch-bangkhen) (fixed),13.848977_100.559110_tKW-YFXa9lHKG6e3ThtIjw_30_2025-09.jpg,SAFE,None,0.0,0.0,0.0
ngamwongwan(pongpetch-bangkhen) (fixed),13.849021_100.559030_OXz7mFdgq-REZSffHmvSIA_30_2025-09.jpg,SAFE,None,0.0,0.0,0.0
ngamwongwan(pongpetch-bangkhen) (fixed),13.849065_100.558477_y8TtV33GKDZara2Teb9gtQ_210_2025-09.jpg,SAFE,None,0.0,0.0,0.0
ngamwongwan(pongpetch-bangkhen) (fixed),13.849066_100.558950_-ojpsy_FjsS1YnmgTZQ3uw_30_2025-09.jpg,SAFE,None,0.0,0.0,0.0
ngamwongwan(pongpetch-bangkhen) (fixed),13.849111_100.558396_pv-ac8tqgvlQZxuYH_qkRQ_211_2025-09.jpg,SAFE,None,1.82,1.82,0.0
ngamwongwan(pongpetch-bangkhen) (fixed),13.849112_100.558869_6-FoyVfdlgux_m9304ujmg_30_2025-09.jpg,SAFE,None,0.0,0.0,0.0
ngamwongwan(pongpetch-bangkhen) (fixed),13.849134_100.558828_P-vpyUcCwHwi9cHkPP33KA_30_2025-09.jpg,SAFE,None,0.0,0.0,0.0
ngamwongwan(pongpetch-bangkhen) (fixed),13.849180_100.558749_ljsLgkPN7bTe2fi-TehROg_30_2025-09.jpg,SAFE,None,0.0,0.0,0.0
ngamwongwan(pongpetch-bangkhen) (fixed),13.849206_100.558231_y7mtNECCA5mC56QI_RRHGw_211_2025-09.jpg,SAFE,None,2.91,2.91,0.0
ngamwongwan(pongpetch-bangkhen) (fixed),13.849226_100.558668_EJYtpzQPdtLN7pSRJdpDaQ_30_2025-09.jpg,SAFE,None,0.0,0.0,0.0
ngamwongwan(pongpetch-bangkhen) (fixed),13.849271_100.558587_qhLmaDjKsRgQmvR4uLSr0w_30_2025-09.jpg,SAFE,None,0.0,0.0,0.0
ngamwongwan(pongpetch-bangkhen) (fixed),13.849279_100.558111_K6MTer1KfR5aN5TC9LxbUQ_213_2025-09.jpg,SAFE,None,0.0,0.0,0.0
ngamwongwan(pongpetch-bangkhen) (fixed),13.849315_100.558506_isdMBgUW0RE90hIAmMv20A_29_2025-09.jpg,SAFE,None,0.94,0.94,0.0
ngamwongwan(pongpetch-bangkhen) (fixed),13.849329_100.558033_XX5vxocnWqD61kq8vZ3gOw_211_2025-09.jpg,SAFE,None,1.48,1.48,0.0
ngamwongwan(pongpetch-bangkhen) (fixed),13.849329_100.558033_XX5vxocnWqD61kq8vZ3gOw_213_2025-09.jpg,SAFE,None,1.65,1.65,0.0
ngamwongwan(pongpetch-bangkhen) (fixed),13.849358_100.558426_p-u8KclLdbi3D9qozfFHuA_28_2025-09.jpg,SAFE,None,0.0,0.0,0.0
ngamwongwan(pongpetch-bangkhen) (fixed),13.849378_100.557954_xv41KcPPeKKfekRe8LBGVw_210_2025-09.jpg,SAFE,None,3.72,3.72,0.0
ngamwongwan(pongpetch-bangkhen) (fixed),13.849400_100.558344_ta09ZCVZFQ6Z-lURxmHmBw_28_2025-09.jpg,SAFE,None,0.0,0.0,0.0
ngamwongwan(pongpetch-bangkhen) (fixed),13.849427_100.557877_8AiV-ajI1qro3mqNJ7nVQA_209_2025-09.jpg,SAFE,None,5.91,0.92,5.0
ngamwongwan(pongpetch-bangkhen) (fixed),13.849443_100.558262_zgNIOq6NOuL6El0hmhWtnQ_28_2025-09.jpg,SAFE,None,0.0,0.0,0.0
ngamwongwan(pongpetch-bangkhen) (fixed),13.849464_100.558221_JY26zXYMwz_TkrUjs2V8GA_28_2025-09.jpg,SAFE,None,1.32,1.32,0.0
ngamwongwan(pongpetch-bangkhen) (fixed),13.849476_100.557799_MKuri7neqEwZyQmZVOB4Ow_209_2025-09.jpg,SAFE,None,12.96,6.17,6.79
ngamwongwan(pongpetch-bangkhen) (fixed),13.849515_100.558146_-OfraPDISKRwM9JrGNaaBA_26_2025-09.jpg,SAFE,None,0.0,0.0,0.0
ngamwongwan(pongpetch-bangkhen) (fixed),13.849524_100.557718_VnUJFG56eWNvCkODD_IrFA_211_2025-09.jpg,SAFE,None,0.87,0.87,0.0
ngamwongwan(pongpetch-bangkhen) (fixed),13.849536_100.558103_5-18tvRfCZWnYZCb5zQz6g_30_2025-09.jpg,SAFE,None,0.0,0.0,0.0
ngamwongwan(pongpetch-bangkhen) (fixed),13.849571_100.557637_lEmJXlJVVP1Zcx7d7dhGIg_209_2025-09.jpg,SAFE,None,5.64,5.64,0.0
ngamwongwan(pongpetch-bangkhen) (fixed),13.849571_100.558020_pLPxD9nKIuho3Mz39x1SOw_30_2025-09.jpg,SAFE,None,0.0,0.0,0.0
ngamwongwan(pongpetch-bangkhen) (fixed),13.849616_100.557555_YS9YpVBZPhUFrzcfZ9Yjdw_209_2025-09.jpg,SAFE,None,17.18,14.42,2.76
ngamwongwan(pongpetch-bangkhen) (fixed),13.849618_100.557927_iNTb4m-oSN4GFa3yFLBGVA_30_2025-09.jpg,SAFE,None,2.12,2.12,0.0
ngamwongwan(pongpetch-bangkhen) (fixed),13.849661_100.557841_TJFT0Iq5aNl1sclHgryqnw_30_2025-09.jpg,SAFE,None,0.0,0.0,0.0
ngamwongwan(pongpetch-bangkhen) (fixed),13.849662_100.557472_5oM9InYaVjqnYtB9HwQ6gg_210_2025-09.jpg,SAFE,None,0.0,0.0,0.0
ngamwongwan(pongpetch-bangkhen) (fixed),13.849704_100.557759_8yh1njuEirRTneR5uujTyQ_30_2025-09.jpg,SAFE,None,0.73,0.73,0.0
ngamwongwan(pongpetch-bangkhen) (fixed),13.849748_100.557678_gB-V5tfRDC1HMUGis-YPGQ_30_2025-09.jpg,SAFE,None,1.93,1.93,0.0
ngamwongwan(pongpetch-bangkhen) (fixed),13.849750_100.557302_EtfVx9Ic0XxPOgTvSDSKRg_207_2025-09.jpg,SAFE,None,0.0,0.0,0.0
ngamwongwan(pongpetch-bangkhen) (fixed),13.849791_100.557597_5lL5393rSZu0r09uZfLdAQ_30_2025-09.jpg,SAFE,None,0.0,0.0,0.0
ngamwongwan(pongpetch-bangkhen) (fixed),13.849793_100.557216_SR1PPlZXnBy0mfudJ1Xxdg_210_2025-09.jpg,SAFE,None,0.0,0.0,0.0
ngamwongwan(pongpetch-bangkhen) (fixed),13.849836_100.557131_dx2uxSzgtVEmOmssD04Udw_210_2025-09.jpg,SAFE,None,4.64,4.64,0.0
ngamwongwan(pongpetch-bangkhen) (fixed),13.849856_100.557532_ArGsrHzxB9qK7fHrzf9sGg_30_2025-09.jpg,SAFE,None,0.41,0.41,0.0
ngamwongwan(pongpetch-bangkhen) (fixed),13.849879_100.557047_-ht8WKM2kCSKb-JfP_C-gA_210_2025-09.jpg,SAFE,None,5.17,5.17,0.0
ngamwongwan(pongpetch-bangkhen) (fixed),13.849902_100.557450_ECpsuBq7-7CITS9VfUVfIw_30_2025-09.jpg,SAFE,None,0.0,0.0,0.0
ngamwongwan(pongpetch-bangkhen) (fixed),13.849923_100.556964_Ija9faIcimBH_Uw2UhjQUg_210_2025-09.jpg,SAFE,None,2.44,2.44,0.0
ngamwongwan(pongpetch-bangkhen) (fixed),13.849925_100.557355_WD1KGdohphAk_vnEjV_2zg_30_2025-09.jpg,SAFE,None,0.0,0.0,0.0
ngamwongwan(pongpetch-bangkhen) (fixed),13.849966_100.556880_R5wcPcUijxczU6E29yfujA_210_2025-09.jpg,SAFE,None,0.0,0.0,0.0
ngamwongwan(pongpetch-bangkhen) (fixed),13.849970_100.557275_RqzIahisUDxT9Nmy-u18iQ_30_2025-09.jpg,SAFE,None,0.0,0.0,0.0
ngamwongwan(pongpetch-bangkhen) (fixed),13.850010_100.556798_bVl2KxYgux2L0aB5rU1ilA_210_2025-09.jpg,WARNING,SURFACE DAMAGE,30.32,1.05,29.27
ngamwongwan(pongpetch-bangkhen) (fixed),13.850015_100.557195_UYlS76VPKhbsqRgYQATg1w_30_2025-09.jpg,SAFE,None,0.0,0.0,0.0
ngamwongwan(pongpetch-bangkhen) (fixed),13.850054_100.556717_RLJLyV__CgxNkRDWrt_elA_210_2025-09.jpg,SAFE,None,5.69,2.06,3.64
ngamwongwan(pongpetch-bangkhen) (fixed),13.850060_100.557114_9V7R9c9tb05XidG04cRUeA_30_2025-09.jpg,SAFE,None,0.0,0.0,0.0
ngamwongwan(pongpetch-bangkhen) (fixed),13.850098_100.556635__S9rBg8l196ETNy1gNsnnA_210_2025-09.jpg,SAFE,None,4.26,0.56,3.69
ngamwongwan(pongpetch-bangkhen) (fixed),13.850105_100.557033_tspaIlc_qF3pJsXWVDQjJA_30_2025-09.jpg,SAFE,None,0.0,0.0,0.0
ngamwongwan(pongpetch-bangkhen) (fixed),13.850142_100.556554_tHyVtvKUjGAShM5xPn6R5A_210_2025-09.jpg,SAFE,None,16.9,0.71,16.18
ngamwongwan(pongpetch-bangkhen) (fixed),13.850186_100.556475_1refM-fC10UWyy3fMNgI5g_210_2025-09.jpg,WARNING,SURFACE DAMAGE,34.55,2.38,32.17
ngamwongwan(pongpetch-bangkhen) (fixed),13.850198_100.556917_ZxbG4wrJHexytAEhc4yckA_30_2025-09.jpg,SAFE,None,4.55,4.55,0.0
ngamwongwan(pongpetch-bangkhen) (fixed),13.850231_100.556393_s8vOQwUulqFWEF5sGSJ4iQ_210_2025-09.jpg,SAFE,None,19.52,1.69,17.83
ngamwongwan(pongpetch-bangkhen) (fixed),13.850242_100.556837_OxgJ11W98BgXsLVcXzPsuQ_30_2025-09.jpg,SAFE,None,0.99,0.99,0.0
ngamwongwan(pongpetch-bangkhen) (fixed),13.850276_100.556314_XfUxyAXeJRtbg55TaIEQMA_210_2025-09.jpg,SAFE,None,9.3,0.0,9.3
ngamwongwan(pongpetch-bangkhen) (fixed),13.850286_100.556757_ByogXT4r6Qw3aPAdake6nA_30_2025-09.jpg,SAFE,None,0.0,0.0,0.0
ngamwongwan(pongpetch-bangkhen) (fixed),13.850320_100.556235_D-JtDbQdnYomDLbxLyyIhg_210_2025-09.jpg,SAFE,None,14.61,2.0,12.61
ngamwongwan(pongpetch-bangkhen) (fixed),13.850331_100.556677_oH_IP0inaEkPKShhxj2JdA_30_2025-09.jpg,SAFE,None,5.11,0.0,5.11
ngamwongwan(pongpetch-bangkhen) (fixed),13.850363_100.556159_c_s4HPu8qOCMvPHgOpcVBQ_210_2025-09.jpg,WARNING,SURFACE DAMAGE,26.31,0.77,25.54
ngamwongwan(pongpetch-bangkhen) (fixed),13.850376_100.556597_oIOy4flk_8inxYuQEePy4w_30_2025-09.jpg,SAFE,None,17.87,1.87,16.0
ngamwongwan(pongpetch-bangkhen) (fixed),13.850404_100.556077_sRRkhakY2EKRMGYRfTLNiQ_210_2024-11.jpg,SAFE,None,2.32,2.32,0.0
ngamwongwan(pongpetch-bangkhen) (fixed),13.850404_100.556495_WgukzH_pyGlO1ZhcL9w6sA_30_2025-09.jpg,SAFE,None,2.75,2.75,0.0
ngamwongwan(pongpetch-bangkhen) (fixed),13.850443_100.556477_0yT7Yxt5_ESHwiUjGsxebg_30_2025-09.jpg,SAFE,None,3.87,2.55,1.31
ngamwongwan(pongpetch-bangkhen) (fixed),13.850449_100.555995_cNMOLEVkfT1Dyy8loXLJfQ_210_2024-11.jpg,SAFE,None,2.75,2.75,0.0
ngamwongwan(pongpetch-bangkhen) (fixed),13.850473_100.556371_Bl9iQgTjSxkpNc4-iaWXBg_30_2025-09.jpg,SAFE,None,3.75,2.48,1.27
ngamwongwan(pongpetch-bangkhen) (fixed),13.850494_100.555913_VMmrkUzVXrd9qJyJ0P9WqQ_210_2024-11.jpg,SAFE,None,2.36,0.91,1.45
ngamwongwan(pongpetch-bangkhen) (fixed),13.850519_100.556289_PxgwmxbvMlNGZrIKVumh-g_29_2025-09.jpg,SAFE,None,0.51,0.51,0.0
ngamwongwan(pongpetch-bangkhen) (fixed),13.850539_100.555831_0mpG32L73RK2by9GDkc-hw_210_2024-11.jpg,SAFE,None,0.0,0.0,0.0
ngamwongwan(pongpetch-bangkhen) (fixed),13.850564_100.556207_mxvLK8bmCRPhy8h4_yMTYg_29_2025-09.jpg,SAFE,None,1.0,1.0,0.0
ngamwongwan(pongpetch-bangkhen) (fixed),13.850584_100.555749_6KWGMC4q4nooGvLqbvvJ9g_210_2024-11.jpg,SAFE,None,0.14,0.14,0.0
ngamwongwan(pongpetch-bangkhen) (fixed),13.850609_100.556124_JTqVY3gzEPhjSE1JvREYtQ_29_2025-09.jpg,SAFE,None,0.0,0.0,0.0
ngamwongwan(pongpetch-bangkhen) (fixed),13.850631_100.555668_ScGbfSAC60QoWt9QBPsG5w_210_2024-11.jpg,SAFE,None,7.94,3.99,3.94
ngamwongwan(pongpetch-bangkhen) (fixed),13.850656_100.556039_yBXMfhStz_tnetxVLGFhVg_29_2025-09.jpg,SAFE,None,0.0,0.0,0.0
ngamwongwan(pongpetch-bangkhen) (fixed),13.850676_100.555586_QxU2NlLrtXkHymQna23fUg_210_2024-11.jpg,SAFE,None,6.23,0.42,5.81
ngamwongwan(pongpetch-bangkhen) (fixed),13.850721_100.555503_nmr5esQ_rj231DMkprl3IQ_209_2024-11.jpg,SAFE,None,1.54,1.54,0.0
ngamwongwan(pongpetch-bangkhen) (fixed),13.850726_100.555912_LL_U4hJa_AGfVPnqj1uL0w_29_2025-09.jpg,SAFE,None,0.0,0.0,0.0
ngamwongwan(pongpetch-bangkhen) (fixed),13.850767_100.555421_CVi2V-I2dORcO5boxNKA2w_210_2024-11.jpg,SAFE,None,1.41,1.41,0.0
ngamwongwan(pongpetch-bangkhen) (fixed),13.850772_100.555830_8hJeIMV_C9eI-z-o8I4Tcw_31_2025-09.jpg,SAFE,None,0.0,0.0,0.0
ngamwongwan(pongpetch-bangkhen) (fixed),13.850813_100.555339_LiObzNUERn1FQTouBO3EtA_210_2024-11.jpg,SAFE,None,1.42,1.42,0.0
ngamwongwan(pongpetch-bangkhen) (fixed),13.850819_100.555747_IN9GuWEN01jLofDExRQpAA_31_2025-09.jpg,SAFE,None,0.51,0.51,0.0
ngamwongwan(pongpetch-bangkhen) (fixed),13.850858_100.555257_Bm_DFqc41QD09rBO0dEpIg_210_2024-11.jpg,SAFE,None,4.47,1.38,3.09
ngamwongwan(pongpetch-bangkhen) (fixed),13.850868_100.555661_2ZameD6bcEhIDVeU7YZ-Hg_31_2025-09.jpg,SAFE,None,0.0,0.0,0.0
ngamwongwan(pongpetch-bangkhen) (fixed),13.850903_100.555176_u5Zq-QxXMSRQnh1xG-EzdA_210_2024-11.jpg,SAFE,None,0.0,0.0,0.0
ngamwongwan(pongpetch-bangkhen) (fixed),13.850914_100.555579_A8ku_UWPZwmt2fLiCZQitg_31_2025-09.jpg,SAFE,None,0.57,0.57,0.0
ngamwongwan(pongpetch-bangkhen) (fixed),13.850953_100.555104_U_gB1PB4P1InbhttkHQkxw_210_2025-09.jpg,SAFE,None,0.0,0.0,0.0
ngamwongwan(pongpetch-bangkhen) (fixed),13.850958_100.555500_I3TvaRCxmHvla8QKiU4aEA_31_2025-09.jpg,SAFE,None,0.0,0.0,0.0
ngamwongwan(pongpetch-bangkhen) (fixed),13.850999_100.555023_Qf5U-2-a7sZ0EU35PoNBpg_210_2025-09.jpg,SAFE,None,0.0,0.0,0.0
ngamwongwan(pongpetch-bangkhen) (fixed),13.851003_100.555420_m7OX4sAWrdkMs4xNO3iNEA_31_2025-09.jpg,SAFE,None,0.0,0.0,0.0
ngamwongwan(pongpetch-bangkhen) (fixed),13.851025_100.555379_1njGvNvy4vlLjZEqok6WcA_31_2025-09.jpg,SAFE,None,1.31,1.31,0.0
ngamwongwan(pongpetch-bangkhen) (fixed),13.851048_100.554938_x-rGGrvdaeurrfgd_92eYA_210_2025-09.jpg,SAFE,None,4.49,0.0,4.49
ngamwongwan(pongpetch-bangkhen) (fixed),13.851071_100.555297_a-5QCSHEVmFG7QpqpkM9VA_30_2025-09.jpg,SAFE,None,0.0,0.0,0.0
ngamwongwan(pongpetch-bangkhen) (fixed),13.851096_100.554853_5votgx3dYI1H-3osru6_iw_210_2025-09.jpg,SAFE,None,0.0,0.0,0.0
ngamwongwan(pongpetch-bangkhen) (fixed),13.851117_100.555214_unSU-Tn7T9Y_E8m-nFPsIw_30_2025-09.jpg,SAFE,None,0.0,0.0,0.0
ngamwongwan(pongpetch-bangkhen) (fixed),13.851119_100.554807_UgYXK5L3m69ccS8N0tJCuQ_210_2025-09.jpg,SAFE,None,6.2,1.62,4.58
ngamwongwan(pongpetch-bangkhen) (fixed),13.851187_100.554676_YcadUeIRBUG7MDfWCiRb3Q_208_2025-09.jpg,SAFE,None,9.75,2.69,7.06
ngamwongwan(pongpetch-bangkhen) (fixed),13.851211_100.555099_i0xJ9WWBso_ZL6uYFXW2ww_30_2025-09.jpg,SAFE,None,13.33,13.33,0.0
ngamwongwan(pongpetch-bangkhen) (fixed),13.851212_100.555042_fQbrBw11of4Juibu84juDA_30_2025-09.jpg,SAFE,None,12.24,12.24,0.0
ngamwongwan(pongpetch-bangkhen) (fixed),13.851235_100.554590_G6-G3Z0or5WLu-mWPF0ScQ_210_2025-09.jpg,SAFE,None,0.0,0.0,0.0
ngamwongwan(pongpetch-bangkhen) (fixed),13.851258_100.554548_smvfsTmUPOGs-94gl3CXFA_210_2025-09.jpg,SAFE,None,15.91,1.77,14.14
ngamwongwan(pongpetch-bangkhen) (fixed),13.851302_100.554937__KPR_KAkgFGqCN7dAwkHvw_30_2025-09.jpg,SAFE,None,0.62,0.62,0.0
ngamwongwan(pongpetch-bangkhen) (fixed),13.851303_100.554465_r7crHKY_1bj3ZNrkRiTv8A_210_2025-09.jpg,SAFE,None,15.26,1.79,13.48
ngamwongwan(pongpetch-bangkhen) (fixed),13.851346_100.554804_iKstXlimKUxHuOcTqlqCcg_30_2025-09.jpg,SAFE,None,1.16,1.16,0.0
ngamwongwan(pongpetch-bangkhen) (fixed),13.851348_100.554854_yjSx_X26v0Tx7MZXrb87Tg_30_2025-09.jpg,WARNING,OBSTACLE,23.46,23.46,0.0
ngamwongwan(pongpetch-bangkhen) (fixed),13.851349_100.554383_mqq0YP4u0ulucNIMlfbt4w_210_2025-09.jpg,SAFE,None,10.79,1.33,9.46
ngamwongwan(pongpetch-bangkhen) (fixed),13.851395_100.554300_h8C0MrGMM2KT49vu3f3zBg_210_2025-09.jpg,SAFE,None,7.95,0.42,7.53
ngamwongwan(pongpetch-bangkhen) (fixed),13.851410_100.554691_pKr6Emf2EhlScncp86NkPQ_30_2025-09.jpg,SAFE,None,1.58,1.58,0.0
ngamwongwan(pongpetch-bangkhen) (fixed),13.851441_100.554218_FrMEdD0jxEXMSqW-nQilqA_210_2025-09.jpg,CRITICAL,SURFACE DAMAGE,42.28,1.63,40.64
ngamwongwan(pongpetch-bangkhen) (fixed),13.851454_100.554614_y_hX7bdG-xupQNZZqnlMJA_30_2025-09.jpg,SAFE,None,1.29,1.29,0.0
ngamwongwan(pongpetch-bangkhen) (fixed),13.851486_100.554136_AFJRJ6YkTnOeW2y-rCoY8w_210_2025-09.jpg,SAFE,None,0.53,0.53,0.0
ngamwongwan(pongpetch-bangkhen) (fixed),13.851500_100.554534_ggryOWS75Q1KseqeJ4blZQ_30_2025-09.jpg,SAFE,None,0.64,0.64,0.0
ngamwongwan(pongpetch-bangkhen) (fixed),13.851546_100.554453_-oJSohTeSWsSBD28QmYf-g_30_2025-09.jpg,SAFE,None,4.04,4.04,0.0
ngamwongwan(pongpetch-bangkhen) (fixed),13.851554_100.554014__Zq_yfhWg2pbBgx00dOcNA_210_2025-09.jpg,SAFE,None,0.0,0.0,0.0
ngamwongwan(pongpetch-bangkhen) (fixed),13.851592_100.554374_IrqShqXWjuW2PlHYkQNwlg_30_2025-09.jpg,SAFE,None,6.79,6.79,0.0
ngamwongwan(pongpetch-bangkhen) (fixed),13.851599_100.553933_jkG4b6S8uF6m09470bc_5g_210_2025-09.jpg,SAFE,None,5.89,1.63,4.26
ngamwongwan(pongpetch-bangkhen) (fixed),13.851622_100.553892_bfUw_VoeUHNpS0dGxc98Qg_210_2025-09.jpg,SAFE,None,9.73,2.02,7.7
ngamwongwan(pongpetch-bangkhen) (fixed),13.851639_100.554295_wpR0yC-2DoEm592VN-OiOA_30_2025-09.jpg,SAFE,None,4.36,4.36,0.0
ngamwongwan(pongpetch-bangkhen) (fixed),13.851686_100.554216_O0dYkxGkpeBUzJnjWvQ6eQ_30_2025-09.jpg,SAFE,None,0.0,0.0,0.0
ngamwongwan(pongpetch-bangkhen) (fixed),13.851689_100.553772_GNMZj0AOkVTal7Zd0uVYpA_210_2025-09.jpg,SAFE,None,10.37,0.0,10.37
ngamwongwan(pongpetch-bangkhen) (fixed),13.851712_100.553731__NNpp8EO7BomvcEXy_3YnA_210_2025-09.jpg,SAFE,None,1.89,0.56,1.32
ngamwongwan(pongpetch-bangkhen) (fixed),13.851733_100.554137_ycWma5hyOEl8fJbJmmQMvA_30_2025-09.jpg,SAFE,None,6.3,2.89,3.41
ngamwongwan(pongpetch-bangkhen) (fixed),13.851780_100.553607_xP0mnWEKbkuNmytIGfdT_Q_210_2025-09.jpg,SAFE,None,3.8,3.8,0.0
ngamwongwan(pongpetch-bangkhen) (fixed),13.851803_100.553565_J_fcYUrfw-0t57eTfQByLw_210_2025-09.jpg,SAFE,None,1.54,1.54,0.0
ngamwongwan(pongpetch-bangkhen) (fixed),13.851804_100.554036_uGoK9zLNo2UCOCs5r6WTwA_30_2025-09.jpg,SAFE,None,19.64,1.19,18.45
ngamwongwan(pongpetch-bangkhen) (fixed),13.851849_100.553482_utfSpq-qgJtkT9csNNKEgQ_210_2025-09.jpg,SAFE,None,12.77,6.16,6.61
ngamwongwan(pongpetch-bangkhen) (fixed),13.851849_100.553954_jy8pDavbJR1o168_Kamkmg_30_2025-09.jpg,CRITICAL,SURFACE DAMAGE,50.61,3.22,47.39
ngamwongwan(pongpetch-bangkhen) (fixed),13.851895_100.553399_zzxOnTZPHA-3vgaX48k5pQ_210_2025-09.jpg,SAFE,None,6.58,0.0,6.58
ngamwongwan(pongpetch-bangkhen) (fixed),13.851918_100.553821_1Cv-bl2lRq_9-VC7Zx2_sA_30_2025-09.jpg,SAFE,None,5.91,1.4,4.51
ngamwongwan(pongpetch-bangkhen) (fixed),13.851941_100.553315__6gBGp1mdp6U4kX_-cdLAA_210_2025-09.jpg,SAFE,None,10.77,1.7,9.08
ngamwongwan(pongpetch-bangkhen) (fixed),13.851963_100.553740_35IeczekHdH8YzILQsjayQ_30_2025-09.jpg,SAFE,None,2.26,2.26,0.0
ngamwongwan(pongpetch-bangkhen) (fixed),13.852008_100.553192_aFkPhdlvH1tPpRJsVBYyFA_210_2025-09.jpg,WARNING,SURFACE DAMAGE,32.58,14.07,18.51
ngamwongwan(pongpetch-bangkhen) (fixed),13.852009_100.553659_bGKdcRKQBVmY6QH8eAP1-A_30_2025-09.jpg,WARNING,SURFACE DAMAGE,29.75,0.79,28.97
ngamwongwan(pongpetch-bangkhen) (fixed),13.852032_100.553618_vhnoEvgF5TV2CctN8KGNUw_30_2025-09.jpg,WARNING,SURFACE DAMAGE,20.38,0.0,20.38
ngamwongwan(pongpetch-bangkhen) (fixed),13.852054_100.553110_6GPUwpEO0ibcQ_h6LvSjpQ_210_2025-09.jpg,SAFE,None,17.88,1.13,16.75
ngamwongwan(pongpetch-bangkhen) (fixed),13.852099_100.553029_5rSxh-HpiPDz3cECrpZU8w_210_2025-09.jpg,SAFE,None,18.26,1.48,16.77
ngamwongwan(pongpetch-bangkhen) (fixed),13.852102_100.553494_6Z2rG3BzQkkMSOr2-Skasw_30_2025-09.jpg,CRITICAL,SURFACE DAMAGE,41.75,2.27,39.48
ngamwongwan(pongpetch-bangkhen) (fixed),13.852145_100.552947_4jWAxvDIumw19qzC5LxJgg_210_2025-09.jpg,SAFE,None,6.8,1.26,5.55
ngamwongwan(pongpetch-bangkhen) (fixed),13.852150_100.553410_2fzd1S2I5tptg2milxG3Ag_30_2025-09.jpg,WARNING,SURFACE DAMAGE,34.22,5.88,28.35
ngamwongwan(pongpetch-bangkhen) (fixed),13.852192_100.552864_qHsJvAYFHufRsnEFG6lizA_210_2025-09.jpg,SAFE,None,9.89,2.4,7.49
ngamwongwan(pongpetch-bangkhen) (fixed),13.852196_100.553326_cVqaMUQzGOs8uPhPuqP20w_30_2025-09.jpg,SAFE,None,18.25,0.0,18.25
ngamwongwan(pongpetch-bangkhen) (fixed),13.852236_100.553257_q8QsyQklz4QRUhSnVto7cg_30_2025-09.jpg,WARNING,SURFACE DAMAGE,29.05,3.26,25.79
ngamwongwan(pongpetch-bangkhen) (fixed),13.852237_100.552784_5YVZgmv_0Xmj1ZmnYWXa3A_210_2025-09.jpg,WARNING,SURFACE DAMAGE,26.57,1.7,24.87
ngamwongwan(pongpetch-bangkhen) (fixed),13.852281_100.552705_Y_5hgQMBh-8SzSHbLw6VWQ_210_2025-09.jpg,SAFE,None,8.93,0.0,8.93
ngamwongwan(pongpetch-bangkhen) (fixed),13.852282_100.553175_GPtyVZux-dbHadhQCY8iYg_30_2025-09.jpg,WARNING,SURFACE DAMAGE,27.91,0.81,27.1
ngamwongwan(pongpetch-bangkhen) (fixed),13.852303_100.552665_eCUncbVeHqVlW5zAw3CVFg_210_2025-09.jpg,SAFE,None,10.41,1.14,9.27
ngamwongwan(pongpetch-bangkhen) (fixed),13.852350_100.553050_qzrH3SjShP8eGwcdAzbXNg_30_2025-09.jpg,SAFE,None,18.77,0.28,18.5
ngamwongwan(pongpetch-bangkhen) (fixed),13.852371_100.552546_34OP-Ge7l3K82FtbtZ2tOg_211_2025-09.jpg,SAFE,None,0.0,0.0,0.0
ngamwongwan(pongpetch-bangkhen) (fixed),13.852396_100.552966_wBqU-CIM1Btfg21bNSBuRQ_30_2025-09.jpg,WARNING,SURFACE DAMAGE,21.78,4.81,16.97
ngamwongwan(pongpetch-bangkhen) (fixed),13.852415_100.552468_tT_wndvBfNsTXXADkYuPYQ_211_2025-09.jpg,SAFE,None,0.0,0.0,0.0
ngamwongwan(pongpetch-bangkhen) (fixed),13.852419_100.552924_SkvVc7srCBwB_fl835h-xQ_30_2025-09.jpg,CRITICAL,SURFACE DAMAGE,41.12,6.69,34.43
ngamwongwan(pongpetch-bangkhen) (fixed),13.852457_100.552393_x2DZpTQxCGyKE7kMsT7m2Q_211_2025-09.jpg,SAFE,None,0.0,0.0,0.0
ngamwongwan(pongpetch-bangkhen) (fixed),13.852469_100.552825_T5KCn9DMlMjqhJdNus0Glw_30_2025-09.jpg,SAFE,None,0.0,0.0,0.0
ngamwongwan(pongpetch-bangkhen) (fixed),13.852500_100.552316_0lfDLCAlX76NmPuYaG_4iQ_211_2025-09.jpg,SAFE,None,0.0,0.0,0.0
ngamwongwan(pongpetch-bangkhen) (fixed),13.852516_100.552742_pasiH-MpBPN66JAF8cQnEA_30_2025-09.jpg,SAFE,None,0.0,0.0,0.0
ngamwongwan(pongpetch-bangkhen) (fixed),13.852544_100.552238_ESx_cYSke7rzvsZPlyv2zw_210_2025-09.jpg,SAFE,None,0.0,0.0,0.0
ngamwongwan(pongpetch-bangkhen) (fixed),13.852557_100.552676_omiPiSLlHk4zIwDSaDawIA_30_2025-09.jpg,SAFE,None,0.0,0.0,0.0
ngamwongwan(pongpetch-bangkhen) (fixed),13.852610_100.552120_Y1dxOEDkucbKEj7SJjtsGw_210_2025-09.jpg,SAFE,None,18.93,12.48,6.44
ngamwongwan(pongpetch-bangkhen) (fixed),13.852610_100.552575_fG6A29a9-ZybpdUbfcYQwA_30_2025-09.jpg,SAFE,None,0.0,0.0,0.0
ngamwongwan(pongpetch-bangkhen) (fixed),13.852640_100.552051_SENYZTxq6YnbS2g20LJiaA_210_2025-09.jpg,CRITICAL,SURFACE DAMAGE,35.34,0.0,35.34
ngamwongwan(pongpetch-bangkhen) (fixed),13.852651_100.552509_CtEZNfgk9ltkhxlNjDYdnw_30_2025-09.jpg,SAFE,None,0.0,0.0,0.0
ngamwongwan(pongpetch-bangkhen) (fixed),13.852705_100.552406_XS0BHi4s_IeAY235riSYdg_30_2025-09.jpg,SAFE,None,9.9,0.0,9.9
ngamwongwan(pongpetch-bangkhen) (fixed),13.852709_100.551929_KtyoZX1O1BJvAjLjfQcFZw_210_2025-09.jpg,SAFE,None,12.19,4.21,7.99
ngamwongwan(pongpetch-bangkhen) (fixed),13.852741_100.552345_ooDBkPXDBn6ZdnXB2eKw4g_30_2025-09.jpg,SAFE,None,1.98,0.0,1.98
ngamwongwan(pongpetch-bangkhen) (fixed),13.852755_100.551848_ARQPIxiikw6fhh_cidKFGQ_210_2025-09.jpg,SAFE,None,1.65,0.98,0.66
ngamwongwan(pongpetch-bangkhen) (fixed),13.852787_100.552262_d0hHUaQ10XmHonBHxGJ7fQ_30_2025-09.jpg,SAFE,None,18.33,0.0,18.33
ngamwongwan(pongpetch-bangkhen) (fixed),13.852800_100.551768_yq_AvdkY2jYqPNfDvO9xTA_210_2025-09.jpg,SAFE,None,17.46,0.0,17.46
ngamwongwan(pongpetch-bangkhen) (fixed),13.852843_100.552161_2oM4vyM-62nCdDkztFf0tA_30_2025-09.jpg,WARNING,SURFACE DAMAGE,30.26,1.41,28.85
ngamwongwan(pongpetch-bangkhen) (fixed),13.852844_100.551689_wJV3G_JlTU38rBELXx6Ubw_210_2025-09.jpg,SAFE,None,0.0,0.0,0.0
ngamwongwan(pongpetch-bangkhen) (fixed),13.852878_100.552096_UD7YbScZFwKObHKFtoL6ZA_30_2025-09.jpg,SAFE,None,0.51,0.51,0.0
ngamwongwan(pongpetch-bangkhen) (fixed),13.852888_100.551610_t-QONph40B5wbfH4otbBow_210_2025-09.jpg,SAFE,None,7.6,0.62,6.98
ngamwongwan(pongpetch-bangkhen) (fixed),13.852902_100.552054_cz-q_0-BFoG0A3akZYeL6w_30_2025-09.jpg,SAFE,None,0.0,0.0,0.0
ngamwongwan(pongpetch-bangkhen) (fixed),13.852933_100.551529_1MCy0MugX__r8qIQGLz2AA_210_2025-09.jpg,SAFE,None,19.11,19.11,0.0
ngamwongwan(pongpetch-bangkhen) (fixed),13.852949_100.551970_ZcnM_9A3eA8vICkuKASGmw_30_2025-09.jpg,SAFE,None,0.0,0.0,0.0
ngamwongwan(pongpetch-bangkhen) (fixed),13.852977_100.551446_VEMsYEdBbMmI3Mqb0kIstg_210_2025-09.jpg,WARNING,SURFACE DAMAGE,26.19,13.09,13.09
ngamwongwan(pongpetch-bangkhen) (fixed),13.853031_100.551827_iOK3QYAlYRZUTRoSbV8N-A_30_2025-09.jpg,SAFE,None,3.02,3.02,0.0
ngamwongwan(pongpetch-bangkhen) (fixed),13.853043_100.551322_6QoYyBxNaRvpYsgt9_mimA_210_2025-09.jpg,SAFE,None,8.72,0.99,7.73
ngamwongwan(pongpetch-bangkhen) (fixed),13.853068_100.551766_xj7SBfcdOaxkiADc_e4rjA_30_2025-09.jpg,WARNING,OBSTACLE,33.62,18.21,15.41
ngamwongwan(pongpetch-bangkhen) (fixed),13.853101_100.551707_xgIhr3Rl7Y0mdlGfauX13Q_30_2025-09.jpg,SAFE,None,0.38,0.38,0.0
ngamwongwan(pongpetch-bangkhen) (fixed),13.853109_100.551200_butRUV33nIpyQnheGUUxhw_210_2025-09.jpg,SAFE,None,2.76,1.5,1.26
ngamwongwan(pongpetch-bangkhen) (fixed),13.853154_100.551119_gw-ix0qok_Z1P5xilnm2AA_210_2025-09.jpg,SAFE,None,0.36,0.36,0.0
ngamwongwan(pongpetch-bangkhen) (fixed),13.853190_100.551551_9kRZn23iPko-wE_I-CPoKw_30_2025-09.jpg,WARNING,OBSTACLE,28.31,28.31,0.0
ngamwongwan(pongpetch-bangkhen) (fixed),13.853197_100.551039_KFeiQMrrcm4kdtgM1iQkqw_210_2025-09.jpg,SAFE,None,16.64,4.47,12.17
ngamwongwan(pongpetch-bangkhen) (fixed),13.853218_100.551508_bNyJeTeSCN6LBWAQQxvgPQ_30_2025-09.jpg,WARNING,OBSTACLE,21.85,21.85,0.0
ngamwongwan(pongpetch-bangkhen) (fixed),13.853239_100.550964_DyfbvSVSbPZVuGBW1PKSCQ_210_2025-09.jpg,SAFE,None,0.0,0.0,0.0
ngamwongwan(pongpetch-bangkhen) (fixed),13.853248_100.551337_VmC7Yl2WjZvlgPB4_O_pRw_30_2025-04.jpg,SAFE,None,0.0,0.0,0.0
ngamwongwan(pongpetch-bangkhen) (fixed),13.853283_100.550887_VD_oCxmf243JJxN0Z7phew_210_2025-09.jpg,SAFE,None,1.07,1.07,0.0
ngamwongwan(pongpetch-bangkhen) (fixed),13.853295_100.551256_oGiDKLFvgoAb7VwbRgdPrQ_30_2025-04.jpg,SAFE,None,0.0,0.0,0.0
ngamwongwan(pongpetch-bangkhen) (fixed),13.853328_100.550812_KMsaDROK-J2kdf-auQYdpg_210_2025-09.jpg,SAFE,None,12.14,4.43,7.71
ngamwongwan(pongpetch-bangkhen) (fixed),13.853342_100.551174_HqFpkvm-uehN6V_Bt4FsFw_30_2025-04.jpg,SAFE,None,0.0,0.0,0.0
ngamwongwan(pongpetch-bangkhen) (fixed),13.853387_100.551093_wLBFJXVGacmgwaLFuBEF3Q_30_2025-04.jpg,SAFE,None,0.0,0.0,0.0
ngamwongwan(pongpetch-bangkhen) (fixed),13.853394_100.550683_QW815HldUzlnyCZp4PN0aA_210_2025-09.jpg,SAFE,None,2.76,0.0,2.76
ngamwongwan(pongpetch-bangkhen) (fixed),13.853456_100.550972_QDW804ubIbVvxxonJT9qVg_30_2025-04.jpg,SAFE,None,0.0,0.0,0.0
ngamwongwan(pongpetch-bangkhen) (fixed),13.853459_100.550598_ccZJ0Oh6QohneDuPy6T-_Q_210_2025-09.jpg,SAFE,None,0.0,0.0,0.0
ngamwongwan(pongpetch-bangkhen) (fixed),13.853501_100.550890_YHRxXigwtMu0tqi7urhzsA_30_2025-04.jpg,SAFE,None,0.0,0.0,0.0
ngamwongwan(pongpetch-bangkhen) (fixed),13.853508_100.550509_9M_5vp6bQFUysp9vWnasQA_210_2025-09.jpg,SAFE,None,2.04,1.09,0.95
ngamwongwan(pongpetch-bangkhen) (fixed),13.853546_100.550809_YWiV6Y5_v5QT76NY0OUYOA_30_2025-04.jpg,SAFE,None,0.0,0.0,0.0
ngamwongwan(pongpetch-bangkhen) (fixed),13.853554_100.550424_3knFdB4535gnU4eKXBRXMw_210_2025-09.jpg,SAFE,None,7.6,7.6,0.0
ngamwongwan(pongpetch-bangkhen) (fixed),13.853592_100.550728_i76RiQJ9nLMsLd3Zt9J1pA_30_2025-04.jpg,SAFE,None,0.0,0.0,0.0
ngamwongwan(pongpetch-bangkhen) (fixed),13.853599_100.550343__9jKSNxUo5b_5HqYjjemEQ_210_2025-09.jpg,SAFE,None,4.27,4.27,0.0
ngamwongwan(pongpetch-bangkhen) (fixed),13.853638_100.550647_YLA73tpKn-D3Gzk8kvts6A_30_2025-04.jpg,SAFE,None,0.0,0.0,0.0
ngamwongwan(pongpetch-bangkhen) (fixed),13.853645_100.550262_STQ3pZ1HlSbPflh7sdU6kg_210_2025-09.jpg,SAFE,None,9.33,3.62,5.71
ngamwongwan(pongpetch-bangkhen) (fixed),13.853685_100.550565_4YPuo63okv6rxjclPHNE5Q_30_2025-04.jpg,SAFE,None,0.0,0.0,0.0
ngamwongwan(pongpetch-bangkhen) (fixed),13.853690_100.550181_xfdHWDNifsH8Nd66K0mjUw_210_2025-09.jpg,SAFE,None,9.6,0.0,9.6
ngamwongwan(pongpetch-bangkhen) (fixed),13.853731_100.550483_HGZNmIOWPTb1cVI_SpqFFA_30_2025-04.jpg,SAFE,None,0.0,0.0,0.0
ngamwongwan(pongpetch-bangkhen) (fixed),13.853777_100.550025_Id32CDLbvLSYo9xsOYdngg_210_2025-09.jpg,WARNING,SURFACE DAMAGE,31.68,6.8,24.89
ngamwongwan(pongpetch-bangkhen) (fixed),13.853777_100.550400_r8Pn62cfy3JZAdJBqHFPlA_30_2025-04.jpg,SAFE,None,0.0,0.0,0.0
ngamwongwan(pongpetch-bangkhen) (fixed),13.853819_100.549950_Lb0O4zJJtY3Hr7RfdvKQGw_210_2025-09.jpg,SAFE,None,12.27,6.61,5.66
ngamwongwan(pongpetch-bangkhen) (fixed),13.853823_100.550318_7j_URVNevzufj5dw_u5KYA_30_2025-04.jpg,SAFE,None,0.0,0.0,0.0
ngamwongwan(pongpetch-bangkhen) (fixed),13.853839_100.549873_Tk5gFjeNFIUXjM5v9ryFTg_210_2025-09.jpg,SAFE,None,0.0,0.0,0.0
ngamwongwan(pongpetch-bangkhen) (fixed),13.853870_100.550235_j0BHdEjc4WF4RwpFCss_mg_30_2025-04.jpg,SAFE,None,0.0,0.0,0.0
ngamwongwan(pongpetch-bangkhen) (fixed),13.853911_100.549781_Y-VuJJBr_JfjFqcOpG_9Fg_209_2025-09.jpg,WARNING,OBSTACLE,27.63,17.3,10.33
ngamwongwan(pongpetch-bangkhen) (fixed),13.853916_100.550152_Tu-IMI24oaNHAUEtnkbULA_30_2025-04.jpg,SAFE,None,0.0,0.0,0.0
ngamwongwan(pongpetch-bangkhen) (fixed),13.853963_100.550069_GymduRhsobPrndRWm7R2fw_30_2025-04.jpg,SAFE,None,0.0,0.0,0.0
ngamwongwan(pongpetch-bangkhen) (fixed),13.854008_100.549610_cP7pRXrf6_jknoOrGnbFnw_209_2025-09.jpg,SAFE,None,0.54,0.54,0.0
ngamwongwan(pongpetch-bangkhen) (fixed),13.854010_100.549987_fHS-SyDXx2DnpvRC8EPU6Q_30_2025-04.jpg,SAFE,None,0.0,0.0,0.0
ngamwongwan(pongpetch-bangkhen) (fixed),13.854055_100.549527_QgDd7hgP6msfBFFaTxeXlg_209_2025-09.jpg,SAFE,None,4.01,4.01,0.0
ngamwongwan(pongpetch-bangkhen) (fixed),13.854057_100.549905_tYVoYFlXHgWfGY4o6Ql-QA_30_2025-04.jpg,SAFE,None,0.0,0.0,0.0
ngamwongwan(pongpetch-bangkhen) (fixed),13.854101_100.549443_mShrHzLLluMxely0qUABrA_209_2025-09.jpg,SAFE,None,6.04,1.37,4.67
ngamwongwan(pongpetch-bangkhen) (fixed),13.854104_100.549823__DZXs_rbZO1vFIinHMwoMw_30_2025-04.jpg,SAFE,None,0.0,0.0,0.0
ngamwongwan(pongpetch-bangkhen) (fixed),13.854146_100.549361_qxXWrUizhGVWLY2Uz0miOA_209_2025-09.jpg,SAFE,None,0.14,0.14,0.0
ngamwongwan(pongpetch-bangkhen) (fixed),13.854150_100.549742_arY34CQnuBMMqyKiKFYxKg_30_2025-04.jpg,SAFE,None,0.0,0.0,0.0
ngamwongwan(pongpetch-bangkhen) (fixed),13.854190_100.549279_2Tml1Qn88qX9KBUQOBF1Aw_209_2025-09.jpg,SAFE,None,2.13,2.13,0.0
ngamwongwan(pongpetch-bangkhen) (fixed),13.854234_100.549198_SdeK0SQx0DMkskU8jpYLNw_209_2025-09.jpg,SAFE,None,4.79,1.49,3.3
ngamwongwan(pongpetch-bangkhen) (fixed),13.854278_100.549119_A70RPw4QkU4iEJyfBAOSaQ_209_2025-09.jpg,SAFE,None,1.43,1.43,0.0
ngamwongwan(pongpetch-bangkhen) (fixed),13.854294_100.549618_b8IjvNGknL0kv82DKIordQ_30_2025-09.jpg,SAFE,None,8.16,1.08,7.07
ngamwongwan(pongpetch-bangkhen) (fixed),13.854330_100.549008_pPdXVelM2KIg8091DDTOnA_209_2025-09.jpg,SAFE,None,0.0,0.0,0.0
ngamwongwan(pongpetch-bangkhen) (fixed),13.854372_100.549467_wrbzO8l0qRTjvAFBMS-axA_30_2025-09.jpg,SAFE,None,6.44,6.44,0.0
ngamwongwan(pongpetch-bangkhen) (fixed),13.854375_100.548952_hTD1w2JEjU8zBakOzcTPTg_210_2025-09.jpg,SAFE,None,1.16,1.16,0.0
ngamwongwan(pongpetch-bangkhen) (fixed),13.854405_100.548869_dzd4nhakD0pFj9V0bx4_Qw_210_2025-09.jpg,SAFE,None,5.18,5.18,0.0
ngamwongwan(pongpetch-bangkhen) (fixed),13.854405_100.549396_b6VnZtPlS_JAU3X2X3O0iQ_30_2025-09.jpg,WARNING,OBSTACLE,25.62,25.62,0.0
ngamwongwan(pongpetch-bangkhen) (fixed),13.854470_100.549281_xJXBTsfXrxO24bgcbhFFzg_30_2025-09.jpg,SAFE,None,0.0,0.0,0.0
ngamwongwan(pongpetch-bangkhen) (fixed),13.854475_100.548740_c5-h1MjoYJK9CZdGFeCPnQ_209_2025-09.jpg,SAFE,None,1.96,1.96,0.0
ngamwongwan(pongpetch-bangkhen) (fixed),13.854513_100.549200_5D5_SM4FQINaLJcBt68M5w_30_2025-09.jpg,SAFE,None,0.0,0.0,0.0
ngamwongwan(pongpetch-bangkhen) (fixed),13.854520_100.548656_Ruh9SRutqCmVIFS7nZrlXA_209_2025-09.jpg,SAFE,None,0.0,0.0,0.0
ngamwongwan(pongpetch-bangkhen) (fixed),13.854557_100.549118_gff4msAnnS1ieLJJhL6j-A_30_2025-09.jpg,SAFE,None,0.0,0.0,0.0
ngamwongwan(pongpetch-bangkhen) (fixed),13.854565_100.548574_vBS9fX3SIe9rqetE41nOdw_209_2025-09.jpg,SAFE,None,0.58,0.58,0.0
ngamwongwan(pongpetch-bangkhen) (fixed),13.854601_100.549036_gfSGUuksyKKI7053iLYwJw_31_2025-09.jpg,SAFE,None,0.0,0.0,0.0
ngamwongwan(pongpetch-bangkhen) (fixed),13.854609_100.548492_J0X4nRJlV6tdP1aGHFRGww_209_2025-09.jpg,SAFE,None,0.0,0.0,0.0
ngamwongwan(pongpetch-bangkhen) (fixed),13.854646_100.548956_stHItdUgT4J9gyTwokmCHA_31_2025-09.jpg,SAFE,None,0.0,0.0,0.0
ngamwongwan(pongpetch-bangkhen) (fixed),13.854654_100.548408_4kn3Xbkob3yehvafrQM89A_209_2025-09.jpg,SAFE,None,3.58,3.58,0.0
ngamwongwan(pongpetch-bangkhen) (fixed),13.854690_100.548875_BgP476ioMkx4AsRo2LKGpQ_42_2025-09.jpg,SAFE,None,0.0,0.0,0.0
ngamwongwan(pongpetch-bangkhen) (fixed),13.854699_100.548326_gvwGGvqCVzcz3-1q_VflSQ_210_2025-09.jpg,SAFE,None,0.0,0.0,0.0
ngamwongwan(pongpetch-bangkhen) (fixed),13.854735_100.548794_F1airsvUOZgwrHjMAnjqkg_31_2025-09.jpg,SAFE,None,0.0,0.0,0.0
ngamwongwan(pongpetch-bangkhen) (fixed),13.854745_100.548244_fI4D8RTNstQdUg7wI6YVBA_210_2025-09.jpg,SAFE,None,2.45,2.45,0.0
ngamwongwan(pongpetch-bangkhen) (fixed),13.854783_100.548714_EkGKrLH4GDJYS_LCc8H4_g_31_2025-09.jpg,SAFE,None,0.0,0.0,0.0
ngamwongwan(pongpetch-bangkhen) (fixed),13.854791_100.548164_DXHHbnZarZ-qqiQfxxW0SA_210_2025-09.jpg,WARNING,SURFACE DAMAGE,23.6,0.0,23.6
ngamwongwan(pongpetch-bangkhen) (fixed),13.854835_100.548084_U7EnLEyg13OA9bU-CDSl4g_210_2025-09.jpg,SAFE,None,0.0,0.0,0.0
ngamwongwan(pongpetch-bangkhen) (fixed),13.854852_100.548594_N4uxAMTQz7SRX6uYGLwyOA_30_2025-09.jpg,SAFE,None,0.0,0.0,0.0
ngamwongwan(pongpetch-bangkhen) (fixed),13.854929_100.548508_MRinAxH4438mB59aqzK9Hg_31_2025-09.jpg,SAFE,None,2.02,2.02,0.0
ngamwongwan(pongpetch-bangkhen) (fixed),13.854968_100.547849_Czuvbw3ZRpOMVAAEPBiNsg_210_2025-09.jpg,SAFE,None,1.56,1.56,0.0
ngamwongwan(pongpetch-bangkhen) (fixed),13.854974_100.548430_xWc1gutd6Sc-4N5Ajb2QDw_30_2025-09.jpg,SAFE,None,0.0,0.0,0.0
ngamwongwan(pongpetch-bangkhen) (fixed),13.855016_100.547764_MKVg8SGcs7wyceMElsiQtw_210_2025-09.jpg,SAFE,None,0.0,0.0,0.0
ngamwongwan(pongpetch-bangkhen) (fixed),13.855019_100.548350_Nxo9uLWzxIhViEj3KiDtTw_29_2025-09.jpg,SAFE,None,0.0,0.0,0.0
ngamwongwan(pongpetch-bangkhen) (fixed),13.855062_100.548268_llCMayvtIodCl8A2XQLr9g_27_2025-09.jpg,SAFE,None,0.0,0.0,0.0
ngamwongwan(pongpetch-bangkhen) (fixed),13.855063_100.547682_lpHNS6Pn0vhlwbkgB3Wvxg_211_2025-09.jpg,SAFE,None,0.0,0.0,0.0
ngamwongwan(pongpetch-bangkhen) (fixed),13.855102_100.548183_s3IQolhbd6zX2IxKBg2drw_25_2025-09.jpg,SAFE,None,0.0,0.0,0.0
ngamwongwan(pongpetch-bangkhen) (fixed),13.855112_100.547601_a3B2AhmrD2CYZrw1VsxTgA_213_2025-09.jpg,SAFE,None,0.0,0.0,0.0
ngamwongwan(pongpetch-bangkhen) (fixed),13.855144_100.548098_3czdL_DxtmEIu9c9WFtNkQ_30_2025-09.jpg,SAFE,None,0.0,0.0,0.0
ngamwongwan(pongpetch-bangkhen) (fixed),13.855159_100.547518_7kqklJl2iXphBxOIXSP1Ug_209_2025-09.jpg,SAFE,None,0.0,0.0,0.0
ngamwongwan(pongpetch-bangkhen) (fixed),13.855190_100.548015_3Xl7kSFKRZ6uGBsL24-t0g_35_2025-09.jpg,SAFE,None,0.0,0.0,0.0
ngamwongwan(pongpetch-bangkhen) (fixed),13.855203_100.547436_tVxR86ImoCbgj3_iGWq4PA_209_2025-09.jpg,SAFE,None,1.11,1.11,0.0
ngamwongwan(pongpetch-bangkhen) (fixed),13.855239_100.547933_zHevNxYqgVv57Aw3IQo9mA_35_2025-09.jpg,SAFE,None,0.0,0.0,0.0
ngamwongwan(pongpetch-bangkhen) (fixed),13.855248_100.547355_b1N8ESXf_SPjMxf0CpxPyA_210_2025-09.jpg,SAFE,None,4.57,4.57,0.0
ngamwongwan(pongpetch-bangkhen) (fixed),13.855291_100.547853_sz0tJzEWAjF-YnTfpEJ3_A_35_2025-09.jpg,SAFE,None,0.0,0.0,0.0
ngamwongwan(pongpetch-bangkhen) (fixed),13.855293_100.547274_jV-L04n5EAf3UOCbNdcgMw_210_2025-09.jpg,SAFE,None,0.0,0.0,0.0
ngamwongwan(pongpetch-bangkhen) (fixed),13.855339_100.547191_vpywnfrd_Dx1phxw9AU_Rg_210_2025-09.jpg,SAFE,None,4.99,4.99,0.0
ngamwongwan(pongpetch-bangkhen) (fixed),13.855384_100.547110_EtkN-aLelrp0r8KbciUxdA_210_2025-09.jpg,SAFE,None,3.37,3.37,0.0
ngamwongwan(pongpetch-bangkhen) (fixed),13.855399_100.547690_QTwbs-QzCUUobnI7OCrSOw_31_2025-09.jpg,SAFE,None,0.78,0.78,0.0
ngamwongwan(pongpetch-bangkhen) (fixed),13.855429_100.547031_fCC7tzD5Xz7-6QJQpzCvew_210_2025-09.jpg,SAFE,None,0.0,0.0,0.0
ngamwongwan(pongpetch-bangkhen) (fixed),13.855444_100.547610_3S2hsbYgvoMnO0DZ8AzAAQ_30_2025-09.jpg,SAFE,None,0.0,0.0,0.0
ngamwongwan(pongpetch-bangkhen) (fixed),13.855475_100.546951_u4ogRY_RZE27YgVTIGK3fQ_210_2025-09.jpg,SAFE,None,1.17,1.17,0.0
ngamwongwan(pongpetch-bangkhen) (fixed),13.855490_100.547528_97kGP73jZec3mH2Jh1C-Xw_30_2025-09.jpg,SAFE,None,0.0,0.0,0.0
ngamwongwan(pongpetch-bangkhen) (fixed),13.855519_100.546872_JGZJw22cAmC5yejq5PoBaA_210_2025-09.jpg,SAFE,None,2.78,2.78,0.0
ngamwongwan(pongpetch-bangkhen) (fixed),13.855525_100.547422_xsGMRSR0eF5mG_z86I7gAA_30_2025-09.jpg,SAFE,None,1.69,1.69,0.0
ngamwongwan(pongpetch-bangkhen) (fixed),13.855548_100.547382_h3FT5MDLUOOumTxy7dp_yQ_30_2025-09.jpg,SAFE,None,2.57,2.57,0.0
ngamwongwan(pongpetch-bangkhen) (fixed),13.855565_100.546789_KTyPDBXwAnFFxLfGCebERw_210_2025-09.jpg,SAFE,None,0.0,0.0,0.0
ngamwongwan(pongpetch-bangkhen) (fixed),13.855589_100.546746_IcJYUzMM2V_mm406IaEG8A_210_2025-09.jpg,SAFE,None,1.98,1.98,0.0
ngamwongwan(pongpetch-bangkhen) (fixed),13.855593_100.547300_IOfucsNd20YAuFYUF_RAHg_29_2025-09.jpg,SAFE,None,0.48,0.48,0.0
ngamwongwan(pongpetch-bangkhen) (fixed),13.855636_100.546662_J0J1Q0rz8t2tvPMYxV2IYQ_208_2025-09.jpg,SAFE,None,0.0,0.0,0.0
ngamwongwan(pongpetch-bangkhen) (fixed),13.855638_100.547218_nyCH-vlQ6mIf-i3kAwNkhA_29_2025-09.jpg,SAFE,None,4.65,4.65,0.0
ngamwongwan(pongpetch-bangkhen) (fixed),13.855677_100.546576_NOlsz6GL7r2KLdIArNXpmw_206_2025-09.jpg,SAFE,None,0.0,0.0,0.0
ngamwongwan(pongpetch-bangkhen) (fixed),13.855683_100.547137_Z76f5sDF61fB1J-YcYLkYQ_29_2025-09.jpg,SAFE,None,0.0,0.0,0.0
ngamwongwan(pongpetch-bangkhen) (fixed),13.855716_100.546491_8s5LXUgKNQybRaEANS4rrQ_205_2025-09.jpg,SAFE,None,1.58,1.58,0.0
ngamwongwan(pongpetch-bangkhen) (fixed),13.855727_100.547055_ZkOZy7HGhAwuZEO7LfrLJQ_29_2025-09.jpg,SAFE,None,1.69,1.69,0.0
ngamwongwan(pongpetch-bangkhen) (fixed),13.855753_100.546406_KyVco4D32pwVKKzOrKM2tg_204_2025-09.jpg,SAFE,None,8.2,8.2,0.0
ngamwongwan(pongpetch-bangkhen) (fixed),13.855771_100.546973_gBPCu5QOh66Yfu3F-qJOgQ_29_2025-09.jpg,SAFE,None,4.29,4.29,0.0
ngamwongwan(pongpetch-bangkhen) (fixed),13.855789_100.546320_sHavefnXitkH0RnzDWVX6w_203_2025-09.jpg,SAFE,None,0.0,0.0,0.0
ngamwongwan(pongpetch-bangkhen) (fixed),13.855814_100.546890_8MTgwoF25cwsGJuSzvnHPQ_28_2025-09.jpg,SAFE,None,0.0,0.0,0.0
ngamwongwan(pongpetch-bangkhen) (fixed),13.855823_100.546235_tDRzu-bYVEbHBOizrUA7gQ_201_2025-09.jpg,SAFE,None,1.22,1.22,0.0
ngamwongwan(pongpetch-bangkhen) (fixed),13.855839_100.546192_cZpTMnxgIK4elulpsJx8iQ_200_2025-09.jpg,SAFE,None,1.76,1.76,0.0
ngamwongwan(pongpetch-bangkhen) (fixed),13.855876_100.546820_omKzYXwv5FYGulN5ju_sxw_28_2025-09.jpg,SAFE,None,1.72,1.72,0.0
ngamwongwan(pongpetch-bangkhen) (fixed),13.855878_100.546072_4Gh3vIHDrrK2MeGUJu7j5Q_198_2025-09.jpg,SAFE,None,8.74,8.74,0.0
ngamwongwan(pongpetch-bangkhen) (fixed),13.855879_100.546765_fG2unayFnH17ID0Wcvsmrw_28_2025-09.jpg,SAFE,None,7.19,2.56,4.63
ngamwongwan(pongpetch-bangkhen) (fixed),13.855922_100.545884_owFDfcpND7hvTQIDbu6EPw_195_2025-09.jpg,SAFE,None,10.51,10.51,0.0
ngamwongwan(pongpetch-bangkhen) (fixed),13.855922_100.546680_n-9rocnHxP6L4gJny6Sh6w_27_2025-09.jpg,SAFE,None,0.0,0.0,0.0
ngamwongwan(pongpetch-bangkhen) (fixed),13.855929_100.545978_S4JEmFMTwe5Xjw2ALsfEkA_194_2025-09.jpg,SAFE,None,0.0,0.0,0.0
ngamwongwan(pongpetch-bangkhen) (fixed),13.855943_100.545791_QTjpNo0L6OlZoZYl42CH4g_193_2025-09.jpg,SAFE,None,5.46,5.46,0.0
ngamwongwan(pongpetch-bangkhen) (fixed),13.855963_100.545695_MaXf-vke4zJuzwRs6zpUoA_191_2025-09.jpg,SAFE,None,0.0,0.0,0.0
ngamwongwan(pongpetch-bangkhen) (fixed),13.855963_100.546595_qlqvflpXCuXVdtLEDkf1Yg_25_2025-09.jpg,SAFE,None,0.54,0.54,0.0
ngamwongwan(pongpetch-bangkhen) (fixed),13.855980_100.545602_UEEuwPOkGBtm5cOw83otdw_190_2025-09.jpg,SAFE,None,0.64,0.64,0.0
ngamwongwan(pongpetch-bangkhen) (fixed),13.855994_100.545508_S60gz7kdtOFqIZINn95jmg_188_2025-09.jpg,SAFE,None,0.0,0.0,0.0
ngamwongwan(pongpetch-bangkhen) (fixed),13.856002_100.546507_iI9SCJDDrNZWhDd08sUWbQ_23_2025-09.jpg,SAFE,None,0.0,0.0,0.0
ngamwongwan(pongpetch-bangkhen) (fixed),13.856039_100.546415_3VhPZXATHv9Rdr8Fj96niQ_21_2025-09.jpg,SAFE,None,0.0,0.0,0.0
ngamwongwan(pongpetch-bangkhen) (fixed),13.856073_100.546322_6moVMyKJIfpnqoXioExGYQ_20_2025-09.jpg,SAFE,None,0.94,0.94,0.0
ngamwongwan(pongpetch-bangkhen) (fixed),13.856101_100.546263_dlSrLdq-fdsCybD1E1ggdw_17_2025-09.jpg,SAFE,None,1.54,1.54,0.0
ngamwongwan(pongpetch-bangkhen) (fixed),13.856120_100.546186_Gs-ggfYgfgNhoZky5rcjeQ_20_2025-09.jpg,SAFE,None,3.72,3.72,0.0
ngamwongwan(pongpetch-bangkhen) (fixed),13.856151_100.546085_TEHP9YS6xGB22-9hohugCw_14_2025-09.jpg,SAFE,None,0.0,0.0,0.0
ngamwongwan(pongpetch-bangkhen) (fixed),13.856173_100.545992_QCjdZ4lnfDVlV1h3Sqjajw_13_2025-09.jpg,SAFE,None,0.0,0.0,0.0
ngamwongwan(pongpetch-bangkhen) (fixed),13.856193_100.545900_ypK9zbkcaMWpMPwS0eaLqg_12_2025-09.jpg,SAFE,None,2.28,2.28,0.0
ngamwongwan(pongpetch-bangkhen) (fixed),13.856211_100.545808_jSow-2lIqrIFtvhPmuURyw_11_2025-09.jpg,SAFE,None,0.0,0.0,0.0
ngamwongwan(pongpetch-bangkhen) (fixed),13.856228_100.545716_JK6U149lNiD3ufjnXNK4FQ_10_2025-09.jpg,SAFE,None,3.71,3.71,0.0
ngamwongwan(pongpetch-bangkhen) (fixed),13.856244_100.545622_bMRKmdeV7pucmSc180knbw_9_2025-09.jpg,SAFE,None,1.27,1.27,0.0
ngamwongwan(pongpetch-bangkhen) (fixed),13.856258_100.545527_-6ryh0U-Nx20xrzUr0w7bg_9_2025-09.jpg,SAFE,None,1.02,1.02,0.0
phahon yothin rd (kampaengpetch-ratchayothin) (fixed),13.798356_100.551152_UUOwVPDoe7h0jC2JVduNvg_292_2025-09.jpg,SAFE,None,0.0,0.0,0.0
phahon yothin rd (kampaengpetch-ratchayothin) (fixed),13.798388_100.551448_QD8xdH1ON_SkFkr14vkL-A_114_2025-09.jpg,SAFE,None,0.0,0.0,0.0
phahon yothin rd (kampaengpetch-ratchayothin) (fixed),13.798439_100.551188_prQhLvAjEoblWoXh3n0zSA_294_2025-09.jpg,SAFE,None,0.66,0.66,0.0
phahon yothin rd (kampaengpetch-ratchayothin) (fixed),13.798473_100.551487_r0Y71vdR7ylqQ37td_lBiQ_114_2025-09.jpg,SAFE,None,0.41,0.41,0.0
phahon yothin rd (kampaengpetch-ratchayothin) (fixed),13.798518_100.551226_jhpFSK3GdiWKM9nS-TjdoA_296_2025-09.jpg,SAFE,None,0.0,0.0,0.0
phahon yothin rd (kampaengpetch-ratchayothin) (fixed),13.798557_100.551525_AmlXVJLVtSPGtql4C3gHoQ_115_2025-09.jpg,SAFE,None,1.36,1.36,0.0
phahon yothin rd (kampaengpetch-ratchayothin) (fixed),13.798601_100.551265_AmSagQRJoHOKWG0aVqX5sw_296_2025-09.jpg,SAFE,None,0.0,0.0,0.0
phahon yothin rd (kampaengpetch-ratchayothin) (fixed),13.798642_100.551567_8EkVswObcU5InWcrRbnRAw_116_2025-09.jpg,SAFE,None,0.0,0.0,0.0
phahon yothin rd (kampaengpetch-ratchayothin) (fixed),13.798684_100.551307_4qUjbJzmpVxLQ027wiCPow_297_2025-09.jpg,SAFE,None,2.24,2.24,0.0
phahon yothin rd (kampaengpetch-ratchayothin) (fixed),13.798727_100.551608_E5OKL5MzXpLfdpZhT43gnw_116_2025-09.jpg,SAFE,None,0.0,0.0,0.0
phahon yothin rd (kampaengpetch-ratchayothin) (fixed),13.798772_100.551352_mKPWBs-j07QZWzJCL6XQcw_297_2025-09.jpg,SAFE,None,0.0,0.0,0.0
phahon yothin rd (kampaengpetch-ratchayothin) (fixed),13.798815_100.551652_D_KYMB23DYAA3Api4EMu0g_118_2025-09.jpg,SAFE,None,0.0,0.0,0.0
phahon yothin rd (kampaengpetch-ratchayothin) (fixed),13.798848_100.551393_nMSyV1qiV8LiEa17vKYRmg_298_2025-09.jpg,SAFE,None,0.0,0.0,0.0
phahon yothin rd (kampaengpetch-ratchayothin) (fixed),13.798890_100.551693_paGxW1qqYspRpt58CnduFw_119_2025-09.jpg,SAFE,None,0.0,0.0,0.0
phahon yothin rd (kampaengpetch-ratchayothin) (fixed),13.798921_100.551434_5UAq13rWyGY9fIZjRI3SwQ_299_2025-09.jpg,SAFE,None,0.0,0.0,0.0
phahon yothin rd (kampaengpetch-ratchayothin) (fixed),13.798971_100.551738_5-HF4R_sfJxH2vjLIAxLQA_120_2025-09.jpg,SAFE,None,0.64,0.64,0.0
phahon yothin rd (kampaengpetch-ratchayothin) (fixed),13.799005_100.551483_hckvH4vSdphQFDlSPtg91w_300_2025-09.jpg,SAFE,None,0.67,0.67,0.0
phahon yothin rd (kampaengpetch-ratchayothin) (fixed),13.799049_100.551508_gcUEl-R24dRqcF0L0V4b_g_300_2025-09.jpg,SAFE,None,0.0,0.0,0.0
phahon yothin rd (kampaengpetch-ratchayothin) (fixed),13.799074_100.551800_jq2EMKwzZrJ5dVfBg2Warw_120_2025-09.jpg,SAFE,None,0.0,0.0,0.0
phahon yothin rd (kampaengpetch-ratchayothin) (fixed),13.799095_100.551535_HkAI3_XkoLXjYZWMm1OK0g_300_2025-09.jpg,SAFE,None,0.0,0.0,0.0
phahon yothin rd (kampaengpetch-ratchayothin) (fixed),13.799149_100.551844_l4OM6GQFqHOgjk-Ks0IgjQ_120_2025-09.jpg,SAFE,None,0.53,0.53,0.0
phahon yothin rd (kampaengpetch-ratchayothin) (fixed),13.799174_100.551582_llavy2WFE7CjSxM_x7_L_Q_301_2025-09.jpg,SAFE,None,0.0,0.0,0.0
phahon yothin rd (kampaengpetch-ratchayothin) (fixed),13.799229_100.551890_izKxPXPRD_faBHBaFioi0A_119_2025-09.jpg,SAFE,None,1.29,1.29,0.0
phahon yothin rd (kampaengpetch-ratchayothin) (fixed),13.799307_100.551934_yylNoFpX79SQcGt0ot9nAg_119_2025-09.jpg,SAFE,None,1.23,1.23,0.0
phahon yothin rd (kampaengpetch-ratchayothin) (fixed),13.799315_100.551665_sn-hAUovjrXVMO8_GSha1Q_301_2025-09.jpg,SAFE,None,0.0,0.0,0.0
phahon yothin rd (kampaengpetch-ratchayothin) (fixed),13.799386_100.551979_pqoxWWLHw6k8amBXaV1FzQ_119_2025-09.jpg,SAFE,None,0.46,0.46,0.0
phahon yothin rd (kampaengpetch-ratchayothin) (fixed),13.799403_100.551719_wJ5MgizXV_YM-wMGHmKJnA_301_2025-09.jpg,SAFE,None,0.0,0.0,0.0
phahon yothin rd (kampaengpetch-ratchayothin) (fixed),13.799463_100.552023_wiwntPNGSz7AST2F8yC8Sg_120_2025-09.jpg,SAFE,None,4.21,4.21,0.0
phahon yothin rd (kampaengpetch-ratchayothin) (fixed),13.799488_100.551767_zgYyPPYOUaoMEBsKshGsRQ_299_2025-09.jpg,SAFE,None,0.0,0.0,0.0
phahon yothin rd (kampaengpetch-ratchayothin) (fixed),13.799530_100.551792_Rc2OW5mv324ZvZF_G7XLbQ_300_2025-09.jpg,SAFE,None,0.0,0.0,0.0
phahon yothin rd (kampaengpetch-ratchayothin) (fixed),13.799540_100.552069_44FLV3N73-Vu8TRJoypz9Q_122_2025-09.jpg,SAFE,None,0.0,0.0,0.0
phahon yothin rd (kampaengpetch-ratchayothin) (fixed),13.799571_100.551816_CpyrsGe-PaGsw5X2P3ZdWg_300_2025-09.jpg,SAFE,None,0.0,0.0,0.0
phahon yothin rd (kampaengpetch-ratchayothin) (fixed),13.799616_100.552119_48x9mkF-IwYqkxx7pOpsWQ_125_2025-09.jpg,SAFE,None,0.52,0.52,0.0
phahon yothin rd (kampaengpetch-ratchayothin) (fixed),13.799652_100.551863_bxW1MZ9VVShtiZ-kVMSeRw_299_2025-09.jpg,SAFE,None,0.0,0.0,0.0
phahon yothin rd (kampaengpetch-ratchayothin) (fixed),13.799693_100.552173_uUkOQ7wey7kwwNGaPBZJiA_124_2025-09.jpg,SAFE,None,0.0,0.0,0.0
phahon yothin rd (kampaengpetch-ratchayothin) (fixed),13.799734_100.551910__y2rKX4fV9u8DPTHniMtHw_300_2025-09.jpg,SAFE,None,0.0,0.0,0.0
phahon yothin rd (kampaengpetch-ratchayothin) (fixed),13.799773_100.552225_r0uLqZ_xBF3IeTVlZ4b7ew_121_2025-09.jpg,SAFE,None,2.25,2.25,0.0
phahon yothin rd (kampaengpetch-ratchayothin) (fixed),13.799816_100.551958_dEvjQ9CjgLwUFSYB7CKK5g_300_2025-09.jpg,SAFE,None,6.73,6.73,0.0
phahon yothin rd (kampaengpetch-ratchayothin) (fixed),13.799851_100.552271_ADfqKMO7WGR8GrsHbc0rrg_119_2025-09.jpg,SAFE,None,3.48,3.48,0.0
phahon yothin rd (kampaengpetch-ratchayothin) (fixed),13.799895_100.552005_9hBa2PLU1DY4veOYxOKN9w_300_2025-09.jpg,SAFE,None,0.6,0.6,0.0
phahon yothin rd (kampaengpetch-ratchayothin) (fixed),13.799928_100.552315_yWJe_2GgWxJ_N-tJ36IBTw_119_2025-09.jpg,SAFE,None,0.15,0.15,0.0
phahon yothin rd (kampaengpetch-ratchayothin) (fixed),13.800008_100.552360_MlJNfaxBvpjkPIrXyDvv6A_118_2025-09.jpg,SAFE,None,0.76,0.76,0.0
phahon yothin rd (kampaengpetch-ratchayothin) (fixed),13.800014_100.552075_OvQU8UN7OFiQDwEo8dDIbw_300_2025-09.jpg,SAFE,None,0.0,0.0,0.0
phahon yothin rd (kampaengpetch-ratchayothin) (fixed),13.800055_100.552099__gEJisCt0wYzaADx48PZsQ_300_2025-09.jpg,SAFE,None,1.27,1.27,0.0
phahon yothin rd (kampaengpetch-ratchayothin) (fixed),13.800087_100.552403_0oC9gcgt0IeomwD2kkXRJw_118_2025-09.jpg,SAFE,None,2.56,2.56,0.0
phahon yothin rd (kampaengpetch-ratchayothin) (fixed),13.800138_100.552147_lNY2l3CUTj_0Rb2hcnKNGA_300_2025-09.jpg,SAFE,None,0.0,0.0,0.0
phahon yothin rd (kampaengpetch-ratchayothin) (fixed),13.800164_100.552444__G5LwiIirmnTaPPgMAPN2g_117_2025-09.jpg,SAFE,None,6.59,6.59,0.0
phahon yothin rd (kampaengpetch-ratchayothin) (fixed),13.800218_100.552194_hDvgLIhVH_A-g-JFJiJIOg_300_2025-09.jpg,SAFE,None,0.0,0.0,0.0
phahon yothin rd (kampaengpetch-ratchayothin) (fixed),13.800242_100.552485_A8ONkv94WMFuYSaU87acaQ_117_2025-09.jpg,SAFE,None,2.56,2.56,0.0
phahon yothin rd (kampaengpetch-ratchayothin) (fixed),13.800303_100.552244_QOEyI_Lk07ylDsn5TlA9yg_300_2025-09.jpg,SAFE,None,0.8,0.8,0.0
phahon yothin rd (kampaengpetch-ratchayothin) (fixed),13.800322_100.552526_m1ZzOtDITxacQN9BiFBtvg_117_2025-09.jpg,SAFE,None,0.62,0.62,0.0
phahon yothin rd (kampaengpetch-ratchayothin) (fixed),13.800386_100.552293_Q_GgXg8ERp9v8-kMgQ-f5A_300_2025-09.jpg,SAFE,None,7.54,7.54,0.0
phahon yothin rd (kampaengpetch-ratchayothin) (fixed),13.800401_100.552568_Mqyzjb8ZhNo-4MO1Rw2Dag_118_2025-09.jpg,SAFE,None,0.79,0.79,0.0
phahon yothin rd (kampaengpetch-ratchayothin) (fixed),13.800467_100.552340_lHFMJ0JWIhXCrT7_RKbJsQ_300_2025-09.jpg,SAFE,None,0.0,0.0,0.0
phahon yothin rd (kampaengpetch-ratchayothin) (fixed),13.800480_100.552611_8lKr9KSq3fqxgINIGMjc6w_119_2025-09.jpg,SAFE,None,0.68,0.68,0.0
phahon yothin rd (kampaengpetch-ratchayothin) (fixed),13.800549_100.552388_tNeyPittegJPfsiPKRSTgg_300_2025-09.jpg,SAFE,None,0.0,0.0,0.0
phahon yothin rd (kampaengpetch-ratchayothin) (fixed),13.800559_100.552657_NXMTf4LPdmWH78Mosy2Pyg_121_2025-09.jpg,SAFE,None,0.87,0.87,0.0
phahon yothin rd (kampaengpetch-ratchayothin) (fixed),13.800631_100.552436_xSRO7HoQ6fD16Hg2lysptw_300_2025-09.jpg,SAFE,None,0.0,0.0,0.0
phahon yothin rd (kampaengpetch-ratchayothin) (fixed),13.800637_100.552702_ybAXJ6npK7KJEVN1cLnSLA_121_2025-09.jpg,SAFE,None,0.45,0.45,0.0
phahon yothin rd (kampaengpetch-ratchayothin) (fixed),13.800713_100.552483_kdug9MdVTFfiVWqGtNM1vw_300_2025-09.jpg,SAFE,None,0.0,0.0,0.0
phahon yothin rd (kampaengpetch-ratchayothin) (fixed),13.800715_100.552748_aoYTP53qm2n6NcoHmX7oJQ_121_2025-09.jpg,SAFE,None,0.0,0.0,0.0
phahon yothin rd (kampaengpetch-ratchayothin) (fixed),13.800793_100.552530_q0x9_E6KBRM5wXy1fMolWg_300_2025-09.jpg,SAFE,None,0.0,0.0,0.0
phahon yothin rd (kampaengpetch-ratchayothin) (fixed),13.800795_100.552795_vlappBe3krAQyChOG04kGg_121_2025-09.jpg,SAFE,None,0.0,0.0,0.0
phahon yothin rd (kampaengpetch-ratchayothin) (fixed),13.800874_100.552842_zfOpiIaBB8mwr0iFLLYUEg_121_2025-09.jpg,SAFE,None,0.0,0.0,0.0
phahon yothin rd (kampaengpetch-ratchayothin) (fixed),13.800875_100.552578_GGZ8ADGyaCwMbMBm1Xw3lA_300_2025-09.jpg,SAFE,None,0.0,0.0,0.0
phahon yothin rd (kampaengpetch-ratchayothin) (fixed),13.800954_100.552889_pw5mFFZ1OWBTbvqNF3dXNQ_121_2025-09.jpg,SAFE,None,2.62,2.62,0.0
phahon yothin rd (kampaengpetch-ratchayothin) (fixed),13.800956_100.552626_ysnccDjECJ_NrhBqkGlPYg_300_2025-09.jpg,SAFE,None,0.0,0.0,0.0
phahon yothin rd (kampaengpetch-ratchayothin) (fixed),13.801033_100.552937_a5R7Q84iNFo6OqTnT3G5YA_121_2025-09.jpg,SAFE,None,0.94,0.94,0.0
phahon yothin rd (kampaengpetch-ratchayothin) (fixed),13.801076_100.552696_jYmicZvipFrdaTXtD4czwQ_300_2025-09.jpg,SAFE,None,0.0,0.0,0.0
phahon yothin rd (kampaengpetch-ratchayothin) (fixed),13.801114_100.552984_9lLys3dPfPHYw7dEoRE0WQ_121_2025-09.jpg,SAFE,None,1.0,1.0,0.0
phahon yothin rd (kampaengpetch-ratchayothin) (fixed),13.801156_100.552743_0vas5yodquk-bV45mLcNDA_300_2025-09.jpg,SAFE,None,0.0,0.0,0.0
phahon yothin rd (kampaengpetch-ratchayothin) (fixed),13.801194_100.553032_nLJccmgSBnA6zjrjO51c0w_121_2025-09.jpg,SAFE,None,0.69,0.69,0.0
phahon yothin rd (kampaengpetch-ratchayothin) (fixed),13.801236_100.552791_iyHW5jxdmhziZvt6I99pQw_301_2025-09.jpg,SAFE,None,0.0,0.0,0.0
phahon yothin rd (kampaengpetch-ratchayothin) (fixed),13.801274_100.553080_vvkF6Z2lsWn6PKQE96vBjQ_121_2025-09.jpg,SAFE,None,0.14,0.14,0.0
phahon yothin rd (kampaengpetch-ratchayothin) (fixed),13.801315_100.552840_wQiwdyMXFcRunFJBziVUrQ_301_2025-09.jpg,SAFE,None,0.0,0.0,0.0
phahon yothin rd (kampaengpetch-ratchayothin) (fixed),13.801395_100.552888_PnbCZsE7sgWBL1Ov5m2zAg_301_2025-09.jpg,SAFE,None,0.0,0.0,0.0
phahon yothin rd (kampaengpetch-ratchayothin) (fixed),13.801396_100.553150_RiPSPtz2FlzoK7bbDQduMA_120_2025-09.jpg,SAFE,None,0.0,0.0,0.0
phahon yothin rd (kampaengpetch-ratchayothin) (fixed),13.801475_100.552936_mh9XCJAPifDmcnF08M07HA_300_2025-09.jpg,SAFE,None,0.0,0.0,0.0
phahon yothin rd (kampaengpetch-ratchayothin) (fixed),13.801477_100.553198_s0OjP1WDxQ1vbUaqs8sX-w_120_2025-09.jpg,SAFE,None,0.83,0.83,0.0
phahon yothin rd (kampaengpetch-ratchayothin) (fixed),13.801518_100.553222_Iy9baH-lU1vsM-782v3vnQ_120_2023-03.jpg,SAFE,None,0.6,0.6,0.0
phahon yothin rd (kampaengpetch-ratchayothin) (fixed),13.801555_100.552983_CxXTmGB19sqYGkCEA3Mx4A_299_2025-09.jpg,SAFE,None,0.0,0.0,0.0
phahon yothin rd (kampaengpetch-ratchayothin) (fixed),13.801598_100.553269_TidUaWWnb3d10XkL8w1rIQ_120_2025-09.jpg,SAFE,None,0.0,0.0,0.0
phahon yothin rd (kampaengpetch-ratchayothin) (fixed),13.801635_100.553028_Ow9sQAcp8XOVGunG_87bSw_299_2025-09.jpg,SAFE,None,0.0,0.0,0.0
phahon yothin rd (kampaengpetch-ratchayothin) (fixed),13.801678_100.553317_CXfyUVjItfuKtuOu2vS-xA_120_2025-09.jpg,SAFE,None,0.0,0.0,0.0
phahon yothin rd (kampaengpetch-ratchayothin) (fixed),13.801715_100.553074_IV_sNejy-_gH7lF6YQxnug_299_2025-09.jpg,SAFE,None,0.0,0.0,0.0
phahon yothin rd (kampaengpetch-ratchayothin) (fixed),13.801758_100.553365_ze_VrjRqSU9-tMrlmy1BCg_120_2019-11.jpg,SAFE,None,0.0,0.0,0.0
phahon yothin rd (kampaengpetch-ratchayothin) (fixed),13.801796_100.553121_M_-Z2kiAlE3fWdAlw8RC4g_300_2025-09.jpg,SAFE,None,0.0,0.0,0.0
phahon yothin rd (kampaengpetch-ratchayothin) (fixed),13.801839_100.553412_wJl0qPCu6Fx-5IdHYKwBhA_120_2025-09.jpg,SAFE,None,0.0,0.0,0.0
phahon yothin rd (kampaengpetch-ratchayothin) (fixed),13.801877_100.553167_S_Ok-Sj3EaFj4QCG09ZbGg_300_2025-09.jpg,SAFE,None,0.0,0.0,0.0
phahon yothin rd (kampaengpetch-ratchayothin) (fixed),13.801921_100.553460__YIkMbJi_GE_7SST64eIvQ_120_2025-09.jpg,SAFE,None,0.0,0.0,0.0
phahon yothin rd (kampaengpetch-ratchayothin) (fixed),13.801957_100.553214_cXZnP8WJtrlugCUql2rQrw_300_2025-09.jpg,SAFE,None,0.0,0.0,0.0
phahon yothin rd (kampaengpetch-ratchayothin) (fixed),13.801998_100.553237_m-uotb4QFOrCaPvQYlGdoA_300_2025-09.jpg,SAFE,None,0.0,0.0,0.0
phahon yothin rd (kampaengpetch-ratchayothin) (fixed),13.802002_100.553508_WZUM5ulUE1NHwi07rFl1QA_120_2025-09.jpg,SAFE,None,0.0,0.0,0.0
phahon yothin rd (kampaengpetch-ratchayothin) (fixed),13.802078_100.553284_p1avcbsFXYpNryuciTLSgQ_299_2025-09.jpg,SAFE,None,0.0,0.0,0.0
phahon yothin rd (kampaengpetch-ratchayothin) (fixed),13.802083_100.553556_PtwGCnKoZf7GxSeWMqjx0g_120_2025-09.jpg,SAFE,None,0.0,0.0,0.0
phahon yothin rd (kampaengpetch-ratchayothin) (fixed),13.802159_100.553329_uelbFpLXjBZAsCFj3ogE-w_298_2025-09.jpg,SAFE,None,8.53,8.53,0.0
phahon yothin rd (kampaengpetch-ratchayothin) (fixed),13.802163_100.553604_XSj7X-SBmMJlLD-wNPHDkQ_120_2025-09.jpg,SAFE,None,0.0,0.0,0.0
phahon yothin rd (kampaengpetch-ratchayothin) (fixed),13.802244_100.553651_XT6HZ6_CJndAMmNQXyd2Yg_120_2025-09.jpg,SAFE,None,1.85,1.85,0.0
phahon yothin rd (kampaengpetch-ratchayothin) (fixed),13.802282_100.553394_I81LOpWMZ1eWxblnED_zKA_297_2025-09.jpg,SAFE,None,0.0,0.0,0.0
phahon yothin rd (kampaengpetch-ratchayothin) (fixed),13.802325_100.553697_icJzGQ239JwteT2NXkbSXw_120_2025-09.jpg,SAFE,None,0.0,0.0,0.0
phahon yothin rd (kampaengpetch-ratchayothin) (fixed),13.802365_100.553437_A1M0O2zH7JjyzDwNZmVQDw_297_2025-09.jpg,SAFE,None,0.0,0.0,0.0
phahon yothin rd (kampaengpetch-ratchayothin) (fixed),13.802404_100.553743_sHPjDX-gps9V5RfyLdzO_Q_120_2025-09.jpg,SAFE,None,0.0,0.0,0.0
phahon yothin rd (kampaengpetch-ratchayothin) (fixed),13.802446_100.553481_-Eaa259hHy1jTs0hp-yS_A_299_2025-09.jpg,SAFE,None,0.0,0.0,0.0
phahon yothin rd (kampaengpetch-ratchayothin) (fixed),13.802485_100.553789_Upu1pyLrDSanYGZfLkb4Aw_120_2025-09.jpg,SAFE,None,0.0,0.0,0.0
phahon yothin rd (kampaengpetch-ratchayothin) (fixed),13.802526_100.553527_K7Ve-Bw9sRlSUuRlRIACPw_300_2025-09.jpg,SAFE,None,1.22,1.22,0.0
phahon yothin rd (kampaengpetch-ratchayothin) (fixed),13.802566_100.553837_xrKeyb-lfAfe_WEY00dibQ_120_2025-09.jpg,SAFE,None,0.0,0.0,0.0
phahon yothin rd (kampaengpetch-ratchayothin) (fixed),13.802606_100.553574_1BsgwlPlIEI1skANRLx3lw_300_2025-09.jpg,SAFE,None,0.0,0.0,0.0
phahon yothin rd (kampaengpetch-ratchayothin) (fixed),13.802646_100.553886_QGYzH55KQbJk6iGXxjTzig_120_2025-09.jpg,SAFE,None,0.0,0.0,0.0
phahon yothin rd (kampaengpetch-ratchayothin) (fixed),13.802686_100.553621_JVyjepJzF66_z2ymzZRGSA_300_2025-09.jpg,SAFE,None,0.0,0.0,0.0
phahon yothin rd (kampaengpetch-ratchayothin) (fixed),13.802727_100.553934_Eua6zluVpMCDfweGF5HA3Q_120_2025-09.jpg,SAFE,None,0.0,0.0,0.0
phahon yothin rd (kampaengpetch-ratchayothin) (fixed),13.802767_100.553667_LatVwLOBWOuUNTyMv6HGOA_300_2025-09.jpg,SAFE,None,0.0,0.0,0.0
phahon yothin rd (kampaengpetch-ratchayothin) (fixed),13.802809_100.553983_eI5X9CEIng_swRhpFFWsHA_120_2025-09.jpg,SAFE,None,2.33,2.33,0.0
phahon yothin rd (kampaengpetch-ratchayothin) (fixed),13.802848_100.553714_qv6QHwRnNEMCf-sc8taFwQ_300_2025-09.jpg,SAFE,None,0.0,0.0,0.0
phahon yothin rd (kampaengpetch-ratchayothin) (fixed),13.802890_100.554031_nNnCe2Q1ZCfxkAgDWs4UsQ_120_2025-09.jpg,SAFE,None,0.85,0.85,0.0
phahon yothin rd (kampaengpetch-ratchayothin) (fixed),13.802929_100.553761_tCTPdqgvblf4aEHkUCWJQA_300_2025-09.jpg,SAFE,None,0.0,0.0,0.0
phahon yothin rd (kampaengpetch-ratchayothin) (fixed),13.802969_100.554077_KCpc7cRtGSWalK_X8f45Ag_120_2025-09.jpg,SAFE,None,4.6,4.6,0.0
phahon yothin rd (kampaengpetch-ratchayothin) (fixed),13.803009_100.553807_iK-fOF636tgVUfXnXl3hxA_300_2025-09.jpg,SAFE,None,0.0,0.0,0.0
phahon yothin rd (kampaengpetch-ratchayothin) (fixed),13.803047_100.554121_0LkGnvOnIqCCTlmc3jTuOQ_120_2025-09.jpg,SAFE,None,1.7,1.7,0.0
phahon yothin rd (kampaengpetch-ratchayothin) (fixed),13.803089_100.553854_tBQzORugeVtZ1k8fgeKyug_300_2025-09.jpg,SAFE,None,0.0,0.0,0.0
phahon yothin rd (kampaengpetch-ratchayothin) (fixed),13.803126_100.554167_vhZ0nhnaBUl0YTrg1193Aw_120_2025-09.jpg,SAFE,None,0.0,0.0,0.0
phahon yothin rd (kampaengpetch-ratchayothin) (fixed),13.803168_100.553900_yNCnJAkO2QNqCrbY5pmEyw_300_2025-09.jpg,SAFE,None,0.0,0.0,0.0
phahon yothin rd (kampaengpetch-ratchayothin) (fixed),13.803205_100.554214_Rb9SMbJUrmrhHtVEGqFBwA_120_2025-09.jpg,SAFE,None,0.0,0.0,0.0
phahon yothin rd (kampaengpetch-ratchayothin) (fixed),13.803247_100.553946_pNJOJg9ztDQ-OtGV7sh-5g_300_2025-09.jpg,SAFE,None,0.0,0.0,0.0
phahon yothin rd (kampaengpetch-ratchayothin) (fixed),13.803285_100.554260_Bi1goC_h2nWbSJ9najkTfw_120_2025-09.jpg,SAFE,None,0.37,0.37,0.0
phahon yothin rd (kampaengpetch-ratchayothin) (fixed),13.803326_100.553993_vq3-PZCOeF1XsoitjhF4aA_300_2025-09.jpg,SAFE,None,0.0,0.0,0.0
phahon yothin rd (kampaengpetch-ratchayothin) (fixed),13.803366_100.554308_W_a6hm3jKwD3SsC3PxI1gQ_120_2025-09.jpg,SAFE,None,1.6,1.6,0.0
phahon yothin rd (kampaengpetch-ratchayothin) (fixed),13.803406_100.554040_XFmLtaXbtlippJjz88S1lw_300_2025-09.jpg,SAFE,None,0.0,0.0,0.0
phahon yothin rd (kampaengpetch-ratchayothin) (fixed),13.803486_100.554087_uOIDeVXy_jWJdqtz9WEpLg_300_2025-09.jpg,SAFE,None,0.0,0.0,0.0
phahon yothin rd (kampaengpetch-ratchayothin) (fixed),13.803531_100.554405_weo-FiyGmhhBr0g689J8jA_120_2025-09.jpg,SAFE,None,0.0,0.0,0.0
phahon yothin rd (kampaengpetch-ratchayothin) (fixed),13.803566_100.554134_7AL-yRrjW1pQKhFZ88X6tg_300_2025-09.jpg,SAFE,None,0.0,0.0,0.0
phahon yothin rd (kampaengpetch-ratchayothin) (fixed),13.803620_100.554458_9nBipi2syMFC6t_k3HZPzA_120_2025-09.jpg,SAFE,None,0.0,0.0,0.0
phahon yothin rd (kampaengpetch-ratchayothin) (fixed),13.803646_100.554180_4uD-eAt3zJbSB3nFvD85CA_300_2025-09.jpg,SAFE,None,0.0,0.0,0.0
phahon yothin rd (kampaengpetch-ratchayothin) (fixed),13.803701_100.554507_ThvRlmnYX26NleOwgDqrQg_120_2025-09.jpg,SAFE,None,0.0,0.0,0.0
phahon yothin rd (kampaengpetch-ratchayothin) (fixed),13.803726_100.554226_y1cIcerHryVPkAeCO-j_KQ_299_2025-09.jpg,SAFE,None,0.87,0.87,0.0
phahon yothin rd (kampaengpetch-ratchayothin) (fixed),13.803776_100.554552_JtqB1ys5kU9aLKqmZbY7Dw_120_2025-09.jpg,SAFE,None,0.0,0.0,0.0
phahon yothin rd (kampaengpetch-ratchayothin) (fixed),13.803808_100.554272_hVzZXy7MNOdjUE0KGHY_Lg_299_2025-09.jpg,SAFE,None,0.0,0.0,0.0
phahon yothin rd (kampaengpetch-ratchayothin) (fixed),13.803848_100.554595_SQI2kClPzr2oD0tpFihQzg_120_2025-09.jpg,SAFE,None,0.0,0.0,0.0
phahon yothin rd (kampaengpetch-ratchayothin) (fixed),13.803889_100.554318_4mOHdWNZ_XAKZI4ozHuyrg_299_2025-09.jpg,SAFE,None,0.54,0.54,0.0
phahon yothin rd (kampaengpetch-ratchayothin) (fixed),13.803924_100.554640_QtYNjrEA7iJ0J5A3uN0reA_120_2025-09.jpg,SAFE,None,0.0,0.0,0.0
phahon yothin rd (kampaengpetch-ratchayothin) (fixed),13.803970_100.554364_VkHE-zTfJyQ-HjQpkD213Q_299_2025-09.jpg,SAFE,None,0.0,0.0,0.0
phahon yothin rd (kampaengpetch-ratchayothin) (fixed),13.804000_100.554687_5SFf265DNRSEDSX_orQyHQ_120_2025-09.jpg,SAFE,None,0.0,0.0,0.0
phahon yothin rd (kampaengpetch-ratchayothin) (fixed),13.804050_100.554410_1g0vHBtX3PJVdz_5PWLtXw_299_2025-09.jpg,SAFE,None,0.62,0.62,0.0
phahon yothin rd (kampaengpetch-ratchayothin) (fixed),13.804075_100.554735_EdcmGnxgBA085MeXlCr8bg_120_2025-09.jpg,SAFE,None,0.81,0.81,0.0
phahon yothin rd (kampaengpetch-ratchayothin) (fixed),13.804130_100.554455_4oZqHa-ZgDOUmKBlMzOKUA_300_2025-09.jpg,SAFE,None,0.0,0.0,0.0
phahon yothin rd (kampaengpetch-ratchayothin) (fixed),13.804151_100.554785_o3Ig_06BRs28ZXr4TOGVqg_120_2025-09.jpg,SAFE,None,0.0,0.0,0.0
phahon yothin rd (kampaengpetch-ratchayothin) (fixed),13.804210_100.554502_ivRyJwtBKxOblNmrCL-WMQ_300_2025-09.jpg,SAFE,None,0.97,0.97,0.0
phahon yothin rd (kampaengpetch-ratchayothin) (fixed),13.804227_100.554834_m9HLH-nc9CUfR9i2nhtlTw_120_2025-09.jpg,SAFE,None,0.0,0.0,0.0
phahon yothin rd (kampaengpetch-ratchayothin) (fixed),13.804290_100.554548_qfABIFa4eASPIsjJwZ9rpg_300_2025-09.jpg,SAFE,None,0.0,0.0,0.0
phahon yothin rd (kampaengpetch-ratchayothin) (fixed),13.804303_100.554883_pMNRRE8C1kxqRoSF5lRQmw_120_2025-09.jpg,SAFE,None,0.27,0.27,0.0
phahon yothin rd (kampaengpetch-ratchayothin) (fixed),13.804370_100.554595_93z-V4jIiXsdiVi9_e7Wxw_300_2025-09.jpg,SAFE,None,0.9,0.9,0.0
phahon yothin rd (kampaengpetch-ratchayothin) (fixed),13.804380_100.554931_RP5GwP9g7DDm72G1AwbCog_120_2025-09.jpg,SAFE,None,1.17,1.17,0.0
phahon yothin rd (kampaengpetch-ratchayothin) (fixed),13.804449_100.554642_OkFjkdORTobvdU2Jr5kpwA_300_2025-09.jpg,SAFE,None,0.0,0.0,0.0
phahon yothin rd (kampaengpetch-ratchayothin) (fixed),13.804458_100.554978_SOFG82PbFxpQ1gINt81Sng_120_2025-09.jpg,SAFE,None,5.07,5.07,0.0
phahon yothin rd (kampaengpetch-ratchayothin) (fixed),13.804528_100.554689_bvNnliqxVN8z2QKsW6M12g_300_2025-09.jpg,SAFE,None,0.0,0.0,0.0
phahon yothin rd (kampaengpetch-ratchayothin) (fixed),13.804536_100.555025_lEe6E65fng9ZPPnNeGNRwQ_120_2025-09.jpg,SAFE,None,0.0,0.0,0.0
phahon yothin rd (kampaengpetch-ratchayothin) (fixed),13.804607_100.554736_8V1SRsnd733YEEg8zv_-gg_300_2025-09.jpg,SAFE,None,0.0,0.0,0.0
phahon yothin rd (kampaengpetch-ratchayothin) (fixed),13.804614_100.555072_uvho1pocbAZeNzQ0e4DBBQ_120_2025-09.jpg,SAFE,None,1.34,1.34,0.0
phahon yothin rd (kampaengpetch-ratchayothin) (fixed),13.804687_100.554783__moj8KjkUHBEPmp2EHkGzw_300_2025-09.jpg,SAFE,None,0.0,0.0,0.0
phahon yothin rd (kampaengpetch-ratchayothin) (fixed),13.804693_100.555119_-_zL5lrKqi8XK8TYNFvjzg_120_2025-09.jpg,SAFE,None,2.62,2.62,0.0
phahon yothin rd (kampaengpetch-ratchayothin) (fixed),13.804768_100.554830_6AyV0Hfm9P_ulHn-RQ252Q_300_2025-09.jpg,SAFE,None,1.02,1.02,0.0
phahon yothin rd (kampaengpetch-ratchayothin) (fixed),13.804772_100.555166_6YgdItgRXmEovbIuXU-VnQ_120_2025-09.jpg,SAFE,None,2.59,2.59,0.0
phahon yothin rd (kampaengpetch-ratchayothin) (fixed),13.804847_100.554877_mAiJafk0UIlk0hvRfUPAPQ_300_2025-09.jpg,SAFE,None,1.23,1.23,0.0
phahon yothin rd (kampaengpetch-ratchayothin) (fixed),13.804852_100.555213_y8NkOHaAt2OoZnxEtchzXQ_120_2025-09.jpg,SAFE,None,2.07,2.07,0.0
phahon yothin rd (kampaengpetch-ratchayothin) (fixed),13.804927_100.554924_9-VJLKKqh2GHJZVyQ07mEg_300_2025-09.jpg,SAFE,None,0.0,0.0,0.0
phahon yothin rd (kampaengpetch-ratchayothin) (fixed),13.804931_100.555261_kh9GdSvMPoFzlX7EORtoIQ_120_2025-09.jpg,SAFE,None,5.21,4.12,1.09
phahon yothin rd (kampaengpetch-ratchayothin) (fixed),13.805007_100.554972_KWg_AuPkGaPk9RFclEO7LQ_300_2025-09.jpg,SAFE,None,0.0,0.0,0.0
phahon yothin rd (kampaengpetch-ratchayothin) (fixed),13.805012_100.555308_bgorhZhckG8HeKbumxI6gg_120_2025-09.jpg,SAFE,None,1.61,0.0,1.61
phahon yothin rd (kampaengpetch-ratchayothin) (fixed),13.805088_100.555020_0miboJ4Av3PEuJuLBOJx7w_300_2025-09.jpg,SAFE,None,0.0,0.0,0.0
phahon yothin rd (kampaengpetch-ratchayothin) (fixed),13.805092_100.555356_mKtIRz1hMs--As5xoshsMA_120_2025-09.jpg,SAFE,None,1.0,1.0,0.0
phahon yothin rd (kampaengpetch-ratchayothin) (fixed),13.805167_100.555067_w0mg1UTa0CgwBCeTKYoVpQ_300_2025-09.jpg,SAFE,None,0.0,0.0,0.0
phahon yothin rd (kampaengpetch-ratchayothin) (fixed),13.805174_100.555404_3h-Bd8ADwdSljhR08jqLyA_120_2025-09.jpg,SAFE,None,3.76,3.76,0.0
phahon yothin rd (kampaengpetch-ratchayothin) (fixed),13.805247_100.555115_F6gT72dIzQekzVGuavuzAg_300_2025-09.jpg,SAFE,None,0.0,0.0,0.0
phahon yothin rd (kampaengpetch-ratchayothin) (fixed),13.805256_100.555451_HhRNHt1Qbo7CJzQyWR3ATw_120_2025-09.jpg,SAFE,None,0.0,0.0,0.0
phahon yothin rd (kampaengpetch-ratchayothin) (fixed),13.805326_100.555162_nQHIiWl554t1hb1A4q8q0w_301_2025-09.jpg,SAFE,None,1.63,1.63,0.0
phahon yothin rd (kampaengpetch-ratchayothin) (fixed),13.805337_100.555499_ueLClBzVxiR5Ay0DwiMYcA_120_2025-09.jpg,SAFE,None,1.32,1.32,0.0
phahon yothin rd (kampaengpetch-ratchayothin) (fixed),13.805405_100.555210_eHkG9-rJxRNTYTvo43MX6g_301_2025-09.jpg,SAFE,None,1.21,1.21,0.0
phahon yothin rd (kampaengpetch-ratchayothin) (fixed),13.805418_100.555546_WtHGLA2HbUeguGygoQXt1g_119_2025-09.jpg,SAFE,None,1.26,1.26,0.0
phahon yothin rd (kampaengpetch-ratchayothin) (fixed),13.805483_100.555257_lqQ1ND_w8QULwBQDMxM14g_301_2025-09.jpg,SAFE,None,0.98,0.98,0.0
phahon yothin rd (kampaengpetch-ratchayothin) (fixed),13.805499_100.555594_RT8uq7HXndnXSP4OStioyw_119_2025-09.jpg,SAFE,None,1.9,1.9,0.0
phahon yothin rd (kampaengpetch-ratchayothin) (fixed),13.805562_100.555305_bqTKz4S-xpT47nnxi_KZ1A_300_2025-09.jpg,SAFE,None,0.0,0.0,0.0
phahon yothin rd (kampaengpetch-ratchayothin) (fixed),13.805579_100.555643_KgYhtWWSqQMO9VVa6E5NWQ_119_2025-09.jpg,SAFE,None,15.81,15.81,0.0
phahon yothin rd (kampaengpetch-ratchayothin) (fixed),13.805642_100.555352_GelcpcEOZk7EGV0dRwkILg_300_2025-09.jpg,SAFE,None,1.81,1.81,0.0
phahon yothin rd (kampaengpetch-ratchayothin) (fixed),13.805660_100.555691_0tIt_0KZormB3ZpU3Od3Yg_119_2025-09.jpg,WARNING,OBSTACLE,25.92,25.92,0.0
phahon yothin rd (kampaengpetch-ratchayothin) (fixed),13.805699_100.555714_IwJbpoC34MHnMSqfnwAiRQ_120_2025-09.jpg,SAFE,None,0.18,0.18,0.0
phahon yothin rd (kampaengpetch-ratchayothin) (fixed),13.805721_100.555399_5dx_scaR_ieBsulYMJhr0w_300_2025-09.jpg,SAFE,None,0.97,0.97,0.0
phahon yothin rd (kampaengpetch-ratchayothin) (fixed),13.805736_100.555765_OWOifkOOzfg49j8tDJQJHg_120_2025-09.jpg,SAFE,None,0.62,0.62,0.0
phahon yothin rd (kampaengpetch-ratchayothin) (fixed),13.805800_100.555446_6SH7oFYLx0tsG9qwLFzxMQ_300_2025-09.jpg,SAFE,None,6.9,4.64,2.25
phahon yothin rd (kampaengpetch-ratchayothin) (fixed),13.805816_100.555808_ZgKfke7c4x5yqMOWZtfjbg_119_2025-09.jpg,SAFE,None,0.0,0.0,0.0
phahon yothin rd (kampaengpetch-ratchayothin) (fixed),13.805879_100.555493_25qvKbgbjmZdJT8OOiTg6w_300_2025-09.jpg,SAFE,None,3.06,3.06,0.0
phahon yothin rd (kampaengpetch-ratchayothin) (fixed),13.805892_100.555854_HmqGSutju7oxs8qOVaiznQ_119_2025-09.jpg,SAFE,None,2.61,2.61,0.0
phahon yothin rd (kampaengpetch-ratchayothin) (fixed),13.805960_100.555541_BYv0dn7MlL9qUFzaWcSgsA_300_2025-09.jpg,SAFE,None,2.66,2.66,0.0
phahon yothin rd (kampaengpetch-ratchayothin) (fixed),13.806038_100.555587_ZwP-NQCFhVEZ4lG_cQ4-8w_300_2025-09.jpg,SAFE,None,4.84,4.84,0.0
phahon yothin rd (kampaengpetch-ratchayothin) (fixed),13.806041_100.555941_wQ2F_NSfRNByrt3PdEtfUw_119_2025-09.jpg,SAFE,None,3.69,3.69,0.0
phahon yothin rd (kampaengpetch-ratchayothin) (fixed),13.806117_100.555633_toUbGsah89fjxiAxiswejg_300_2025-09.jpg,SAFE,None,2.49,2.49,0.0
phahon yothin rd (kampaengpetch-ratchayothin) (fixed),13.806120_100.555987_h6LV45UkG-CcB0ficONv_g_119_2025-09.jpg,SAFE,None,0.74,0.74,0.0
phahon yothin rd (kampaengpetch-ratchayothin) (fixed),13.806196_100.555680_cPUgCfBc9Ch6DW3B9CjrLA_300_2025-09.jpg,SAFE,None,1.48,1.48,0.0
phahon yothin rd (kampaengpetch-ratchayothin) (fixed),13.806198_100.556034_jNISAH5iNxweXhSLutt7kA_119_2025-09.jpg,SAFE,None,0.09,0.09,0.0
phahon yothin rd (kampaengpetch-ratchayothin) (fixed),13.806276_100.555727_ZnVLux2eFjYmAHCWTPXEIg_300_2025-09.jpg,SAFE,None,3.11,3.11,0.0
phahon yothin rd (kampaengpetch-ratchayothin) (fixed),13.806278_100.556081_pvqk96hzLrmPXQ5rqrev8w_119_2025-09.jpg,SAFE,None,0.0,0.0,0.0
phahon yothin rd (kampaengpetch-ratchayothin) (fixed),13.806356_100.555773_dPUL1hjt3CbqZBzSkypVOQ_300_2025-09.jpg,SAFE,None,4.63,4.63,0.0
phahon yothin rd (kampaengpetch-ratchayothin) (fixed),13.806358_100.556126_UN8N5nqbzNcrDWL8-bYAsQ_117_2025-09.jpg,SAFE,None,0.0,0.0,0.0
phahon yothin rd (kampaengpetch-ratchayothin) (fixed),13.806434_100.555819_TbKuYf1kTTu_WZGEgx4ecQ_300_2025-09.jpg,SAFE,None,0.25,0.25,0.0
phahon yothin rd (kampaengpetch-ratchayothin) (fixed),13.806445_100.556170_XY636irwIJsSM6Xpp-Ww5Q_119_2025-09.jpg,SAFE,None,0.0,0.0,0.0
phahon yothin rd (kampaengpetch-ratchayothin) (fixed),13.806513_100.555865_r72RPcUFYE2buHWG8jQL9A_300_2025-09.jpg,SAFE,None,2.26,2.26,0.0
phahon yothin rd (kampaengpetch-ratchayothin) (fixed),13.806532_100.556224_Ak152G73itdM9IX6siuUvw_119_2025-09.jpg,SAFE,None,5.65,4.27,1.37
phahon yothin rd (kampaengpetch-ratchayothin) (fixed),13.806591_100.555911_sGVP0A8_wd3TUyfcIOJleA_300_2025-09.jpg,SAFE,None,5.55,5.55,0.0
phahon yothin rd (kampaengpetch-ratchayothin) (fixed),13.806617_100.556280_votSyZIyKAL4vo3OKCSvDA_119_2025-09.jpg,SAFE,None,2.21,2.21,0.0
phahon yothin rd (kampaengpetch-ratchayothin) (fixed),13.806670_100.555957_JvWFLetv4d9mnOW9XKG7-Q_300_2025-09.jpg,SAFE,None,1.3,1.3,0.0
phahon yothin rd (kampaengpetch-ratchayothin) (fixed),13.806717_100.556337_GvX0NEYyhtrJPjFb9hkgZg_119_2025-09.jpg,SAFE,None,9.99,9.99,0.0
phahon yothin rd (kampaengpetch-ratchayothin) (fixed),13.806749_100.556003_dBboBLatmjjn92hvQ_jhfA_300_2025-09.jpg,SAFE,None,0.0,0.0,0.0
phahon yothin rd (kampaengpetch-ratchayothin) (fixed),13.806794_100.556383_P8Tax6zmmd4CDloILpcVOA_119_2025-09.jpg,SAFE,None,1.33,1.33,0.0
phahon yothin rd (kampaengpetch-ratchayothin) (fixed),13.806827_100.556049_YTeN5VjFzofhehoSBKvf0Q_300_2025-09.jpg,SAFE,None,2.77,2.77,0.0
phahon yothin rd (kampaengpetch-ratchayothin) (fixed),13.806873_100.556429_Uosk-EdvSn6xzAivI6Xv_Q_119_2025-09.jpg,SAFE,None,2.64,2.64,0.0
phahon yothin rd (kampaengpetch-ratchayothin) (fixed),13.806906_100.556095_V3ZCVlxyyL5TdgOynx1UmA_300_2025-09.jpg,SAFE,None,2.23,2.23,0.0
phahon yothin rd (kampaengpetch-ratchayothin) (fixed),13.806953_100.556475_o8XQrfyYAhPw8XtET25uew_119_2025-09.jpg,SAFE,None,0.0,0.0,0.0
phahon yothin rd (kampaengpetch-ratchayothin) (fixed),13.806985_100.556142_wQChDfnB4iUgu9YH3DsbyQ_301_2025-09.jpg,SAFE,None,3.84,3.84,0.0
phahon yothin rd (kampaengpetch-ratchayothin) (fixed),13.807009_100.556485_e3m2b9lGzzz4TWq-wnN2tw_119_2025-09.jpg,SAFE,None,0.0,0.0,0.0
phahon yothin rd (kampaengpetch-ratchayothin) (fixed),13.807064_100.556189_uIZ_FB20Aft6lQiaaFwc9g_301_2025-09.jpg,SAFE,None,3.2,3.2,0.0
phahon yothin rd (kampaengpetch-ratchayothin) (fixed),13.807072_100.556546_lIvyFB-bgZLPYM8uO0seUg_119_2025-09.jpg,SAFE,None,0.0,0.0,0.0
phahon yothin rd (kampaengpetch-ratchayothin) (fixed),13.807144_100.556237_N06DdX6PbtQsQxYCtd7aLQ_300_2025-09.jpg,SAFE,None,0.0,0.0,0.0
phahon yothin rd (kampaengpetch-ratchayothin) (fixed),13.807150_100.556594_x602eGzbYsq2IWNW2vbvxA_119_2025-09.jpg,SAFE,None,0.82,0.82,0.0
phahon yothin rd (kampaengpetch-ratchayothin) (fixed),13.807224_100.556285_shF2PqJSeKmPbGEwogkBhA_300_2025-09.jpg,SAFE,None,0.0,0.0,0.0
phahon yothin rd (kampaengpetch-ratchayothin) (fixed),13.807231_100.556643_kMQPQv9tO161gH3NDFVk1w_119_2025-09.jpg,SAFE,None,0.0,0.0,0.0
phahon yothin rd (kampaengpetch-ratchayothin) (fixed),13.807303_100.556332_Yr3jihQgn3FKSJIAm6XSfA_300_2025-09.jpg,SAFE,None,4.55,4.55,0.0
phahon yothin rd (kampaengpetch-ratchayothin) (fixed),13.807312_100.556692_wuIhIPRBY-rOOZPSUuIiJQ_119_2025-09.jpg,SAFE,None,5.79,5.79,0.0
phahon yothin rd (kampaengpetch-ratchayothin) (fixed),13.807383_100.556380_C8i2p0a4ZE7Dl6rMUzA7aw_300_2025-09.jpg,SAFE,None,1.09,1.09,0.0
phahon yothin rd (kampaengpetch-ratchayothin) (fixed),13.807394_100.556741_xTIn2qARLJikocMnK407pA_119_2025-09.jpg,SAFE,None,4.71,4.71,0.0
phahon yothin rd (kampaengpetch-ratchayothin) (fixed),13.807463_100.556427_mZx1brzmuFdXpuM2wi0t7A_300_2025-09.jpg,SAFE,None,5.15,5.15,0.0
phahon yothin rd (kampaengpetch-ratchayothin) (fixed),13.807477_100.556789_a712aZGWFiGnbc19FXNc2g_119_2025-09.jpg,SAFE,None,2.55,2.55,0.0
phahon yothin rd (kampaengpetch-ratchayothin) (fixed),13.807544_100.556474_oXIM4aYwUFpChNrJodp81A_300_2025-09.jpg,SAFE,None,0.62,0.62,0.0
phahon yothin rd (kampaengpetch-ratchayothin) (fixed),13.807563_100.556851_TL9IXrumubN5Ex0QP27W_g_119_2025-09.jpg,SAFE,None,0.0,0.0,0.0
phahon yothin rd (kampaengpetch-ratchayothin) (fixed),13.807623_100.556521_EXW0qALlCRm4fUHjHBCjjA_300_2025-09.jpg,SAFE,None,0.0,0.0,0.0
phahon yothin rd (kampaengpetch-ratchayothin) (fixed),13.807645_100.556856_YFd9fMKlIliJ4TDceRP1tg_119_2025-09.jpg,SAFE,None,4.39,4.39,0.0
phahon yothin rd (kampaengpetch-ratchayothin) (fixed),13.807703_100.556568_pcr9BrbT7q-BHbLKoyMVtg_300_2025-09.jpg,SAFE,None,1.45,1.45,0.0
phahon yothin rd (kampaengpetch-ratchayothin) (fixed),13.807726_100.556903_BQrIlckbknsYhpEISvB_vQ_119_2025-09.jpg,SAFE,None,3.37,3.37,0.0
phahon yothin rd (kampaengpetch-ratchayothin) (fixed),13.807783_100.556615_aQXjL5nOKv2GWxyrnFtUGA_300_2025-09.jpg,SAFE,None,0.0,0.0,0.0
phahon yothin rd (kampaengpetch-ratchayothin) (fixed),13.807806_100.556950__hK371h4a6Xfy5oZEuJUDw_119_2025-09.jpg,SAFE,None,2.74,2.74,0.0
phahon yothin rd (kampaengpetch-ratchayothin) (fixed),13.807862_100.556661_lusplRZU5CFIhdCTvAjjTw_300_2025-09.jpg,SAFE,None,3.97,3.97,0.0
phahon yothin rd (kampaengpetch-ratchayothin) (fixed),13.807937_100.557053_A46JUUAr-qfVuBBQjgYRlQ_118_2025-09.jpg,SAFE,None,3.86,1.28,2.58
phahon yothin rd (kampaengpetch-ratchayothin) (fixed),13.807942_100.556707_FUXatSvBwQzMSMHqOxzsCw_300_2025-09.jpg,SAFE,None,2.13,2.13,0.0
phahon yothin rd (kampaengpetch-ratchayothin) (fixed),13.808022_100.556754_aLm4WKsI2aGMt2Gz6L_7GQ_300_2025-09.jpg,SAFE,None,2.5,2.5,0.0
phahon yothin rd (kampaengpetch-ratchayothin) (fixed),13.808047_100.557118_koMh8BwPRyLUmDgrxgG3lg_120_2025-09.jpg,SAFE,None,1.37,1.37,0.0
phahon yothin rd (kampaengpetch-ratchayothin) (fixed),13.808102_100.556801_gcK6amGB9Y0DDAIJvdsvsg_300_2025-09.jpg,SAFE,None,0.0,0.0,0.0
phahon yothin rd (kampaengpetch-ratchayothin) (fixed),13.808121_100.557163_5tiAu_S0dufyvkSo79xRjg_118_2025-09.jpg,SAFE,None,1.09,1.09,0.0
phahon yothin rd (kampaengpetch-ratchayothin) (fixed),13.808182_100.556848_he7dx9f9I-NUDdkqSnogUQ_300_2025-09.jpg,SAFE,None,5.0,5.0,0.0
phahon yothin rd (kampaengpetch-ratchayothin) (fixed),13.808198_100.557209_HsgyT-0NcqQD9Kg0my0AdQ_118_2025-09.jpg,SAFE,None,1.42,1.42,0.0
phahon yothin rd (kampaengpetch-ratchayothin) (fixed),13.808261_100.556894_1fshbqEavqJ-VZPnnPOX9Q_300_2025-09.jpg,SAFE,None,3.65,3.65,0.0
phahon yothin rd (kampaengpetch-ratchayothin) (fixed),13.808277_100.557255_IlSgobB4w5aIahYc6t4GVw_118_2025-09.jpg,SAFE,None,0.0,0.0,0.0
phahon yothin rd (kampaengpetch-ratchayothin) (fixed),13.808341_100.556941_a82qIGvOaDp1mkpRE9qJow_300_2025-09.jpg,SAFE,None,0.0,0.0,0.0
phahon yothin rd (kampaengpetch-ratchayothin) (fixed),13.808356_100.557301_2iSApcrW8IKOhLZrq54cpg_120_2025-09.jpg,SAFE,None,2.17,2.17,0.0
phahon yothin rd (kampaengpetch-ratchayothin) (fixed),13.808421_100.556989_HWow1xcrQOhZ-esUAuiH5Q_300_2025-09.jpg,SAFE,None,0.0,0.0,0.0
phahon yothin rd (kampaengpetch-ratchayothin) (fixed),13.808435_100.557349_HPvWlfbyqa3n5Y_S8-jb4Q_120_2025-09.jpg,SAFE,None,0.0,0.0,0.0
phahon yothin rd (kampaengpetch-ratchayothin) (fixed),13.808500_100.557035_zo_oyNza1Hl3pfwEr4Qw8Q_300_2025-09.jpg,SAFE,None,3.82,3.82,0.0
phahon yothin rd (kampaengpetch-ratchayothin) (fixed),13.808513_100.557396_QVl3GBv-ovnZErBk25JnYg_120_2025-09.jpg,SAFE,None,14.97,8.32,6.65
phahon yothin rd (kampaengpetch-ratchayothin) (fixed),13.808581_100.557082_c18APn4u7V5ABCxQ7DbUCg_300_2025-09.jpg,SAFE,None,0.0,0.0,0.0
phahon yothin rd (kampaengpetch-ratchayothin) (fixed),13.808592_100.557443_TWRKDKgQ8fGAwXo5_Ib33A_120_2025-09.jpg,SAFE,None,5.19,5.19,0.0
phahon yothin rd (kampaengpetch-ratchayothin) (fixed),13.808662_100.557129_xfmCcb3j7DZ_y7kCATWg5A_300_2025-09.jpg,SAFE,None,12.47,12.47,0.0
phahon yothin rd (kampaengpetch-ratchayothin) (fixed),13.808712_100.557514_BYCrFJRv9aCW_fVyBDpjkg_120_2025-09.jpg,SAFE,None,2.04,2.04,0.0
phahon yothin rd (kampaengpetch-ratchayothin) (fixed),13.808743_100.557176_1XXZNycmFn_7BjNdmnnBcw_300_2025-09.jpg,SAFE,None,6.75,6.75,0.0
phahon yothin rd (kampaengpetch-ratchayothin) (fixed),13.808790_100.557560_ejvD-NdO6CLdXF94LHzMhQ_120_2025-09.jpg,SAFE,None,3.1,3.1,0.0
phahon yothin rd (kampaengpetch-ratchayothin) (fixed),13.808823_100.557223_4UJ7q44ulntEj5lBW_z4KA_300_2025-09.jpg,SAFE,None,6.91,6.91,0.0
phahon yothin rd (kampaengpetch-ratchayothin) (fixed),13.808869_100.557607_-vlGO3SxCQTQeSSUMTy6JA_120_2025-09.jpg,SAFE,None,4.82,0.0,4.82
phahon yothin rd (kampaengpetch-ratchayothin) (fixed),13.808903_100.557270_7e-hzXfz4MmYV687WR6uIg_300_2025-09.jpg,SAFE,None,13.34,13.34,0.0
phahon yothin rd (kampaengpetch-ratchayothin) (fixed),13.808983_100.557317_Tu5-Ism5oUWLqfNY48a3jA_300_2025-09.jpg,SAFE,None,0.0,0.0,0.0
phahon yothin rd (kampaengpetch-ratchayothin) (fixed),13.808986_100.557678_kSBDTr5rOofWZPwbTJLUTA_121_2025-09.jpg,SAFE,None,1.93,1.93,0.0
phahon yothin rd (kampaengpetch-ratchayothin) (fixed),13.809065_100.557725_1D1SSVvdC_HOZsksTiI3qw_122_2025-09.jpg,SAFE,None,0.94,0.94,0.0
phahon yothin rd (kampaengpetch-ratchayothin) (fixed),13.809102_100.557386_3MCPYWY2w9SzSZpQ4z6_jA_300_2025-09.jpg,SAFE,None,0.0,0.0,0.0
phahon yothin rd (kampaengpetch-ratchayothin) (fixed),13.809143_100.557773_-OhECESmwh-cdA8L-1UFqA_122_2025-09.jpg,SAFE,None,1.09,1.09,0.0
phahon yothin rd (kampaengpetch-ratchayothin) (fixed),13.809181_100.557432_uopt7TKd-8SLIQ7FmKnoXA_300_2025-09.jpg,SAFE,None,1.76,1.76,0.0
phahon yothin rd (kampaengpetch-ratchayothin) (fixed),13.809222_100.557819_cN1LpB6eYsB3I1a7eWbBDg_122_2025-09.jpg,SAFE,None,2.07,2.07,0.0
phahon yothin rd (kampaengpetch-ratchayothin) (fixed),13.809260_100.557478_Rxcp8hEhmagdfhjeYNXNWw_300_2025-09.jpg,SAFE,None,8.3,8.3,0.0
phahon yothin rd (kampaengpetch-ratchayothin) (fixed),13.809262_100.557842_3aHAKt7DKqeZbOghVUyP5w_122_2025-09.jpg,SAFE,None,6.36,6.36,0.0
phahon yothin rd (kampaengpetch-ratchayothin) (fixed),13.809339_100.557525_qtPejv_HLL37BFkkfX5jTQ_300_2025-09.jpg,SAFE,None,2.75,2.75,0.0
phahon yothin rd (kampaengpetch-ratchayothin) (fixed),13.809342_100.557888_j853nlPRA0yyckhlgfQY6w_122_2025-09.jpg,SAFE,None,5.32,5.32,0.0
phahon yothin rd (kampaengpetch-ratchayothin) (fixed),13.809417_100.557570_shqBLVtXXJ_D1GiNVXcMeg_300_2025-09.jpg,SAFE,None,3.69,3.69,0.0
phahon yothin rd (kampaengpetch-ratchayothin) (fixed),13.809422_100.557934_6r1G-Bpc6PP5SC3Q24UWVQ_122_2025-09.jpg,SAFE,None,4.64,4.64,0.0
phahon yothin rd (kampaengpetch-ratchayothin) (fixed),13.809497_100.557617_XbjohnR5diiQwurYJwWZ_Q_300_2025-09.jpg,SAFE,None,10.49,10.49,0.0
phahon yothin rd (kampaengpetch-ratchayothin) (fixed),13.809500_100.557980_nu0UjB4X73HUu6xh5ifPog_122_2025-09.jpg,SAFE,None,1.33,1.33,0.0
phahon yothin rd (kampaengpetch-ratchayothin) (fixed),13.809576_100.557663_37G_uUwjz2hO4rozSHcCYg_300_2025-09.jpg,SAFE,None,0.52,0.52,0.0
phahon yothin rd (kampaengpetch-ratchayothin) (fixed),13.809580_100.558028_EH81NNh2ARmq05fPvu6WgQ_121_2025-09.jpg,SAFE,None,0.71,0.71,0.0
phahon yothin rd (kampaengpetch-ratchayothin) (fixed),13.809655_100.557709_88a4sCgNPzaGjf6pjeQoJg_300_2025-09.jpg,SAFE,None,10.79,10.79,0.0
phahon yothin rd (kampaengpetch-ratchayothin) (fixed),13.809661_100.558074_v7C61BKqkqHC33Ibu4RHJA_120_2025-09.jpg,SAFE,None,1.65,1.65,0.0
phahon yothin rd (kampaengpetch-ratchayothin) (fixed),13.809733_100.557755_S2EdGieG2i0du145EZ_aGA_300_2025-09.jpg,SAFE,None,0.0,0.0,0.0
phahon yothin rd (kampaengpetch-ratchayothin) (fixed),13.809741_100.558120_AmT9YH0rT8X-kvOQgW8v3A_120_2025-09.jpg,SAFE,None,0.0,0.0,0.0
phahon yothin rd (kampaengpetch-ratchayothin) (fixed),13.809812_100.557802_F3XsPWhfSRmw2IUdUn2j9A_301_2025-09.jpg,SAFE,None,5.93,5.93,0.0
phahon yothin rd (kampaengpetch-ratchayothin) (fixed),13.809824_100.558167_fu65_0frtK3JX1syoz4fmQ_119_2025-09.jpg,SAFE,None,3.3,3.3,0.0
phahon yothin rd (kampaengpetch-ratchayothin) (fixed),13.809892_100.557849_XTqj6CMd1uMc6OKmQgqs5Q_300_2025-09.jpg,SAFE,None,0.0,0.0,0.0
phahon yothin rd (kampaengpetch-ratchayothin) (fixed),13.809905_100.558214_NbL0KD8CMtfILakKpIFSbA_118_2025-09.jpg,SAFE,None,6.3,6.3,0.0
phahon yothin rd (kampaengpetch-ratchayothin) (fixed),13.809932_100.557872_b1UMgoFupwiTOlVsb0tGNg_300_2025-09.jpg,SAFE,None,0.0,0.0,0.0
phahon yothin rd (kampaengpetch-ratchayothin) (fixed),13.809986_100.558261_2Z0VBtytzngDeM-WZK1p_w_118_2025-09.jpg,SAFE,None,0.0,0.0,0.0
phahon yothin rd (kampaengpetch-ratchayothin) (fixed),13.810013_100.557919_KYSK-uss89kUSi-48GmCqA_300_2025-09.jpg,SAFE,None,1.81,1.81,0.0
phahon yothin rd (kampaengpetch-ratchayothin) (fixed),13.810067_100.558309_rA35iVt70AZCRl2HvCjAeA_118_2025-09.jpg,SAFE,None,1.62,1.62,0.0
phahon yothin rd (kampaengpetch-ratchayothin) (fixed),13.810093_100.557965_cSwPBhHd-Omh-bkPjE_-nA_300_2025-09.jpg,SAFE,None,0.0,0.0,0.0
phahon yothin rd (kampaengpetch-ratchayothin) (fixed),13.810152_100.558358_o4lpCRKHROZEw18bLfEDIw_117_2022-01.jpg,SAFE,None,0.42,0.42,0.0
phahon yothin rd (kampaengpetch-ratchayothin) (fixed),13.810173_100.558011_k81zKpxTxK3fbe3Rhur8Ng_300_2025-09.jpg,SAFE,None,0.0,0.0,0.0
phahon yothin rd (kampaengpetch-ratchayothin) (fixed),13.810185_100.558378_LF3QZa3YRPorwZk3SP5aQg_117_2025-09.jpg,SAFE,None,0.83,0.83,0.0
phahon yothin rd (kampaengpetch-ratchayothin) (fixed),13.810252_100.558057_k6DwjSfDRyjk3eIOAaqCjA_300_2025-09.jpg,SAFE,None,2.67,2.67,0.0
phahon yothin rd (kampaengpetch-ratchayothin) (fixed),13.810265_100.558424_Bojky1GZ9wzvkhIuorOxkg_117_2025-09.jpg,SAFE,None,1.7,1.7,0.0
phahon yothin rd (kampaengpetch-ratchayothin) (fixed),13.810331_100.558104_-905kozbGn-zjFvicbTrvA_300_2025-09.jpg,SAFE,None,0.0,0.0,0.0
phahon yothin rd (kampaengpetch-ratchayothin) (fixed),13.810348_100.558472_WurEwhX3ZdCs4u8hK0uWSQ_117_2025-09.jpg,SAFE,None,2.04,2.04,0.0
phahon yothin rd (kampaengpetch-ratchayothin) (fixed),13.810411_100.558150_Gf0-l1HRSa3BvOBFUaU1PA_300_2025-09.jpg,SAFE,None,0.0,0.0,0.0
phahon yothin rd (kampaengpetch-ratchayothin) (fixed),13.810429_100.558518_Szdf_juVRNN5lCE-zI_hdQ_117_2025-09.jpg,SAFE,None,3.31,3.31,0.0
phahon yothin rd (kampaengpetch-ratchayothin) (fixed),13.810490_100.558196_ROQuS3Vp2v8BwSkhVe7tDw_300_2025-09.jpg,SAFE,None,4.1,4.1,0.0
phahon yothin rd (kampaengpetch-ratchayothin) (fixed),13.810548_100.558586_zpiVHhi6-A6_UMJwkghPWA_117_2025-09.jpg,SAFE,None,2.5,2.5,0.0
phahon yothin rd (kampaengpetch-ratchayothin) (fixed),13.810569_100.558243_jEaryh_DhiwUHuD3bYtPyg_300_2025-09.jpg,SAFE,None,4.78,4.78,0.0
phahon yothin rd (kampaengpetch-ratchayothin) (fixed),13.810628_100.558632_zJAPXvvTs1SXybwhUjXlGw_117_2025-09.jpg,SAFE,None,1.89,1.89,0.0
phahon yothin rd (kampaengpetch-ratchayothin) (fixed),13.810647_100.558288_Co4f5y0fcx6NgCL49dwfUA_300_2025-09.jpg,SAFE,None,1.36,1.36,0.0
phahon yothin rd (kampaengpetch-ratchayothin) (fixed),13.810709_100.558676_adX5sGCDew8ukZk1IojTNQ_117_2025-09.jpg,SAFE,None,4.41,4.41,0.0
phahon yothin rd (kampaengpetch-ratchayothin) (fixed),13.810726_100.558333_yCzNzLbvskcZqwLvqsvo0Q_300_2025-09.jpg,SAFE,None,5.62,5.62,0.0
phahon yothin rd (kampaengpetch-ratchayothin) (fixed),13.810762_100.558722_eB5epfXNv9S1h9hjrdCVTA_117_2024-07.jpg,SAFE,None,0.0,0.0,0.0
phahon yothin rd (kampaengpetch-ratchayothin) (fixed),13.810803_100.558378_4CNRQjFW-K-djTA5Eex_0w_300_2025-09.jpg,SAFE,None,2.66,2.66,0.0
phahon yothin rd (kampaengpetch-ratchayothin) (fixed),13.810844_100.558776_lx-KQ0NjsfAp9iJqd4zLrg_117_2024-07.jpg,SAFE,None,13.96,13.96,0.0
phahon yothin rd (kampaengpetch-ratchayothin) (fixed),13.810880_100.558424_Y1Gzbh7PC8eyWe6Oymdm_Q_300_2025-09.jpg,SAFE,None,0.32,0.32,0.0
phahon yothin rd (kampaengpetch-ratchayothin) (fixed),13.810956_100.558805_MswVkJ_tZTlYLmtGWbYrdw_118_2025-09.jpg,SAFE,None,1.11,1.11,0.0
phahon yothin rd (kampaengpetch-ratchayothin) (fixed),13.810960_100.558471_fiN3Z449-zNhLTPpxV5iGA_300_2025-09.jpg,SAFE,None,1.46,1.46,0.0
phahon yothin rd (kampaengpetch-ratchayothin) (fixed),13.811037_100.558850_F3OYP8KzNBxWw9MHJsVEyA_120_2025-09.jpg,SAFE,None,2.4,2.4,0.0
phahon yothin rd (kampaengpetch-ratchayothin) (fixed),13.811039_100.558518_Phn0LDeamJrunRmXSzrpxg_300_2025-09.jpg,SAFE,None,2.57,2.57,0.0
phahon yothin rd (kampaengpetch-ratchayothin) (fixed),13.811118_100.558565_GyO-92gm0Egv21cxzSP_cw_300_2025-09.jpg,SAFE,None,2.92,2.92,0.0
phahon yothin rd (kampaengpetch-ratchayothin) (fixed),13.811198_100.558611_0HWTw9WKdPEZE85bpGwpIQ_300_2025-09.jpg,SAFE,None,4.89,4.89,0.0
phahon yothin rd (kampaengpetch-ratchayothin) (fixed),13.811278_100.558657_9ih1j4AR9q1kF52d5CGiqg_299_2025-09.jpg,SAFE,None,2.92,2.92,0.0
phahon yothin rd (kampaengpetch-ratchayothin) (fixed),13.811360_100.558702_6FxWt5H8mvp1ZKjs1be6-w_297_2025-09.jpg,CRITICAL,SURFACE DAMAGE,37.47,0.0,37.47
phahon yothin rd (kampaengpetch-ratchayothin) (fixed),13.811446_100.558741_Jt9H4ENSmy_3K44u1gQ8yw_292_2025-09.jpg,SAFE,None,2.59,2.59,0.0
phahon yothin rd (kampaengpetch-ratchayothin) (fixed),13.811488_100.558757_4DzDi57ACCbJRG8TU45SHw_291_2025-09.jpg,SAFE,None,0.0,0.0,0.0
phahon yothin rd (kampaengpetch-ratchayothin) (fixed),13.811575_100.558787_r83X8dp6iWkqckG4kKx62w_287_2025-09.jpg,SAFE,None,0.88,0.88,0.0
phahon yothin rd (kampaengpetch-ratchayothin) (fixed),13.811692_100.558815_1_1DnU4jhFtftOUODB3q1g_281_2025-09.jpg,SAFE,None,5.72,5.72,0.0
phahon yothin rd (kampaengpetch-ratchayothin) (fixed),13.811775_100.558828_NCrVEkUbCXD7WrNAj8MUOw_277_2025-09.jpg,SAFE,None,1.4,1.4,0.0
phahon yothin rd (kampaengpetch-ratchayothin) (fixed),13.811879_100.558832_pfx050JPUVKIV85JZwWmtg_269_2025-09.jpg,SAFE,None,8.5,2.52,5.99
phahon yothin rd (kampaengpetch-ratchayothin) (fixed),13.813902_100.560491_HYZ7mh2tL-FKb1FDOZBerQ_122_2024-11.jpg,SAFE,None,0.0,0.0,0.0
phahon yothin rd (kampaengpetch-ratchayothin) (fixed),13.813978_100.560541_yYdy9VxdYLjrrc58blO2qA_122_2024-11.jpg,SAFE,None,0.0,0.0,0.0
phahon yothin rd (kampaengpetch-ratchayothin) (fixed),13.814057_100.560592_y0SPsr33jGpcKYGQsrmwAQ_122_2024-11.jpg,SAFE,None,0.0,0.0,0.0
phahon yothin rd (kampaengpetch-ratchayothin) (fixed),13.814138_100.560644_QGyguSSM6_F6WPaFn9oEIA_121_2024-11.jpg,SAFE,None,0.0,0.0,0.0
phahon yothin rd (kampaengpetch-ratchayothin) (fixed),13.814223_100.560698_MheCvO3IhtcIIvc37_WhbA_122_2024-11.jpg,SAFE,None,0.0,0.0,0.0
phahon yothin rd (kampaengpetch-ratchayothin) (fixed),13.814263_100.560723_H0mRfbvslYF68X8O67jAlw_121_2024-11.jpg,SAFE,None,0.0,0.0,0.0
phahon yothin rd (kampaengpetch-ratchayothin) (fixed),13.814341_100.560773_42u8FpMPu0K58pnwSH4LCg_121_2024-11.jpg,SAFE,None,0.0,0.0,0.0
phahon yothin rd (kampaengpetch-ratchayothin) (fixed),13.814425_100.560827_KVsykb8ESdzonuDc8OZTww_121_2024-11.jpg,SAFE,None,0.0,0.0,0.0
phahon yothin rd (kampaengpetch-ratchayothin) (fixed),13.814507_100.560878_RvSjssQumRgJcJ4PoL6LlA_121_2024-11.jpg,SAFE,None,0.0,0.0,0.0
phahon yothin rd (kampaengpetch-ratchayothin) (fixed),13.814547_100.560902_XwaQKXR440nH6QooKAYPqg_120_2024-11.jpg,WARNING,OBSTACLE,21.08,21.08,0.0
phahon yothin rd (kampaengpetch-ratchayothin) (fixed),13.814619_100.560944_QXP3jWzIvdBV7BVLRTdulQ_120_2024-11.jpg,SAFE,None,0.0,0.0,0.0
phahon yothin rd (kampaengpetch-ratchayothin) (fixed),13.814667_100.560992_KDy3UDZae4cyWwen7OPx_A_120_2021-06.jpg,SAFE,None,13.39,13.39,0.0
phahon yothin rd (kampaengpetch-ratchayothin) (fixed),13.814741_100.561014_Oo0Xt8Sidh5fh19_ecVbbA_120_2024-11.jpg,SAFE,None,1.2,1.2,0.0
phahon yothin rd (kampaengpetch-ratchayothin) (fixed),13.814810_100.560867_KgfW84eqT2yp4SUOCgMt7A_302_2024-11.jpg,SAFE,None,2.23,2.23,0.0
phahon yothin rd (kampaengpetch-ratchayothin) (fixed),13.814819_100.561060_FIFoY1QYwvqq0DdDFJCc9Q_120_2024-11.jpg,SAFE,None,2.31,2.31,0.0
phahon yothin rd (kampaengpetch-ratchayothin) (fixed),13.814891_100.560911_qTU21408SpJ3VcZWtutL0A_300_2024-11.jpg,SAFE,None,0.0,0.0,0.0
phahon yothin rd (kampaengpetch-ratchayothin) (fixed),13.814898_100.561107_NaYOtoS-fEheh7kIdMqy4g_120_2024-11.jpg,SAFE,None,2.26,2.26,0.0
phahon yothin rd (kampaengpetch-ratchayothin) (fixed),13.814973_100.560954_b35-DaM5sEAHBmN-rwrIfA_300_2024-11.jpg,SAFE,None,0.0,0.0,0.0
phahon yothin rd (kampaengpetch-ratchayothin) (fixed),13.814976_100.561149_En3lePhBtazR-xiqbEuGyQ_119_2024-11.jpg,SAFE,None,0.0,0.0,0.0
phahon yothin rd (kampaengpetch-ratchayothin) (fixed),13.815052_100.561193_CVgZqXVOS-uet7H3rMVQuA_120_2024-11.jpg,SAFE,None,0.0,0.0,0.0
phahon yothin rd (kampaengpetch-ratchayothin) (fixed),13.815056_100.560998_-a9tshlBsH83eRO8uTXtRQ_300_2024-11.jpg,SAFE,None,1.13,1.13,0.0
phahon yothin rd (kampaengpetch-ratchayothin) (fixed),13.815128_100.561238_9qXwjRr7a0Q5nXm7TcSFIg_120_2024-11.jpg,SAFE,None,0.0,0.0,0.0
phahon yothin rd (kampaengpetch-ratchayothin) (fixed),13.815135_100.561043_9E6vyM3SHomWP1jBmsAURg_300_2024-11.jpg,SAFE,None,0.0,0.0,0.0
phahon yothin rd (kampaengpetch-ratchayothin) (fixed),13.815207_100.561285_--yxS7Go28x4DSaGlyf-NQ_120_2024-11.jpg,SAFE,None,0.0,0.0,0.0
phahon yothin rd (kampaengpetch-ratchayothin) (fixed),13.815214_100.561089_iJFQpd5rvDL4ejo78C6HkA_300_2024-11.jpg,SAFE,None,0.0,0.0,0.0
phahon yothin rd (kampaengpetch-ratchayothin) (fixed),13.815285_100.561331_V8H8UsqKjoSmgZCP52DFCQ_120_2024-11.jpg,SAFE,None,0.0,0.0,0.0
phahon yothin rd (kampaengpetch-ratchayothin) (fixed),13.815294_100.561136_Ij1bOhK-DbH8PBYF9au7yw_300_2024-11.jpg,SAFE,None,0.0,0.0,0.0
phahon yothin rd (kampaengpetch-ratchayothin) (fixed),13.815365_100.561378_cZ5d3CTQZSE1ewH1y6dMMQ_120_2024-11.jpg,SAFE,None,0.0,0.0,0.0
phahon yothin rd (kampaengpetch-ratchayothin) (fixed),13.815375_100.561182_Q0Z7h_AfEC4eO3AoJJAkJw_300_2024-11.jpg,SAFE,None,0.0,0.0,0.0
phahon yothin rd (kampaengpetch-ratchayothin) (fixed),13.815444_100.561424_yAMesTjTIgwMYAAkGyOHJg_120_2024-11.jpg,SAFE,None,0.56,0.56,0.0
phahon yothin rd (kampaengpetch-ratchayothin) (fixed),13.815456_100.561230_wR37id_mVVL4hfuyetsgyA_300_2024-11.jpg,SAFE,None,0.0,0.0,0.0
phahon yothin rd (kampaengpetch-ratchayothin) (fixed),13.815525_100.561472_L6xAKEgW3VFMt5nQyO7OlA_120_2024-11.jpg,SAFE,None,4.17,4.17,0.0
phahon yothin rd (kampaengpetch-ratchayothin) (fixed),13.815536_100.561277_zKFhZmqkFzC6PJDDJfBW6g_300_2024-11.jpg,SAFE,None,0.0,0.0,0.0
phahon yothin rd (kampaengpetch-ratchayothin) (fixed),13.815606_100.561521_3raA9uHkexcNi0FSqEwKOQ_120_2024-11.jpg,SAFE,None,9.58,9.58,0.0
phahon yothin rd (kampaengpetch-ratchayothin) (fixed),13.815616_100.561324_Zuj8bclsXn_AgGfPctzq4Q_300_2024-11.jpg,SAFE,None,0.0,0.0,0.0
phahon yothin rd (kampaengpetch-ratchayothin) (fixed),13.815687_100.561570_C-AtYvrznN6MW0gIqK3NxQ_120_2024-11.jpg,SAFE,None,7.68,7.68,0.0
phahon yothin rd (kampaengpetch-ratchayothin) (fixed),13.815694_100.561371_FGfRUoyb3SJWLsU83JVsog_300_2024-11.jpg,SAFE,None,0.0,0.0,0.0
phahon yothin rd (kampaengpetch-ratchayothin) (fixed),13.815768_100.561619_LJvxxeBG1u_B-Syfm4fTFw_120_2024-11.jpg,SAFE,None,4.88,4.88,0.0
phahon yothin rd (kampaengpetch-ratchayothin) (fixed),13.815774_100.561418_6rRAyxQ5oeLvP5rozh-8Rg_300_2024-11.jpg,SAFE,None,10.49,10.49,0.0
phahon yothin rd (kampaengpetch-ratchayothin) (fixed),13.815850_100.561672_LZca0RtGnrSI9t2eavHI7w_124_2024-11.jpg,WARNING,OBSTACLE,24.54,24.54,0.0
phahon yothin rd (kampaengpetch-ratchayothin) (fixed),13.815855_100.561466_2cM0cREaj_XN0Pz5kQL6Mw_300_2024-11.jpg,SAFE,None,0.0,0.0,0.0
phahon yothin rd (kampaengpetch-ratchayothin) (fixed),13.815936_100.561514_OXNBBj2XWVQM_ynQ7KXP7Q_300_2024-11.jpg,SAFE,None,0.0,0.0,0.0
phahon yothin rd (kampaengpetch-ratchayothin) (fixed),13.815957_100.561754_Nd_R_yRX5kBuiJEdyZmbdA_120_2024-11.jpg,SAFE,None,0.0,0.0,0.0
phahon yothin rd (kampaengpetch-ratchayothin) (fixed),13.816018_100.561562_q3YEIyj8rqcbhYr_McSqag_300_2024-11.jpg,CRITICAL,OBSTACLE,37.03,37.03,0.0
phahon yothin rd (kampaengpetch-ratchayothin) (fixed),13.816054_100.561808_Z7kDHP3hGE1jWqkgVSG12w_120_2024-11.jpg,SAFE,None,5.13,5.13,0.0
phahon yothin rd (kampaengpetch-ratchayothin) (fixed),13.816058_100.561585_Ck-Tiyv4b3r5PQSdKco5NA_300_2024-11.jpg,SAFE,None,0.0,0.0,0.0
phahon yothin rd (kampaengpetch-ratchayothin) (fixed),13.816130_100.561853_jI-eE0N8RI795dIodZP--g_120_2024-11.jpg,SAFE,None,0.21,0.21,0.0
phahon yothin rd (kampaengpetch-ratchayothin) (fixed),13.816138_100.561632_eIJAQ-vd1pNVuCUmHiSp8w_300_2024-11.jpg,SAFE,None,0.0,0.0,0.0
phahon yothin rd (kampaengpetch-ratchayothin) (fixed),13.816204_100.561896_qJ_LkI8C6ZQ8rqV7ev0XUw_120_2024-11.jpg,SAFE,None,2.82,2.82,0.0
phahon yothin rd (kampaengpetch-ratchayothin) (fixed),13.816218_100.561678_RFwJRBwCpAFC1bULA3l6iA_300_2024-11.jpg,SAFE,None,0.0,0.0,0.0
phahon yothin rd (kampaengpetch-ratchayothin) (fixed),13.816280_100.561940_-D6fBVbhzhCRGWjgpgcX9Q_120_2024-11.jpg,SAFE,None,2.11,2.11,0.0
phahon yothin rd (kampaengpetch-ratchayothin) (fixed),13.816297_100.561723_XDGfrpEpVg7sH9QU2OmLRQ_300_2024-11.jpg,SAFE,None,0.0,0.0,0.0
phahon yothin rd (kampaengpetch-ratchayothin) (fixed),13.816337_100.561966_863US0RNWvOHDzuuEXAVVA_120_2022-01.jpg,SAFE,None,3.59,3.59,0.0
phahon yothin rd (kampaengpetch-ratchayothin) (fixed),13.816374_100.561769_g4EfRJ0Iv3hyUgoHKmxShg_300_2024-11.jpg,SAFE,None,0.0,0.0,0.0
phahon yothin rd (kampaengpetch-ratchayothin) (fixed),13.816434_100.562030_0YC-PiRbigIiQtmbmS9NBg_120_2024-11.jpg,SAFE,None,2.03,2.03,0.0
phahon yothin rd (kampaengpetch-ratchayothin) (fixed),13.816454_100.561816_LEs2qn4UF9GT7saKtg3NeQ_300_2024-11.jpg,SAFE,None,0.0,0.0,0.0
phahon yothin rd (kampaengpetch-ratchayothin) (fixed),13.816514_100.562079_Pm520vw2Y5G_V4iUx0xcIg_120_2024-11.jpg,SAFE,None,0.0,0.0,0.0
phahon yothin rd (kampaengpetch-ratchayothin) (fixed),13.816531_100.561861_ux_kH-KHq-gtMFMKpQKAjA_300_2024-11.jpg,SAFE,None,0.0,0.0,0.0
phahon yothin rd (kampaengpetch-ratchayothin) (fixed),13.816606_100.561906_C1hznhxfDSAsXl0wwmsOOQ_300_2024-11.jpg,SAFE,None,0.0,0.0,0.0
phahon yothin rd (kampaengpetch-ratchayothin) (fixed),13.816634_100.562145_WIwlsoOBxWoSgYcK7YebGw_120_2024-11.jpg,SAFE,None,0.48,0.48,0.0
phahon yothin rd (kampaengpetch-ratchayothin) (fixed),13.816645_100.561929_v563_c5uCCYtv6LKq9eiYQ_300_2024-11.jpg,SAFE,None,0.0,0.0,0.0
phahon yothin rd (kampaengpetch-ratchayothin) (fixed),13.816712_100.562194_ilwfI1r0UODKQxdHuuuPDg_120_2024-11.jpg,SAFE,None,2.19,2.19,0.0
phahon yothin rd (kampaengpetch-ratchayothin) (fixed),13.816727_100.561975_Lq5evH80PnBb7ie68yoytw_300_2024-11.jpg,SAFE,None,3.73,3.73,0.0
phahon yothin rd (kampaengpetch-ratchayothin) (fixed),13.816791_100.562239_Znj34kNqqrxZQyeTKoO_3w_120_2024-11.jpg,SAFE,None,2.08,2.08,0.0
phahon yothin rd (kampaengpetch-ratchayothin) (fixed),13.816806_100.562021_-j-GyPsMTN3ymF9MW5XtLA_300_2024-11.jpg,SAFE,None,3.96,3.96,0.0
phahon yothin rd (kampaengpetch-ratchayothin) (fixed),13.816872_100.562284_hAG9BIL4M2JF86JfdFjLlw_120_2024-11.jpg,SAFE,None,10.21,10.21,0.0
phahon yothin rd (kampaengpetch-ratchayothin) (fixed),13.816884_100.562064_i4DXFTVRMs953o696YPmSg_300_2024-11.jpg,SAFE,None,1.92,1.92,0.0
phahon yothin rd (kampaengpetch-ratchayothin) (fixed),13.816932_100.562317__2futTPhzGiseKXKgZCsow_119_2024-11.jpg,WARNING,OBSTACLE,25.84,25.84,0.0
phahon yothin rd (kampaengpetch-ratchayothin) (fixed),13.816961_100.562110_o5BFh7T7cGcm9Zm0XN4o3Q_298_2024-11.jpg,SAFE,None,0.0,0.0,0.0
phahon yothin rd (kampaengpetch-ratchayothin) (fixed),13.816993_100.562356_PuUT-xkiAFEvnJc17ZT5bg_120_2024-11.jpg,SAFE,None,3.73,3.73,0.0
phahon yothin rd (kampaengpetch-ratchayothin) (fixed),13.817037_100.562155_aD5di8z7EdZjqRZXz9piBQ_298_2024-11.jpg,SAFE,None,0.94,0.94,0.0
phahon yothin rd (kampaengpetch-ratchayothin) (fixed),13.817072_100.562403_WwDdotsvCobS6wocN2NQtA_120_2024-11.jpg,SAFE,None,6.24,6.24,0.0
phahon yothin rd (kampaengpetch-ratchayothin) (fixed),13.817114_100.562200_5yolioChpSqiyq5Dv02mNQ_298_2024-11.jpg,SAFE,None,0.33,0.33,0.0
phahon yothin rd (kampaengpetch-ratchayothin) (fixed),13.817152_100.562452_upiqdpeCnxdQffR-PTF37A_120_2024-11.jpg,SAFE,None,0.0,0.0,0.0
phahon yothin rd (kampaengpetch-ratchayothin) (fixed),13.817193_100.562246_la4esZKpl039VEq9Qv9xjg_298_2024-11.jpg,SAFE,None,0.0,0.0,0.0
phahon yothin rd (kampaengpetch-ratchayothin) (fixed),13.817235_100.562500_oPLzDD8yJ4cXgAktQi24_A_120_2024-11.jpg,SAFE,None,0.0,0.0,0.0
phahon yothin rd (kampaengpetch-ratchayothin) (fixed),13.817264_100.562288_SIBtXn1s58sZ3EAdb6kUFg_298_2024-11.jpg,SAFE,None,0.29,0.29,0.0
phahon yothin rd (kampaengpetch-ratchayothin) (fixed),13.817319_100.562550_7b-I0bxHwRvSBgKRNCjqfw_120_2024-11.jpg,SAFE,None,2.43,2.43,0.0
phahon yothin rd (kampaengpetch-ratchayothin) (fixed),13.817343_100.562334_6m7ImQMNh5nPyhvMg9Qyeg_298_2024-11.jpg,SAFE,None,0.0,0.0,0.0
phahon yothin rd (kampaengpetch-ratchayothin) (fixed),13.817398_100.562597_2OkNT8V1erUgikaKFIvdZA_120_2024-11.jpg,SAFE,None,2.18,2.18,0.0
phahon yothin rd (kampaengpetch-ratchayothin) (fixed),13.817427_100.562392_hKXN7J-ACyjoen3q1iQCyA_299_2024-11.jpg,SAFE,None,0.0,0.0,0.0
phahon yothin rd (kampaengpetch-ratchayothin) (fixed),13.817475_100.562410_UfWQk5GQv2uSJ7fM4BQBKw_299_2025-09.jpg,SAFE,None,0.0,0.0,0.0
phahon yothin rd (kampaengpetch-ratchayothin) (fixed),13.817495_100.562654_HK-DJhmgWTPYcZ0JX_tDgg_120_2024-11.jpg,SAFE,None,0.0,0.0,0.0
phahon yothin rd (kampaengpetch-ratchayothin) (fixed),13.817556_100.562475_c28h9lXn-3F8irS0QXM6Gw_299_2025-09.jpg,WARNING,OBSTACLE,22.17,22.17,0.0
phahon yothin rd (kampaengpetch-ratchayothin) (fixed),13.817606_100.562725_kH8lqVoFgL32qjEr5w1LXw_120_2024-11.jpg,SAFE,None,0.0,0.0,0.0
phahon yothin rd (kampaengpetch-ratchayothin) (fixed),13.817639_100.562531_Eynjm-9BlgGQAIzqMXfvxQ_299_2025-09.jpg,SAFE,None,7.42,4.8,2.61
phahon yothin rd (kampaengpetch-ratchayothin) (fixed),13.817669_100.562758_lpSQDq1qflMcmGV0KQA5MQ_120_2024-11.jpg,SAFE,None,3.66,3.66,0.0
phahon yothin rd (kampaengpetch-ratchayothin) (fixed),13.817723_100.562580_jd_4yrOMTLKsUzltfB04Gw_299_2025-09.jpg,SAFE,None,12.33,12.33,0.0
phahon yothin rd (kampaengpetch-ratchayothin) (fixed),13.817746_100.562804_D00u5kPnPx29aS4ZnKO4Zg_120_2024-11.jpg,SAFE,None,8.95,8.95,0.0
phahon yothin rd (kampaengpetch-ratchayothin) (fixed),13.817806_100.562628_wkHJRsLRpuyPA9aSHOzeCw_299_2025-09.jpg,SAFE,None,0.0,0.0,0.0
phahon yothin rd (kampaengpetch-ratchayothin) (fixed),13.817824_100.562852_jO9swjC7dgXt_2zJbXRpeg_120_2024-11.jpg,SAFE,None,8.48,8.48,0.0
phahon yothin rd (kampaengpetch-ratchayothin) (fixed),13.817890_100.562677_JwnhokmA-eIVMQvjf3BHLA_299_2025-09.jpg,SAFE,None,3.29,3.29,0.0
phahon yothin rd (kampaengpetch-ratchayothin) (fixed),13.817941_100.562921_OzZPiQKBRVBuLYEZEAJRjA_120_2024-11.jpg,WARNING,OBSTACLE,22.38,22.38,0.0
phahon yothin rd (kampaengpetch-ratchayothin) (fixed),13.817972_100.562726_mt2A1SK8wfUTNyanyT_p-Q_299_2025-09.jpg,SAFE,None,1.96,0.0,1.96
phahon yothin rd (kampaengpetch-ratchayothin) (fixed),13.817980_100.562945_kijfZQpS7jvMc1FmxXyp1A_120_2024-11.jpg,SAFE,None,0.0,0.0,0.0
phahon yothin rd (kampaengpetch-ratchayothin) (fixed),13.818052_100.562774_nIBb-3-CuvhmH9Sn0lKrzQ_299_2025-09.jpg,SAFE,None,10.46,0.96,9.5
phahon yothin rd (kampaengpetch-ratchayothin) (fixed),13.818060_100.562991_pGEpywgdJaDZrGqRMZ-Vpw_120_2024-11.jpg,SAFE,None,4.56,4.56,0.0
phahon yothin rd (kampaengpetch-ratchayothin) (fixed),13.818131_100.562823_M-OQFe-XYhjimumy9RxfPA_299_2025-09.jpg,SAFE,None,6.87,4.61,2.25
phahon yothin rd (kampaengpetch-ratchayothin) (fixed),13.818140_100.563037_jTBKuzRgIBmAEMNQnZJEQw_120_2024-11.jpg,WARNING,OBSTACLE,22.67,22.67,0.0
phahon yothin rd (kampaengpetch-ratchayothin) (fixed),13.818212_100.562871_McHMjqk12TOi-O9xGB-oPw_299_2025-09.jpg,SAFE,None,16.71,3.01,13.69
phahon yothin rd (kampaengpetch-ratchayothin) (fixed),13.818220_100.563084_S_FlFy9cUgYnY_SZSHUj2Q_120_2024-11.jpg,SAFE,None,0.0,0.0,0.0
phahon yothin rd (kampaengpetch-ratchayothin) (fixed),13.818292_100.562919_ybr0lOQ2ahoSLIQtXfnhJA_299_2025-09.jpg,CRITICAL,OBSTACLE,66.35,64.44,1.91
phahon yothin rd (kampaengpetch-ratchayothin) (fixed),13.818299_100.563130_uFivGPJFjYzZlXuY1A_W1w_120_2024-11.jpg,SAFE,None,4.39,0.0,4.39
phahon yothin rd (kampaengpetch-ratchayothin) (fixed),13.818373_100.562965_ceNuYkBAGi4996YWJZPcfA_299_2025-09.jpg,SAFE,None,0.0,0.0,0.0
phahon yothin rd (kampaengpetch-ratchayothin) (fixed),13.818379_100.563177_Jy-4nqJrB1BSxOvvhF6L6g_119_2024-11.jpg,SAFE,None,0.97,0.97,0.0
phahon yothin rd (kampaengpetch-ratchayothin) (fixed),13.818452_100.563011_jvLjYJIb9ymkcVnCh5F31g_299_2025-09.jpg,WARNING,SURFACE DAMAGE,26.5,12.47,14.02
phahon yothin rd (kampaengpetch-ratchayothin) (fixed),13.818460_100.563224_uWuwtDO4MZXDcrmbZhAu-w_119_2024-11.jpg,SAFE,None,0.0,0.0,0.0
phahon yothin rd (kampaengpetch-ratchayothin) (fixed),13.818532_100.563058_YaJ_7edg5yxHeMnEd8_vYg_299_2025-09.jpg,WARNING,OBSTACLE,24.34,24.34,0.0
phahon yothin rd (kampaengpetch-ratchayothin) (fixed),13.818581_100.563296_YNQcRBH0HqSzb7hYWzGBdg_119_2024-11.jpg,SAFE,None,0.0,0.0,0.0
phahon yothin rd (kampaengpetch-ratchayothin) (fixed),13.818611_100.563105_QTpUweLrIXnqoc95rNKjvQ_299_2025-09.jpg,CRITICAL,SURFACE DAMAGE,47.3,14.33,32.97
phahon yothin rd (kampaengpetch-ratchayothin) (fixed),13.818663_100.563344_g6m6qE6x90r72X3N2Bv6oA_121_2024-11.jpg,SAFE,None,0.0,0.0,0.0
phahon yothin rd (kampaengpetch-ratchayothin) (fixed),13.818691_100.563152_ZnbJbQTZYv86JC2d7cF-Fw_299_2025-09.jpg,CRITICAL,BOTH,94.49,20.22,74.27
phahon yothin rd (kampaengpetch-ratchayothin) (fixed),13.818742_100.563393_JANmVckjgUYa2p6wSoxYdg_120_2024-11.jpg,SAFE,None,0.0,0.0,0.0
phahon yothin rd (kampaengpetch-ratchayothin) (fixed),13.818770_100.563198_Z_YxHAFtcA8HD0qyBb0lnQ_299_2025-09.jpg,CRITICAL,BOTH,105.8,24.07,81.72
phahon yothin rd (kampaengpetch-ratchayothin) (fixed),13.818824_100.563441_t0j3VspuvAlHwHUKOafxiA_119_2024-11.jpg,SAFE,None,0.7,0.7,0.0
phahon yothin rd (kampaengpetch-ratchayothin) (fixed),13.818848_100.563244_KQsGF-P_hhkqx1IqPJou1g_300_2025-09.jpg,SAFE,None,5.64,3.47,2.18
phahon yothin rd (kampaengpetch-ratchayothin) (fixed),13.818907_100.563487_pfSz6KG2oU04rfO9mzjoTw_119_2024-11.jpg,SAFE,None,0.0,0.0,0.0
phahon yothin rd (kampaengpetch-ratchayothin) (fixed),13.818929_100.563291_JyVlF-TRTCKXKU2ssuUi5w_301_2025-09.jpg,SAFE,None,17.69,0.0,17.69
phahon yothin rd (kampaengpetch-ratchayothin) (fixed),13.818986_100.563533_ZN8uPinGegCxsZv7j1-QYQ_119_2024-11.jpg,SAFE,None,0.0,0.0,0.0
phahon yothin rd (kampaengpetch-ratchayothin) (fixed),13.819008_100.563338_aoD5PkSgfV2bJQJ0llgMgQ_301_2025-09.jpg,CRITICAL,SURFACE DAMAGE,66.02,14.4,51.62
phahon yothin rd (kampaengpetch-ratchayothin) (fixed),13.819037_100.563567_KnRcgVpiuilQt7b_mkFkwQ_120_2024-11.jpg,SAFE,None,0.0,0.0,0.0
phahon yothin rd (kampaengpetch-ratchayothin) (fixed),13.819086_100.563384_2Weimya3JBQSkv5HccP2yw_301_2024-01.jpg,WARNING,OBSTACLE,27.57,27.57,0.0
phahon yothin rd (kampaengpetch-ratchayothin) (fixed),13.819107_100.563605_tezYPs8RqNfvbNFNx74EHQ_120_2024-11.jpg,SAFE,None,0.0,0.0,0.0
phahon yothin rd (kampaengpetch-ratchayothin) (fixed),13.819124_100.563406_RmuJhQZvBRTKZmb5QdEwcg_301_2025-09.jpg,CRITICAL,OBSTACLE,43.22,43.22,0.0
phahon yothin rd (kampaengpetch-ratchayothin) (fixed),13.819183_100.563649_btl01cGr4So4X_oVKqmUmw_120_2024-11.jpg,SAFE,None,1.31,1.31,0.0
phahon yothin rd (kampaengpetch-ratchayothin) (fixed),13.819198_100.563450_Eij51PpQEUi1tWjgRTjqCw_301_2025-09.jpg,CRITICAL,OBSTACLE,77.57,63.31,14.26
phahon yothin rd (kampaengpetch-ratchayothin) (fixed),13.819257_100.563694_VXybFmjBIegBinUUvjsy1Q_120_2024-11.jpg,SAFE,None,19.24,7.29,11.96
phahon yothin rd (kampaengpetch-ratchayothin) (fixed),13.819269_100.563492_reLPcSlB86TFZPRxxlOpZw_301_2025-09.jpg,SAFE,None,0.32,0.32,0.0
phahon yothin rd (kampaengpetch-ratchayothin) (fixed),13.819334_100.563739_EyaNCAgip0TQRQ_IInAmQw_120_2024-11.jpg,SAFE,None,12.2,1.41,10.79
phahon yothin rd (kampaengpetch-ratchayothin) (fixed),13.819336_100.563531_hz2ad19Bx2DYW4wS9_iLEA_301_2025-09.jpg,SAFE,None,17.54,7.74,9.8
phahon yothin rd (kampaengpetch-ratchayothin) (fixed),13.819411_100.563785_DYCk5OjWkYqr7PtHM4sLQw_120_2024-11.jpg,SAFE,None,0.0,0.0,0.0
phahon yothin rd (kampaengpetch-ratchayothin) (fixed),13.819425_100.563584_1VA5o5iOIOWm-o-d4XCxow_301_2025-09.jpg,SAFE,None,15.15,1.22,13.93
phahon yothin rd (kampaengpetch-ratchayothin) (fixed),13.819490_100.563831_9hrCXVC1ldrCNOQb7S9AQA_120_2024-11.jpg,SAFE,None,0.0,0.0,0.0
phahon yothin rd (kampaengpetch-ratchayothin) (fixed),13.819507_100.563632_8q1DOcieNHIGq4eK5h6n1g_301_2025-09.jpg,SAFE,None,3.39,3.39,0.0
phahon yothin rd (kampaengpetch-ratchayothin) (fixed),13.819568_100.563878_MglWCOhpe_vueh0b1lLzLQ_120_2024-11.jpg,SAFE,None,0.0,0.0,0.0
phahon yothin rd (kampaengpetch-ratchayothin) (fixed),13.819589_100.563680_e-48zfbJZtfxDVOwHyXhaA_299_2025-09.jpg,SAFE,None,6.9,6.9,0.0
phahon yothin rd (kampaengpetch-ratchayothin) (fixed),13.819647_100.563924_UtiBRonnbturJFGiO8xEvw_120_2024-11.jpg,SAFE,None,0.0,0.0,0.0
phahon yothin rd (kampaengpetch-ratchayothin) (fixed),13.819670_100.563729_PwRAZs7Twv_K4IqV00RITw_299_2025-09.jpg,SAFE,None,11.82,8.96,2.86
phahon yothin rd (kampaengpetch-ratchayothin) (fixed),13.819725_100.563969_CgMjQoppXzvI3k3qDnMbcA_120_2024-11.jpg,SAFE,None,4.46,4.46,0.0
phahon yothin rd (kampaengpetch-ratchayothin) (fixed),13.819751_100.563779_Ycviyp74_lb3B5NnhnjYKw_299_2025-09.jpg,SAFE,None,7.13,7.13,0.0
phahon yothin rd (kampaengpetch-ratchayothin) (fixed),13.819804_100.564017_eItfkbx33mxFtQuwfN2yBg_120_2024-11.jpg,SAFE,None,0.0,0.0,0.0
phahon yothin rd (kampaengpetch-ratchayothin) (fixed),13.819831_100.563831_r1LRtbFG_HI33ZxgpCb38g_303_2025-09.jpg,SAFE,None,6.81,6.81,0.0
phahon yothin rd (kampaengpetch-ratchayothin) (fixed),13.819884_100.564062_3qaffdLoGyZurZFysGvzqQ_120_2024-11.jpg,SAFE,None,0.0,0.0,0.0
phahon yothin rd (kampaengpetch-ratchayothin) (fixed),13.819911_100.563884_64vLGec-cFdAy4FftnS2qA_301_2025-09.jpg,SAFE,None,2.02,2.02,0.0
phahon yothin rd (kampaengpetch-ratchayothin) (fixed),13.819963_100.564108_2xhYNcysSnWrwcARC2aaWw_120_2024-11.jpg,SAFE,None,0.25,0.25,0.0
phahon yothin rd (kampaengpetch-ratchayothin) (fixed),13.819991_100.563936_PDIke0x8t90QdM9uSuh2YQ_301_2025-09.jpg,CRITICAL,SURFACE DAMAGE,39.77,18.3,21.47
phahon yothin rd (kampaengpetch-ratchayothin) (fixed),13.820041_100.564154_29lofi4SJc-XJpyFm8NRDg_120_2024-11.jpg,SAFE,None,3.93,3.93,0.0
phahon yothin rd (kampaengpetch-ratchayothin) (fixed),13.820071_100.563986_rAUREr0wPPheGbmaJRqZ-g_301_2025-09.jpg,SAFE,None,4.18,0.58,3.6
phahon yothin rd (kampaengpetch-ratchayothin) (fixed),13.820121_100.564201__ytWPm5Fx92MyZBYSrCnTQ_120_2024-11.jpg,SAFE,None,0.0,0.0,0.0
phahon yothin rd (kampaengpetch-ratchayothin) (fixed),13.820151_100.564034_9HwBI_u3Hdz-hU2AIttRqQ_300_2024-11.jpg,WARNING,OBSTACLE,20.41,20.41,0.0
phahon yothin rd (kampaengpetch-ratchayothin) (fixed),13.820201_100.564248_44IPPJXUzDZFywVRwQcACw_120_2024-11.jpg,SAFE,None,0.0,0.0,0.0
phahon yothin rd (kampaengpetch-ratchayothin) (fixed),13.820233_100.564079_JvyPJN7woX7ZOEF37kRrDg_300_2025-09.jpg,WARNING,OBSTACLE,25.46,25.46,0.0
phahon yothin rd (kampaengpetch-ratchayothin) (fixed),13.820280_100.564295_lM9KNLOHHobipjHoKsNAlw_120_2024-11.jpg,SAFE,None,17.28,17.28,0.0
phahon yothin rd (kampaengpetch-ratchayothin) (fixed),13.820317_100.564119_7phw8dTIN1Jzvqvo7oaYrQ_300_2025-09.jpg,SAFE,None,15.95,4.64,11.31
phahon yothin rd (kampaengpetch-ratchayothin) (fixed),13.820360_100.564342_grX52wOZZl-TSzYFqEPy6A_120_2024-11.jpg,SAFE,None,1.59,1.59,0.0
phahon yothin rd (kampaengpetch-ratchayothin) (fixed),13.820401_100.564161_fsIUPIeBMPq8ZKEfTOtFuw_300_2025-09.jpg,WARNING,OBSTACLE,33.77,21.57,12.2
phahon yothin rd (kampaengpetch-ratchayothin) (fixed),13.820440_100.564389_FQEJzDfsMEisFmYeQYGg9w_120_2024-11.jpg,SAFE,None,0.0,0.0,0.0
phahon yothin rd (kampaengpetch-ratchayothin) (fixed),13.820483_100.564206_F5f2iVDgNaIubIWUs50m9Q_300_2025-09.jpg,WARNING,OBSTACLE,25.61,18.08,7.53
phahon yothin rd (kampaengpetch-ratchayothin) (fixed),13.820518_100.564436_jlEugGUnfXYs2sH0BY5IkA_120_2024-11.jpg,SAFE,None,4.3,0.0,4.3
phahon yothin rd (kampaengpetch-ratchayothin) (fixed),13.820564_100.564252_C05xTxmeTwl7Dte8tilE3w_300_2025-09.jpg,SAFE,None,6.79,5.08,1.71
phahon yothin rd (kampaengpetch-ratchayothin) (fixed),13.820598_100.564483_MXZUpJzojz0DsRg0qCP0uA_120_2024-11.jpg,SAFE,None,2.53,2.53,0.0
phahon yothin rd (kampaengpetch-ratchayothin) (fixed),13.820643_100.564299_O24hd029KrFhc_09hWqlYA_300_2025-09.jpg,SAFE,None,6.05,6.05,0.0
phahon yothin rd (kampaengpetch-ratchayothin) (fixed),13.820676_100.564529_coe8sMmpNLnTryLtjWLDXg_120_2024-11.jpg,SAFE,None,5.43,5.43,0.0
phahon yothin rd (kampaengpetch-ratchayothin) (fixed),13.820721_100.564345_MY_ZQ5RSvk6mqFhwv-3NUQ_300_2025-09.jpg,SAFE,None,13.34,2.63,10.71
phahon yothin rd (kampaengpetch-ratchayothin) (fixed),13.820755_100.564575_ycUETep6OIx9zmfSiJOtJA_120_2024-11.jpg,SAFE,None,0.48,0.48,0.0
phahon yothin rd (kampaengpetch-ratchayothin) (fixed),13.820799_100.564390_SIUP0T7UwupMibiRb1KnUw_300_2025-09.jpg,SAFE,None,10.67,9.56,1.11
phahon yothin rd (kampaengpetch-ratchayothin) (fixed),13.820834_100.564620_aJJWynAOcjcJniss_IEwIA_120_2024-11.jpg,SAFE,None,9.0,9.0,0.0
phahon yothin rd (kampaengpetch-ratchayothin) (fixed),13.820879_100.564436_QGUjPuoUkNyVrsOP-3Rw-g_300_2025-09.jpg,SAFE,None,8.89,8.89,0.0
phahon yothin rd (kampaengpetch-ratchayothin) (fixed),13.820914_100.564665_yjIZvZ17h7jKJyS70peneg_120_2024-11.jpg,SAFE,None,3.05,3.05,0.0
phahon yothin rd (kampaengpetch-ratchayothin) (fixed),13.820958_100.564483_9E1dCLXM2oDT_3e11IwhYA_300_2025-09.jpg,SAFE,None,0.0,0.0,0.0
phahon yothin rd (kampaengpetch-ratchayothin) (fixed),13.820994_100.564709_gZzsCQGwu-6W6eQSRGin6A_120_2024-11.jpg,SAFE,None,1.71,1.71,0.0
phahon yothin rd (kampaengpetch-ratchayothin) (fixed),13.821037_100.564529_BbdI2gVl5udFpR_zQHfT5Q_300_2025-09.jpg,SAFE,None,0.0,0.0,0.0
phahon yothin rd (kampaengpetch-ratchayothin) (fixed),13.821076_100.564754_MB3xAfauXlyXFvRSZRD-8w_120_2024-11.jpg,SAFE,None,5.37,5.37,0.0
phahon yothin rd (kampaengpetch-ratchayothin) (fixed),13.821114_100.564575_dtmHaSnEyd2UhqYSJ38GtQ_300_2025-09.jpg,SAFE,None,0.0,0.0,0.0
phahon yothin rd (kampaengpetch-ratchayothin) (fixed),13.821157_100.564797_aG9nxqypcFCF3Fn9HbAeow_120_2024-11.jpg,SAFE,None,1.79,1.79,0.0
phahon yothin rd (kampaengpetch-ratchayothin) (fixed),13.821192_100.564623_KAqBTptvBWvnOwP86KyXwQ_300_2025-09.jpg,SAFE,None,7.59,0.55,7.04
phahon yothin rd (kampaengpetch-ratchayothin) (fixed),13.821237_100.564840_S04vdFCN0HCCjciJRj8yzg_120_2024-11.jpg,SAFE,None,0.0,0.0,0.0
phahon yothin rd (kampaengpetch-ratchayothin) (fixed),13.821270_100.564670_0bmSrFB-ZP4uTtqUlo9RfQ_300_2025-09.jpg,SAFE,None,2.97,2.97,0.0
phahon yothin rd (kampaengpetch-ratchayothin) (fixed),13.821318_100.564884_AzChxmklfM6aVgc7s-IRoA_120_2024-11.jpg,SAFE,None,0.0,0.0,0.0
phahon yothin rd (kampaengpetch-ratchayothin) (fixed),13.821348_100.564715_V0_gYC0rGz3kG4Lfoagf2Q_300_2025-09.jpg,SAFE,None,0.37,0.37,0.0
phahon yothin rd (kampaengpetch-ratchayothin) (fixed),13.821399_100.564929_XSm-oJzxcBQdlVSpzEI-zg_120_2024-11.jpg,SAFE,None,1.04,1.04,0.0
phahon yothin rd (kampaengpetch-ratchayothin) (fixed),13.821451_100.564775_Vy5J-qCAC4rrwfLupjijrw_300_2025-09.jpg,SAFE,None,8.7,1.47,7.23
phahon yothin rd (kampaengpetch-ratchayothin) (fixed),13.821520_100.564997_8VOmoACIJC1UmD-IPdiTPw_119_2024-11.jpg,SAFE,None,0.62,0.62,0.0
phahon yothin rd (kampaengpetch-ratchayothin) (fixed),13.821533_100.564822_zDcnQK-ONtMfktCZ5whMeA_300_2025-09.jpg,SAFE,None,2.0,2.0,0.0
phahon yothin rd (kampaengpetch-ratchayothin) (fixed),13.821599_100.565041_WNRJspoFAzck1GuTuztWQg_120_2024-11.jpg,SAFE,None,0.0,0.0,0.0
phahon yothin rd (kampaengpetch-ratchayothin) (fixed),13.821618_100.564870_GAqThLGVbE2LHWMVJK2v2g_300_2025-09.jpg,SAFE,None,3.01,3.01,0.0
phahon yothin rd (kampaengpetch-ratchayothin) (fixed),13.821639_100.565064_p26-g9BCWqW5v0bsMG47wQ_120_2024-11.jpg,SAFE,None,9.3,0.0,9.3
phahon yothin rd (kampaengpetch-ratchayothin) (fixed),13.821696_100.564917_0wwDmCLeprxYboW74XM54Q_300_2025-09.jpg,SAFE,None,5.93,5.93,0.0
phahon yothin rd (kampaengpetch-ratchayothin) (fixed),13.821720_100.565110_1QVNm88Ev1HjMU-0AibAOg_120_2024-11.jpg,SAFE,None,1.99,1.99,0.0
phahon yothin rd (kampaengpetch-ratchayothin) (fixed),13.821773_100.564955_bgPDopk56uHj2KeHeLvcNQ_300_2025-09.jpg,SAFE,None,0.0,0.0,0.0
phahon yothin rd (kampaengpetch-ratchayothin) (fixed),13.821799_100.565157_Ftd80bgs5z-xOTMyX3ldDQ_120_2024-11.jpg,SAFE,None,9.31,2.14,7.17
phahon yothin rd (kampaengpetch-ratchayothin) (fixed),13.821878_100.565204_OhxGbi2ExJvpumJhGw-kMQ_120_2024-11.jpg,SAFE,None,0.0,0.0,0.0
phahon yothin rd (kampaengpetch-ratchayothin) (fixed),13.821881_100.565028_8bQz3R8xKMGR7Ouhm6_AYg_300_2025-09.jpg,SAFE,None,3.97,0.0,3.97
phahon yothin rd (kampaengpetch-ratchayothin) (fixed),13.821957_100.565251_eV_ebw0REfo29ALZwMpYLg_120_2024-11.jpg,SAFE,None,0.0,0.0,0.0
phahon yothin rd (kampaengpetch-ratchayothin) (fixed),13.821966_100.565075_jEyAtW3lcWF6U9xLHwfU7g_300_2025-09.jpg,CRITICAL,SURFACE DAMAGE,158.61,3.8,154.81
phahon yothin rd (kampaengpetch-ratchayothin) (fixed),13.822037_100.565298_2KQO4XcZ4O4tn1GEIaTWQQ_120_2024-11.jpg,SAFE,None,3.0,3.0,0.0
phahon yothin rd (kampaengpetch-ratchayothin) (fixed),13.822048_100.565122_aULYn5mcoFnbLrOJH9Cp1A_300_2025-09.jpg,SAFE,None,17.23,5.19,12.04
phahon yothin rd (kampaengpetch-ratchayothin) (fixed),13.822158_100.565369_i02KFa3uobyNOc7lek-nKA_120_2024-11.jpg,SAFE,None,4.78,4.78,0.0
phahon yothin rd (kampaengpetch-ratchayothin) (fixed),13.822169_100.565198_Cbtq2QnmyYlMHfA1E8vffg_300_2024-11.jpg,WARNING,OBSTACLE,21.37,17.66,3.71
phahon yothin rd (kampaengpetch-ratchayothin) (fixed),13.822209_100.565223__9qMdhV3ozuHZwY39TOtsw_300_2025-09.jpg,WARNING,OBSTACLE,29.63,28.16,1.47
phahon yothin rd (kampaengpetch-ratchayothin) (fixed),13.822238_100.565415_3fSbm-t2L3OYWWN9W2m44w_120_2024-11.jpg,SAFE,None,2.93,2.93,0.0
phahon yothin rd (kampaengpetch-ratchayothin) (fixed),13.822287_100.565275_ElW8gYOMDrOZO6oWwOWyKg_300_2025-09.jpg,SAFE,None,17.92,12.79,5.12
phahon yothin rd (kampaengpetch-ratchayothin) (fixed),13.822293_100.565477_A28pmhj1pUJxwaJZjpmoWA_120_2018-06.jpg,SAFE,None,3.29,3.29,0.0
phahon yothin rd (kampaengpetch-ratchayothin) (fixed),13.822399_100.565508_jwH2BsXZxavN8Eyu0Gh1xg_120_2024-11.jpg,SAFE,None,0.0,0.0,0.0
phahon yothin rd (kampaengpetch-ratchayothin) (fixed),13.822404_100.565354_9PTQzV1Stk891-8zZwZd0g_300_2025-09.jpg,CRITICAL,SURFACE DAMAGE,37.62,5.48,32.13
phahon yothin rd (kampaengpetch-ratchayothin) (fixed),13.822481_100.565555_mN0lFCP-O9SaYifEaEOdow_120_2024-11.jpg,SAFE,None,0.97,0.97,0.0
phahon yothin rd (kampaengpetch-ratchayothin) (fixed),13.822483_100.565403_P0g5mj9fK-BL3tRujzHTGw_300_2025-09.jpg,SAFE,None,0.0,0.0,0.0
phahon yothin rd (kampaengpetch-ratchayothin) (fixed),13.822562_100.565602_1zE6JpVk-6yFF-SJ3Mg4dQ_120_2024-11.jpg,SAFE,None,2.82,2.82,0.0
phahon yothin rd (kampaengpetch-ratchayothin) (fixed),13.822563_100.565450_pWac2nGQoat-TBeGlWGNuA_300_2025-09.jpg,SAFE,None,17.57,17.57,0.0
phahon yothin rd (kampaengpetch-ratchayothin) (fixed),13.822642_100.565649_ECm0tSmmnQwgZuaK_rLd2Q_120_2024-11.jpg,SAFE,None,8.4,2.92,5.48
phahon yothin rd (kampaengpetch-ratchayothin) (fixed),13.822644_100.565491_hMrK-Q73A3TAQcvrd2yRmQ_299_2025-09.jpg,WARNING,SURFACE DAMAGE,23.58,9.73,13.85
phahon yothin rd (kampaengpetch-ratchayothin) (fixed),13.822722_100.565530_1WsiPQsrnGllRvL8F3JpuQ_299_2025-09.jpg,WARNING,OBSTACLE,23.15,14.59,8.56
phahon yothin rd (kampaengpetch-ratchayothin) (fixed),13.822723_100.565697_kNjoJ25CWRaQK4IlzI2oCQ_120_2024-11.jpg,SAFE,None,1.61,1.61,0.0
phahon yothin rd (kampaengpetch-ratchayothin) (fixed),13.822800_100.565574_ccrr-cUpnpnylK60QKWfbg_299_2025-09.jpg,SAFE,None,13.33,10.17,3.16
phahon yothin rd (kampaengpetch-ratchayothin) (fixed),13.822803_100.565746_X6xjbTNpxghyxP_4n8A-nw_120_2024-11.jpg,SAFE,None,0.0,0.0,0.0
phahon yothin rd (kampaengpetch-ratchayothin) (fixed),13.822873_100.565614_MBbvNAPKixAEQQl6FZiU1g_299_2025-09.jpg,CRITICAL,BOTH,111.07,34.1,76.97
phahon yothin rd (kampaengpetch-ratchayothin) (fixed),13.822882_100.565796_uo_5pwxAbWoLIMgB_N6RiQ_121_2024-11.jpg,SAFE,None,3.17,3.17,0.0
phahon yothin rd (kampaengpetch-ratchayothin) (fixed),13.822965_100.565845_V77_QuFlcrIf38oSaMLX-g_120_2024-11.jpg,SAFE,None,0.0,0.0,0.0
phahon yothin rd (kampaengpetch-ratchayothin) (fixed),13.823048_100.565892_dZ14rsUHsO6xTgMFbUJ2VA_121_2024-11.jpg,SAFE,None,0.85,0.85,0.0
phahon yothin rd (kampaengpetch-ratchayothin) (fixed),13.823055_100.565710_Y51Fyu5v-5mDTIlLPHzHAA_299_2025-09.jpg,CRITICAL,SURFACE DAMAGE,48.11,4.41,43.7
phahon yothin rd (kampaengpetch-ratchayothin) (fixed),13.823131_100.565940_lcdqwa0shrVWkIRVYApm2g_121_2024-11.jpg,SAFE,None,1.43,1.43,0.0
phahon yothin rd (kampaengpetch-ratchayothin) (fixed),13.823143_100.565765_NFUVn4WzbWOOqXO6ZL-Dpw_299_2025-09.jpg,SAFE,None,0.0,0.0,0.0
phahon yothin rd (kampaengpetch-ratchayothin) (fixed),13.823171_100.565964_lcwb9kmOACY-KSedEMH0Sg_121_2024-11.jpg,SAFE,None,3.8,3.8,0.0
phahon yothin rd (kampaengpetch-ratchayothin) (fixed),13.823229_100.565818_vpLChH9pPbs2Raqd5LJcPg_299_2025-09.jpg,WARNING,OBSTACLE,29.52,29.52,0.0
phahon yothin rd (kampaengpetch-ratchayothin) (fixed),13.823246_100.566009_VltquP5hDTLLlUOpKO4uQw_121_2024-11.jpg,SAFE,None,3.93,3.93,0.0
phahon yothin rd (kampaengpetch-ratchayothin) (fixed),13.823313_100.565869_co9oq8InK4eMvy_7wF5ZDg_299_2025-09.jpg,SAFE,None,0.0,0.0,0.0
phahon yothin rd (kampaengpetch-ratchayothin) (fixed),13.823324_100.566056_uu8gYvsZgKECSrkpzPWadA_121_2024-11.jpg,SAFE,None,0.0,0.0,0.0
phahon yothin rd (kampaengpetch-ratchayothin) (fixed),13.823394_100.565916_AbVsT12SPD3zTcmE8Qtgjg_299_2025-09.jpg,SAFE,None,0.0,0.0,0.0
phahon yothin rd (kampaengpetch-ratchayothin) (fixed),13.823399_100.566100_ZDN6g903iP94dQrPBf0CCw_121_2024-11.jpg,SAFE,None,0.0,0.0,0.0
phahon yothin rd (kampaengpetch-ratchayothin) (fixed),13.823472_100.565962_GDbTXeDdMJBhXr-jqHJjww_299_2025-09.jpg,SAFE,None,0.69,0.69,0.0
phahon yothin rd (kampaengpetch-ratchayothin) (fixed),13.823477_100.566146_mSS6BH7AhaYcJSMF-SYLNA_121_2024-11.jpg,SAFE,None,0.78,0.78,0.0
phahon yothin rd (kampaengpetch-ratchayothin) (fixed),13.823547_100.566005_0NTcf3uTRZG4wyViSKhPHw_299_2025-09.jpg,SAFE,None,1.53,1.53,0.0
phahon yothin rd (kampaengpetch-ratchayothin) (fixed),13.823556_100.566192_paIjP7GBptUx5EVLxq1cfQ_121_2024-11.jpg,SAFE,None,0.47,0.47,0.0
phahon yothin rd (kampaengpetch-ratchayothin) (fixed),13.823620_100.566048_XpwAKoom_4W8E0tM6cat8A_299_2025-09.jpg,SAFE,None,0.71,0.71,0.0
phahon yothin rd (kampaengpetch-ratchayothin) (fixed),13.823675_100.566261_JxczVHw2Ix0VGrMOfKLsng_121_2024-11.jpg,SAFE,None,7.8,7.8,0.0
phahon yothin rd (kampaengpetch-ratchayothin) (fixed),13.823697_100.566093_btFUAhojmMFK79688q8FFQ_299_2025-09.jpg,WARNING,OBSTACLE,24.1,24.1,0.0
phahon yothin rd (kampaengpetch-ratchayothin) (fixed),13.823753_100.566307_ZRz9BNF0jFTfh06MJXblkA_121_2024-11.jpg,SAFE,None,10.82,10.82,0.0
phahon yothin rd (kampaengpetch-ratchayothin) (fixed),13.823770_100.566135_yM-LqgzW7UWxeQ1ysTQk_Q_299_2025-09.jpg,SAFE,None,0.0,0.0,0.0
phahon yothin rd (kampaengpetch-ratchayothin) (fixed),13.823833_100.566353_KRY6j7TnXYE8aCUMW9UtTg_121_2024-11.jpg,WARNING,OBSTACLE,32.9,32.9,0.0
phahon yothin rd (kampaengpetch-ratchayothin) (fixed),13.823851_100.566183_8tVwfB3qUhl_Wse9cOnhCg_299_2025-09.jpg,SAFE,None,9.32,9.32,0.0
phahon yothin rd (kampaengpetch-ratchayothin) (fixed),13.823914_100.566400_4KSlhzpqIjiraxO0fBBrPQ_121_2024-11.jpg,SAFE,None,9.99,9.99,0.0
phahon yothin rd (kampaengpetch-ratchayothin) (fixed),13.823936_100.566232_FtR3iO4Ovn6a4VzEtJ_Akg_299_2025-09.jpg,SAFE,None,0.0,0.0,0.0
phahon yothin rd (kampaengpetch-ratchayothin) (fixed),13.823955_100.566423__CbL5XamIKYn8FYz5mkjig_120_2024-11.jpg,SAFE,None,5.09,5.09,0.0
phahon yothin rd (kampaengpetch-ratchayothin) (fixed),13.824014_100.566279_Z5sRil534MNUsWfxChQfXg_299_2025-09.jpg,SAFE,None,15.85,15.85,0.0
phahon yothin rd (kampaengpetch-ratchayothin) (fixed),13.824035_100.566469_1xcKQHT9eNOEnTTmFhW7hw_120_2024-11.jpg,SAFE,None,19.56,19.56,0.0
phahon yothin rd (kampaengpetch-ratchayothin) (fixed),13.824096_100.566327_vudXcRoQUphQP_imfEIZVQ_299_2025-09.jpg,SAFE,None,2.91,2.91,0.0
phahon yothin rd (kampaengpetch-ratchayothin) (fixed),13.824115_100.566516_gA8JLUSpLuNHl4UbXsxCSQ_120_2024-11.jpg,SAFE,None,0.0,0.0,0.0
phahon yothin rd (kampaengpetch-ratchayothin) (fixed),13.824171_100.566373_Be6-UIzmOt4WuU59iXh6nQ_299_2025-09.jpg,SAFE,None,0.48,0.48,0.0
phahon yothin rd (kampaengpetch-ratchayothin) (fixed),13.824193_100.566562_AwOKE8NQ89DKn1SsVCHU2Q_120_2024-11.jpg,SAFE,None,0.0,0.0,0.0
phahon yothin rd (kampaengpetch-ratchayothin) (fixed),13.824243_100.566403_GThijfQBFhaJmotzioB5og_299_2025-09.jpg,SAFE,None,0.0,0.0,0.0
phahon yothin rd (kampaengpetch-ratchayothin) (fixed),13.824273_100.566610_1bt2fRXJC8JDjpj1aQPMHw_120_2024-11.jpg,SAFE,None,0.0,0.0,0.0
phahon yothin rd (kampaengpetch-ratchayothin) (fixed),13.824335_100.566471_CzV_zFqP6TPalb4jhZ-a0A_301_2025-09.jpg,SAFE,None,16.68,16.68,0.0
phahon yothin rd (kampaengpetch-ratchayothin) (fixed),13.824353_100.566657_t7QuQMi8KNLV91NpxjCTPw_120_2024-11.jpg,SAFE,None,2.52,2.52,0.0
phahon yothin rd (kampaengpetch-ratchayothin) (fixed),13.824424_100.566522_PKg_ry9IzyFhojaMD-7d3A_300_2025-09.jpg,SAFE,None,15.95,15.95,0.0
phahon yothin rd (kampaengpetch-ratchayothin) (fixed),13.824431_100.566706_Y1TtVQsbwbqwMMAXWPo5sg_119_2024-11.jpg,SAFE,None,0.0,0.0,0.0
phahon yothin rd (kampaengpetch-ratchayothin) (fixed),13.824507_100.566570_BaqFVNaLYO0KIlvWN-FFBg_299_2025-09.jpg,SAFE,None,3.9,3.9,0.0
phahon yothin rd (kampaengpetch-ratchayothin) (fixed),13.824511_100.566755_i3mwyI6TuklDb_6BzW02eA_119_2024-11.jpg,CRITICAL,OBSTACLE,41.25,41.25,0.0
phahon yothin rd (kampaengpetch-ratchayothin) (fixed),13.824626_100.566639_nWN6gRy9ZwKkC46s8eeqkg_298_2025-09.jpg,SAFE,None,0.0,0.0,0.0
phahon yothin rd (kampaengpetch-ratchayothin) (fixed),13.824630_100.566830_TTbRYGa9E9eCwgSgh_uVsA_122_2024-11.jpg,SAFE,None,0.0,0.0,0.0
phahon yothin rd (kampaengpetch-ratchayothin) (fixed),13.824699_100.566683__3K3gTmdP5eC1Miu6ceCAQ_298_2025-09.jpg,SAFE,None,0.0,0.0,0.0
phahon yothin rd (kampaengpetch-ratchayothin) (fixed),13.824708_100.566879_ailuD0QykeUBT7X7VSQ6eA_117_2024-11.jpg,SAFE,None,9.93,9.93,0.0
phahon yothin rd (kampaengpetch-ratchayothin) (fixed),13.824773_100.566727_kcdp63ggTLVm28JOwN_Ocw_301_2025-09.jpg,SAFE,None,4.17,0.58,3.6
phahon yothin rd (kampaengpetch-ratchayothin) (fixed),13.824786_100.566928_a8IX_-nDAusMlUFTakgknQ_116_2024-01.jpg,SAFE,None,4.62,4.62,0.0
phahon yothin rd (kampaengpetch-ratchayothin) (fixed),13.824861_100.566783_W3mLSrTGu5V5Pcs1ThAOVg_302_2025-09.jpg,SAFE,None,17.36,7.52,9.84
phahon yothin rd (kampaengpetch-ratchayothin) (fixed),13.824902_100.566809_yEwfaysrCqVV-cCW08ybPA_300_2025-09.jpg,SAFE,None,6.33,6.33,0.0
phahon yothin rd (kampaengpetch-ratchayothin) (fixed),13.824913_100.567004_VWRwAnV-od_qGXF1ZaXTMQ_120_2024-11.jpg,SAFE,None,0.0,0.0,0.0
phahon yothin rd (kampaengpetch-ratchayothin) (fixed),13.824988_100.566855_KTGU6AM-R4G7s0aCFGhXGQ_295_2025-09.jpg,SAFE,None,3.17,0.0,3.17
phahon yothin rd (kampaengpetch-ratchayothin) (fixed),13.824990_100.567056_73lCDb2i9fNvoCrLZ6pISg_120_2024-11.jpg,SAFE,None,0.0,0.0,0.0
phahon yothin rd (kampaengpetch-ratchayothin) (fixed),13.825069_100.567111_2IGrdSgVwfR8YpcqkgO8lQ_120_2024-11.jpg,SAFE,None,1.12,1.12,0.0
phahon yothin rd (kampaengpetch-ratchayothin) (fixed),13.825075_100.566893_fdKLbzK-VEkDHzpg3oz2Zw_300_2025-09.jpg,SAFE,None,0.0,0.0,0.0
phahon yothin rd (kampaengpetch-ratchayothin) (fixed),13.825148_100.567172_5aoEXy234uGWoVUOpIXyxg_120_2024-11.jpg,ERROR (No Sidewalk),SURFACE DAMAGE,-1,0.0,0.0
phahon yothin rd (kampaengpetch-ratchayothin) (fixed),13.825159_100.566935_CwCnCWdksybckMzxhinL3Q_302_2025-09.jpg,SAFE,None,8.22,8.22,0.0
phahon yothin rd (kampaengpetch-ratchayothin) (fixed),13.825228_100.567226_MTwEhv-YNyrpS-BlxnWCiA_120_2024-11.jpg,SAFE,None,2.33,2.33,0.0
phahon yothin rd (kampaengpetch-ratchayothin) (fixed),13.825240_100.566980_B8m34FRFKxHDTNLIantkng_300_2025-09.jpg,SAFE,None,5.88,0.0,5.88
phahon yothin rd (kampaengpetch-ratchayothin) (fixed),13.825299_100.567268_SSZfP6oNVk62WUTojebrgg_120_2024-11.jpg,SAFE,None,0.0,0.0,0.0
phahon yothin rd (kampaengpetch-ratchayothin) (fixed),13.825320_100.567026_IkPBhcW0uL6D1uuWlZZ4Cw_300_2025-09.jpg,SAFE,None,14.86,2.78,12.08
phahon yothin rd (kampaengpetch-ratchayothin) (fixed),13.825373_100.567311_jW1s6OBL9QebVcxi1YF_Tw_120_2024-11.jpg,SAFE,None,0.0,0.0,0.0
phahon yothin rd (kampaengpetch-ratchayothin) (fixed),13.825399_100.567072_SVdzK0Pgrapmz7BWANuHBg_300_2025-09.jpg,CRITICAL,BOTH,94.1,60.69,33.41
phahon yothin rd (kampaengpetch-ratchayothin) (fixed),13.825450_100.567356_x3rTkvaJjlQWUKgqqCN7jw_120_2024-11.jpg,SAFE,None,14.89,10.24,4.65
phahon yothin rd (kampaengpetch-ratchayothin) (fixed),13.825478_100.567118_t4sUyhUjHH6re03BXHTPvA_300_2025-09.jpg,CRITICAL,SURFACE DAMAGE,123.92,9.56,114.36
phahon yothin rd (kampaengpetch-ratchayothin) (fixed),13.825526_100.567402_g9bNZVTnvjXCg2Gn5oRtQA_120_2024-11.jpg,SAFE,None,1.86,1.86,0.0
phahon yothin rd (kampaengpetch-ratchayothin) (fixed),13.825556_100.567163_UP-5uZJUCHSZZ0Bc8os9dw_300_2025-09.jpg,CRITICAL,OBSTACLE,39.62,31.17,8.46
phahon yothin rd (kampaengpetch-ratchayothin) (fixed),13.825606_100.567449_lmJ452A6Ep1QS34Cl2jtmA_120_2024-11.jpg,SAFE,None,0.0,0.0,0.0
phahon yothin rd (kampaengpetch-ratchayothin) (fixed),13.825632_100.567209_0sG-WRYALqyi6tKkPcWmPw_301_2025-09.jpg,SAFE,None,10.37,5.06,5.3
phahon yothin rd (kampaengpetch-ratchayothin) (fixed),13.825684_100.567496_lVXIVRiWeINlA35Umys2fw_120_2024-11.jpg,SAFE,None,4.34,4.34,0.0
phahon yothin rd (kampaengpetch-ratchayothin) (fixed),13.825709_100.567256_4v7JxF5ELtq1W1hwtklJfA_300_2025-09.jpg,SAFE,None,9.85,9.85,0.0
phahon yothin rd (kampaengpetch-ratchayothin) (fixed),13.825764_100.567544_itApGk0EqtB7Ilg1B1xnjA_120_2024-11.jpg,SAFE,None,0.0,0.0,0.0
phahon yothin rd (kampaengpetch-ratchayothin) (fixed),13.825787_100.567302_kUtIeBtnSAN9nsKGlkAxEg_300_2025-09.jpg,CRITICAL,SURFACE DAMAGE,35.36,7.83,27.53
phahon yothin rd (kampaengpetch-ratchayothin) (fixed),13.825843_100.567590_VOOG97H5Iq-LlAYZYYPwtw_120_2024-11.jpg,SAFE,None,0.0,0.0,0.0
phahon yothin rd (kampaengpetch-ratchayothin) (fixed),13.825862_100.567344_W0jUwmOy4ZcQeMjPL9mttw_297_2025-09.jpg,CRITICAL,SURFACE DAMAGE,35.86,16.37,19.49
phahon yothin rd (kampaengpetch-ratchayothin) (fixed),13.825923_100.567637_QnA1Gxv4NUXDoi-ck9eUyA_120_2024-11.jpg,SAFE,None,0.0,0.0,0.0
phahon yothin rd (kampaengpetch-ratchayothin) (fixed),13.825951_100.567392_mBkWkUqIo2MOfi0n-A3IOA_300_2025-09.jpg,CRITICAL,SURFACE DAMAGE,54.75,0.0,54.75
phahon yothin rd (kampaengpetch-ratchayothin) (fixed),13.826002_100.567683_gdjnDxVjBylOJfWT0WdhFA_120_2024-11.jpg,SAFE,None,0.65,0.65,0.0
phahon yothin rd (kampaengpetch-ratchayothin) (fixed),13.826049_100.567451_UkRNzgAaX2ddadWtkPRaGw_298_2025-09.jpg,CRITICAL,BOTH,92.65,37.73,54.92
phahon yothin rd (kampaengpetch-ratchayothin) (fixed),13.826082_100.567731_zj7HSK4PLKbV1aU1AMRsrg_120_2024-11.jpg,SAFE,None,0.0,0.0,0.0
phahon yothin rd (kampaengpetch-ratchayothin) (fixed),13.826136_100.567501_-CTljs0db6c2NgPNogNy0g_298_2025-09.jpg,CRITICAL,SURFACE DAMAGE,127.77,6.93,120.84
phahon yothin rd (kampaengpetch-ratchayothin) (fixed),13.826163_100.567778_41mDeHXejAJCIrfVmKhP7w_120_2024-11.jpg,SAFE,None,0.0,0.0,0.0
phahon yothin rd (kampaengpetch-ratchayothin) (fixed),13.826219_100.567549_KbNiPA-MJUFm1lUicuTfHg_300_2025-09.jpg,WARNING,SURFACE DAMAGE,20.97,0.31,20.66
phahon yothin rd (kampaengpetch-ratchayothin) (fixed),13.826242_100.567825_cP-QzYcvTNbce6mGeDePvw_120_2024-11.jpg,SAFE,None,0.0,0.0,0.0
phahon yothin rd (kampaengpetch-ratchayothin) (fixed),13.826259_100.567572_DsZE0DuOwqQP_scQq1br3w_300_2025-09.jpg,CRITICAL,SURFACE DAMAGE,120.2,7.24,112.96
phahon yothin rd (kampaengpetch-ratchayothin) (fixed),13.826322_100.567871_pb4LM79wge8Je70xqLb-_A_120_2024-11.jpg,SAFE,None,0.0,0.0,0.0
phahon yothin rd (kampaengpetch-ratchayothin) (fixed),13.826327_100.567613_DAzBtZjNChQ98lRcuq7t6A_302_2025-09.jpg,CRITICAL,SURFACE DAMAGE,250.59,2.55,248.04
phahon yothin rd (kampaengpetch-ratchayothin) (fixed),13.826396_100.567665_2CJ8AXdwO_KhIK3sr2804g_307_2025-09.jpg,CRITICAL,SURFACE DAMAGE,65.15,1.54,63.61
phahon yothin rd (kampaengpetch-ratchayothin) (fixed),13.826401_100.567917_fYVnR4v0Q5qUO-E8NBheXA_120_2024-11.jpg,SAFE,None,0.0,0.0,0.0
phahon yothin rd (kampaengpetch-ratchayothin) (fixed),13.826439_100.567699_LEqjfrnO2oOqOV_hDM6ecA_300_2024-07.jpg,CRITICAL,BOTH,70.94,25.31,45.63
phahon yothin rd (kampaengpetch-ratchayothin) (fixed),13.826481_100.567963_u80_38Rpc_N-7srBNM3FTw_120_2024-11.jpg,SAFE,None,2.07,2.07,0.0
phahon yothin rd (kampaengpetch-ratchayothin) (fixed),13.826488_100.567730_JxZJuH-8bM8ojYgQ6ERf2w_299_2025-09.jpg,SAFE,None,12.72,9.6,3.12
phahon yothin rd (kampaengpetch-ratchayothin) (fixed),13.826561_100.568010_Nn9C3oCYxHo3fqSfLXit1A_121_2024-11.jpg,SAFE,None,0.0,0.0,0.0
phahon yothin rd (kampaengpetch-ratchayothin) (fixed),13.826578_100.567769_mroC6foMVR1YhWb091XKLQ_300_2025-09.jpg,SAFE,None,16.45,0.21,16.25
phahon yothin rd (kampaengpetch-ratchayothin) (fixed),13.826641_100.568059_kEjowsLCmltCqbDQwRtIvQ_120_2024-11.jpg,SAFE,None,6.98,0.0,6.98
phahon yothin rd (kampaengpetch-ratchayothin) (fixed),13.826659_100.567813_hTuQQqsxpTmM0oc61pw2JA_299_2025-09.jpg,SAFE,None,0.93,0.93,0.0
phahon yothin rd (kampaengpetch-ratchayothin) (fixed),13.826721_100.568106_VobOV-RBxq6W4klPMhwbBQ_120_2024-11.jpg,SAFE,None,0.0,0.0,0.0
phahon yothin rd (kampaengpetch-ratchayothin) (fixed),13.826736_100.567860_Azysjdf-ln-c-z2WaibVhQ_299_2025-09.jpg,SAFE,None,1.97,1.97,0.0
phahon yothin rd (kampaengpetch-ratchayothin) (fixed),13.826806_100.567906_xMTy9f14czOQU1ybfLlJCA_300_2025-09.jpg,SAFE,None,0.71,0.71,0.0
phahon yothin rd (kaset-bangkhen) (fixed),13.840018_100.575610_T-XxNuRMsicxIB9vmWBNTQ_303_2025-08.jpg,SAFE,None,2.8,2.8,0.0
phahon yothin rd (kaset-bangkhen) (fixed),13.840103_100.575663_8D-b2NB_5T9MkxVP8mtiPw_301_2025-08.jpg,SAFE,None,0.63,0.63,0.0
phahon yothin rd (kaset-bangkhen) (fixed),13.840180_100.575709_MRcHFpNRt_uC0igpNRB_Vw_301_2025-08.jpg,SAFE,None,0.0,0.0,0.0
phahon yothin rd (kaset-bangkhen) (fixed),13.840255_100.575754_XNzWh874S3dT8EDUpLACvw_300_2025-08.jpg,SAFE,None,0.62,0.62,0.0
phahon yothin rd (kaset-bangkhen) (fixed),13.840256_100.576049_74E6Z4fOfV04Hzo2mmpfvQ_117_2024-11.jpg,SAFE,None,1.92,1.92,0.0
phahon yothin rd (kaset-bangkhen) (fixed),13.840330_100.575799_4YMsSJtJwubozRa8-Sltlg_300_2025-08.jpg,SAFE,None,4.95,4.95,0.0
phahon yothin rd (kaset-bangkhen) (fixed),13.840416_100.575851_LP-WtU9RGBcW2Nyj-0PYeA_301_2025-08.jpg,SAFE,None,1.71,1.71,0.0
phahon yothin rd (kaset-bangkhen) (fixed),13.840416_100.576136_TO0VR-ZAlcsYRy6B69nfyA_120_2024-11.jpg,SAFE,None,0.39,0.39,0.0
phahon yothin rd (kaset-bangkhen) (fixed),13.840499_100.575902_HzI9g0i2uPY28ZZ5Lv1vYA_301_2025-08.jpg,SAFE,None,1.45,1.45,0.0
phahon yothin rd (kaset-bangkhen) (fixed),13.840531_100.576205_sHd5FMMJe2yVtzDpWdtMpA_120_2024-11.jpg,SAFE,None,0.38,0.38,0.0
phahon yothin rd (kaset-bangkhen) (fixed),13.840609_100.576251_ge-pxyzrYo2STR9Zg57avQ_120_2024-11.jpg,SAFE,None,0.38,0.38,0.0
phahon yothin rd (kaset-bangkhen) (fixed),13.840620_100.575976_ITdabK3DwAfhWNgQcuiHfg_301_2025-08.jpg,SAFE,None,0.0,0.0,0.0
phahon yothin rd (kaset-bangkhen) (fixed),13.840687_100.576297_3aMLpXFT-GvLk_fPjVk7qw_120_2024-11.jpg,SAFE,None,0.71,0.71,0.0
phahon yothin rd (kaset-bangkhen) (fixed),13.840780_100.576073_3YnFLSGZUR4ogCbYPD33Zg_300_2025-08.jpg,SAFE,None,0.62,0.62,0.0
phahon yothin rd (kaset-bangkhen) (fixed),13.840804_100.576366_PvNC6YAXRJFai7PedP8eYg_120_2024-11.jpg,SAFE,None,0.0,0.0,0.0
phahon yothin rd (kaset-bangkhen) (fixed),13.840862_100.576121_yMhxZBb9JkMNZWb9r1gNwQ_300_2025-08.jpg,SAFE,None,0.0,0.0,0.0
phahon yothin rd (kaset-bangkhen) (fixed),13.840882_100.576413_DjRPHzKOWWFAJ7c1B023_w_120_2024-11.jpg,SAFE,None,0.92,0.92,0.0
phahon yothin rd (kaset-bangkhen) (fixed),13.840942_100.576169_X0UYtGXm1j57rQiE_toiwQ_300_2025-08.jpg,SAFE,None,3.97,3.97,0.0
phahon yothin rd (kaset-bangkhen) (fixed),13.840962_100.576461_BFlgiDUhYolSA4bl997KIQ_119_2024-11.jpg,SAFE,None,0.17,0.17,0.0
phahon yothin rd (kaset-bangkhen) (fixed),13.841022_100.576215_G77UmLQqmnNLe1NELWGW9A_299_2025-08.jpg,SAFE,None,0.0,0.0,0.0
phahon yothin rd (kaset-bangkhen) (fixed),13.841042_100.576508_jMrnrblvHQhzFbhSZnW4-Q_120_2024-11.jpg,SAFE,None,0.81,0.81,0.0
phahon yothin rd (kaset-bangkhen) (fixed),13.841102_100.576260_ZeNDRe7dEJ8Jip8atqUj9A_299_2025-08.jpg,SAFE,None,2.85,2.85,0.0
phahon yothin rd (kaset-bangkhen) (fixed),13.841122_100.576554__oISSEh0WOiwOGNrAR_gxg_120_2024-11.jpg,SAFE,None,0.0,0.0,0.0
phahon yothin rd (kaset-bangkhen) (fixed),13.841181_100.576305_NYInC6VgebsYc2UdecPd-Q_300_2025-08.jpg,SAFE,None,0.0,0.0,0.0
phahon yothin rd (kaset-bangkhen) (fixed),13.841205_100.576603_DJuvglSt8bhD9o21oIpNMA_120_2024-11.jpg,SAFE,None,0.7,0.7,0.0
phahon yothin rd (kaset-bangkhen) (fixed),13.841259_100.576351_3vpR0xhM2vi9xHiS9ocaPA_300_2025-08.jpg,SAFE,None,0.12,0.12,0.0
phahon yothin rd (kaset-bangkhen) (fixed),13.841285_100.576649_3e5yKilq4u6XTfBJvZImFg_120_2024-11.jpg,SAFE,None,0.0,0.0,0.0
phahon yothin rd (kaset-bangkhen) (fixed),13.841337_100.576398_HFhGg39nIwFQM_UGV61n7w_301_2025-08.jpg,SAFE,None,0.55,0.55,0.0
phahon yothin rd (kaset-bangkhen) (fixed),13.841367_100.576699_SlOkzS9TaDh-8U5tq051bg_120_2024-11.jpg,SAFE,None,0.0,0.0,0.0
phahon yothin rd (kaset-bangkhen) (fixed),13.841408_100.576723_plI9UD_TaLCXElE033azyA_120_2024-11.jpg,SAFE,None,0.85,0.85,0.0
phahon yothin rd (kaset-bangkhen) (fixed),13.841415_100.576445_WtCgLDJTTa1cBhwTwTftCw_301_2025-08.jpg,SAFE,None,0.0,0.0,0.0
phahon yothin rd (kaset-bangkhen) (fixed),13.841450_100.576749_MJW3SlZmHwbb7CmPTrtdxQ_119_2024-11.jpg,SAFE,None,0.86,0.86,0.0
phahon yothin rd (kaset-bangkhen) (fixed),13.841493_100.576496_1f5kQyGiFJohUKLolcB3Cw_305_2025-08.jpg,SAFE,None,0.25,0.25,0.0
phahon yothin rd (kaset-bangkhen) (fixed),13.841535_100.576800_cz2kOrpv2j9O_vD990Db3w_119_2024-11.jpg,SAFE,None,0.0,0.0,0.0
phahon yothin rd (kaset-bangkhen) (fixed),13.841570_100.576552_rACTk_rXpKx43ZhQeXR5mw_304_2025-08.jpg,SAFE,None,0.0,0.0,0.0
phahon yothin rd (kaset-bangkhen) (fixed),13.841647_100.576604_TMAIh3JjwwsVImmQzR3JHg_303_2025-08.jpg,SAFE,None,0.0,0.0,0.0
phahon yothin rd (kaset-bangkhen) (fixed),13.841650_100.576862_J-ZQYEJkamWqj_GPyl2Z6A_118_2024-11.jpg,SAFE,None,0.19,0.19,0.0
phahon yothin rd (kaset-bangkhen) (fixed),13.841766_100.576679_ZHqsCJkyT1QoCiDeA-mCnw_301_2025-08.jpg,SAFE,None,0.0,0.0,0.0
phahon yothin rd (kaset-bangkhen) (fixed),13.841806_100.576703_p_Bdd3WV1EM1ebSDrQnaIA_301_2025-08.jpg,SAFE,None,0.0,0.0,0.0
phahon yothin rd (kaset-bangkhen) (fixed),13.841844_100.576970_WZHfCzsFVaayimGr3v99AQ_118_2024-11.jpg,SAFE,None,0.0,0.0,0.0
phahon yothin rd (kaset-bangkhen) (fixed),13.841884_100.576992_seVw9zIS4tCy3YwBkMR4wA_121_2024-11.jpg,SAFE,None,0.0,0.0,0.0
phahon yothin rd (kaset-bangkhen) (fixed),13.841886_100.576751_lOLSiK-I_1MmwsytLE85rw_301_2025-08.jpg,SAFE,None,0.0,0.0,0.0
phahon yothin rd (kaset-bangkhen) (fixed),13.841962_100.577035_W0sIMUkwMCJY8eEwNSip5g_118_2024-11.jpg,SAFE,None,9.68,9.68,0.0
phahon yothin rd (kaset-bangkhen) (fixed),13.841965_100.576800_S1hImZSRj6dv-auJY9SdaA_302_2025-08.jpg,SAFE,None,0.0,0.0,0.0
phahon yothin rd (kaset-bangkhen) (fixed),13.842041_100.577081_UDkdPSjKt3rpRripyKnP_A_119_2024-11.jpg,SAFE,None,15.04,15.04,0.0
phahon yothin rd (kaset-bangkhen) (fixed),13.842043_100.576849_a5epdZ-Mx7CfozxpPVqzVg_302_2025-08.jpg,SAFE,None,0.0,0.0,0.0
phahon yothin rd (kaset-bangkhen) (fixed),13.842121_100.576897_NFtbAccCi8S72JXYa1VXHA_301_2025-08.jpg,SAFE,None,0.0,0.0,0.0
phahon yothin rd (kaset-bangkhen) (fixed),13.842121_100.577129_lYWwF6eCANuo774g3ztQAQ_120_2024-11.jpg,SAFE,None,0.0,0.0,0.0
phahon yothin rd (kaset-bangkhen) (fixed),13.842200_100.576945_Kr6fFwxy9apM69qEcIWIkw_301_2025-08.jpg,SAFE,None,0.0,0.0,0.0
phahon yothin rd (kaset-bangkhen) (fixed),13.842201_100.577175_thK-Jg0OYqkCJHR9Hc2W7w_120_2024-11.jpg,SAFE,None,17.52,17.52,0.0
phahon yothin rd (kaset-bangkhen) (fixed),13.842279_100.576993_BLv5eSe2128oo6KOf_XpWA_301_2025-08.jpg,SAFE,None,0.0,0.0,0.0
phahon yothin rd (kaset-bangkhen) (fixed),13.842281_100.577223_wPRhaebFv8sy1i4e9zeJ2A_121_2024-11.jpg,SAFE,None,0.0,0.0,0.0
phahon yothin rd (kaset-bangkhen) (fixed),13.842357_100.577040_ei-nMB1L5OIajJfaf2n3sQ_301_2025-08.jpg,SAFE,None,0.0,0.0,0.0
phahon yothin rd (kaset-bangkhen) (fixed),13.842361_100.577270_7vaO83Yhl408fkMYxj4fRw_120_2024-11.jpg,SAFE,None,0.0,0.0,0.0
phahon yothin rd (kaset-bangkhen) (fixed),13.842435_100.577088_Egl1I8w61wTOG1w_aRxtYg_299_2025-01.jpg,SAFE,None,0.0,0.0,0.0
phahon yothin rd (kaset-bangkhen) (fixed),13.842485_100.577341_hRxl00-aJ56duFLSIXfldQ_120_2024-11.jpg,SAFE,None,0.13,0.13,0.0
phahon yothin rd (kaset-bangkhen) (fixed),13.842513_100.577135_U2bNBZ7dISywVqj61yKJRg_301_2025-08.jpg,SAFE,None,0.0,0.0,0.0
phahon yothin rd (kaset-bangkhen) (fixed),13.842567_100.577388_kdun_Hp_UXG6S5Loxj94mg_120_2024-11.jpg,SAFE,None,0.0,0.0,0.0
phahon yothin rd (kaset-bangkhen) (fixed),13.842592_100.577184_d0WEOkPF4ylXzWn8NYAPUA_301_2025-08.jpg,SAFE,None,0.61,0.61,0.0
phahon yothin rd (kaset-bangkhen) (fixed),13.842646_100.577434_RL-hDXfmhOES9h43l3EPcA_120_2024-11.jpg,SAFE,None,6.23,6.23,0.0
phahon yothin rd (kaset-bangkhen) (fixed),13.842672_100.577232_Xn7Yz-h1ISF2IlHb1NCf1Q_301_2025-08.jpg,SAFE,None,0.72,0.72,0.0
phahon yothin rd (kaset-bangkhen) (fixed),13.842722_100.577478_0SAQN79StBfVtMVTw01M-Q_119_2024-11.jpg,WARNING,OBSTACLE,21.61,21.61,0.0
phahon yothin rd (kaset-bangkhen) (fixed),13.842752_100.577281_YD-tsmO-IM0oKNGrOYNBvw_299_2025-01.jpg,SAFE,None,0.32,0.32,0.0
phahon yothin rd (kaset-bangkhen) (fixed),13.842801_100.577525_cjGnF4UOk9VKKHgGaMjTHQ_119_2024-11.jpg,SAFE,None,0.0,0.0,0.0
phahon yothin rd (kaset-bangkhen) (fixed),13.842832_100.577326_xjnXfOauGUXtZddWmAvBYg_299_2025-08.jpg,SAFE,None,0.82,0.82,0.0
phahon yothin rd (kaset-bangkhen) (fixed),13.842879_100.577571_GxJKZpDroG_iJv4u-1rBvA_119_2024-11.jpg,CRITICAL,OBSTACLE,60.9,60.9,0.0
phahon yothin rd (kaset-bangkhen) (fixed),13.842910_100.577372_k67viviwqAf0on9fVt4c_Q_300_2025-08.jpg,SAFE,None,16.52,16.52,0.0
phahon yothin rd (kaset-bangkhen) (fixed),13.842957_100.577617_x_gGMOjEoTTIIkSnu8dR3A_120_2024-11.jpg,SAFE,None,13.14,13.14,0.0
phahon yothin rd (kaset-bangkhen) (fixed),13.842988_100.577417_rwZARUneOvofuxCXgjYG5g_300_2025-08.jpg,SAFE,None,0.89,0.89,0.0
phahon yothin rd (kaset-bangkhen) (fixed),13.843061_100.577459_TzdpSpHxmb4vdZIS5iALuw_300_2025-01.jpg,SAFE,None,19.92,19.92,0.0
phahon yothin rd (kaset-bangkhen) (fixed),13.843121_100.577712_HYqAUp4bgi44R4yfDHPLaQ_120_2024-11.jpg,SAFE,None,0.0,0.0,0.0
phahon yothin rd (kaset-bangkhen) (fixed),13.843134_100.577502_NDhe3IBad3Te0yqxGGJKMw_300_2025-08.jpg,SAFE,None,1.04,1.04,0.0
phahon yothin rd (kaset-bangkhen) (fixed),13.843211_100.577548_mMX-ZAU77Na5al9uoQ4Q3A_300_2025-08.jpg,SAFE,None,0.67,0.67,0.0
phahon yothin rd (kaset-bangkhen) (fixed),13.843238_100.577780_bMS8zuoY29sKMfYXB0SYRg_120_2024-11.jpg,SAFE,None,3.9,3.9,0.0
phahon yothin rd (kaset-bangkhen) (fixed),13.843290_100.577595__mGk_AWiSq3h1ipmhl9z-g_299_2025-01.jpg,SAFE,None,0.0,0.0,0.0
phahon yothin rd (kaset-bangkhen) (fixed),13.843314_100.577826_Ur283UjeyVgo_Ti4LoroqQ_121_2024-11.jpg,SAFE,None,0.16,0.16,0.0
phahon yothin rd (kaset-bangkhen) (fixed),13.843377_100.577645_T00wAQFqrf2nRVJmbmKDyA_299_2025-08.jpg,SAFE,None,5.85,5.85,0.0
phahon yothin rd (kaset-bangkhen) (fixed),13.843463_100.577694_YfOkKros8Fz6XmSt7chsBw_303_2025-01.jpg,SAFE,None,0.89,0.89,0.0
phahon yothin rd (kaset-bangkhen) (fixed),13.843470_100.577920_urVxdXNCHGqCv3b4kS6bvQ_120_2024-11.jpg,SAFE,None,3.07,3.07,0.0
phahon yothin rd (kaset-bangkhen) (fixed),13.843504_100.577718_twBKKcJxNozJb__jVKLzow_300_2025-08.jpg,SAFE,None,0.0,0.0,0.0
phahon yothin rd (kaset-bangkhen) (fixed),13.843558_100.577972_FGnCbgZ0Rb-Jtcbe0-GX1g_120_2024-11.jpg,SAFE,None,3.87,3.87,0.0
phahon yothin rd (kaset-bangkhen) (fixed),13.843587_100.577765_PKp9Bl5WklakU-UTuQIkGQ_300_2025-08.jpg,SAFE,None,6.79,6.79,0.0
phahon yothin rd (kaset-bangkhen) (fixed),13.843634_100.578019_02SQ93MJ0rAtIJS2j_VtjA_119_2024-11.jpg,SAFE,None,1.23,1.23,0.0
phahon yothin rd (kaset-bangkhen) (fixed),13.843669_100.577812_OsMhjTkkJdItG1nIH2Geog_301_2025-01.jpg,SAFE,None,3.21,3.21,0.0
phahon yothin rd (kaset-bangkhen) (fixed),13.843731_100.578075_LsX0ClUlAzqdCYLD7CHR1w_119_2024-11.jpg,SAFE,None,1.12,1.12,0.0
phahon yothin rd (kaset-bangkhen) (fixed),13.843749_100.577858_nsSW6u8RYh1pHNxvLPKWrA_300_2025-08.jpg,SAFE,None,0.0,0.0,0.0
phahon yothin rd (kaset-bangkhen) (fixed),13.843811_100.578120_zUJ48xwWT5snoAAobSHhwQ_119_2024-11.jpg,SAFE,None,5.47,3.95,1.52
phahon yothin rd (kaset-bangkhen) (fixed),13.843829_100.577906_qjkBxVgHZ-hMoRwapmd4Jg_300_2025-08.jpg,SAFE,None,2.77,0.63,2.14
phahon yothin rd (kaset-bangkhen) (fixed),13.843910_100.577955_VBg3qNKlC7Fbx3ged_I6hA_302_2025-01.jpg,SAFE,None,4.1,4.1,0.0
phahon yothin rd (kaset-bangkhen) (fixed),13.843926_100.578187_cvvwWJ9k3HW-NDiIyHLrmg_120_2024-11.jpg,SAFE,None,0.0,0.0,0.0
phahon yothin rd (kaset-bangkhen) (fixed),13.843991_100.578003_Hb_2F44YJXm38pLdgyNyGQ_300_2025-08.jpg,SAFE,None,2.85,2.85,0.0
phahon yothin rd (kaset-bangkhen) (fixed),13.844021_100.578243_c_uCw3soJ_euamKDEzuNWg_120_2024-11.jpg,SAFE,None,0.34,0.34,0.0
phahon yothin rd (kaset-bangkhen) (fixed),13.844072_100.578050_O0zb_m9pqHWFJm6-plBLTQ_301_2025-01.jpg,SAFE,None,0.55,0.55,0.0
phahon yothin rd (kaset-bangkhen) (fixed),13.844096_100.578288_4GpS6gTcq-bY7CuMu4HHXg_121_2024-11.jpg,SAFE,None,1.32,1.32,0.0
phahon yothin rd (kaset-bangkhen) (fixed),13.844153_100.578097_YrkiSMpGMbf7YOEg9cQkbQ_300_2025-08.jpg,SAFE,None,0.35,0.35,0.0
phahon yothin rd (kaset-bangkhen) (fixed),13.844173_100.578332_Yy7_rgyZgn7IImOS9Xk3qQ_123_2024-11.jpg,SAFE,None,0.72,0.72,0.0
phahon yothin rd (kaset-bangkhen) (fixed),13.844234_100.578143_w8C-lsqA98Ti0WzcWepb8A_300_2025-08.jpg,SAFE,None,0.59,0.59,0.0
phahon yothin rd (kaset-bangkhen) (fixed),13.844292_100.578403_7cX35Gm6qLvidttlPWG04g_120_2024-11.jpg,SAFE,None,1.42,1.42,0.0
phahon yothin rd (kaset-bangkhen) (fixed),13.844315_100.578191_JFNjv8KRaopogQUA38o_Ww_300_2025-08.jpg,SAFE,None,2.42,2.42,0.0
phahon yothin rd (kaset-bangkhen) (fixed),13.844396_100.578238_5G-h9rHf10npWOAZuEqRdA_300_2025-08.jpg,SAFE,None,0.0,0.0,0.0
phahon yothin rd (kaset-bangkhen) (fixed),13.844448_100.578496_aDeZ8SPVs213xbgIpbiLtg_120_2024-11.jpg,SAFE,None,0.0,0.0,0.0
phahon yothin rd (kaset-bangkhen) (fixed),13.844476_100.578286_FNS9nm8ud_8qjciE7yzJmw_300_2025-08.jpg,SAFE,None,1.19,1.19,0.0
phahon yothin rd (kaset-bangkhen) (fixed),13.844556_100.578333_-Mu8egccjEtk3XJpC2uxTA_300_2025-08.jpg,SAFE,None,0.0,0.0,0.0
phahon yothin rd (kaset-bangkhen) (fixed),13.844568_100.578566_PWrdc1QT8woOIAOm9XyarA_106_2024-11.jpg,SAFE,None,0.66,0.66,0.0
phahon yothin rd (kaset-bangkhen) (fixed),13.844636_100.578380_8wCBF-RT8Psm2h9NnBpAew_301_2025-01.jpg,SAFE,None,0.48,0.48,0.0
phahon yothin rd (kaset-bangkhen) (fixed),13.844649_100.578614_PNpNgBdaz-oslNS38cy_8Q_119_2024-11.jpg,SAFE,None,1.35,1.35,0.0
phahon yothin rd (kaset-bangkhen) (fixed),13.844716_100.578428_cP_CA35WUjDoFAFx9CenfA_301_2025-08.jpg,SAFE,None,0.0,0.0,0.0
phahon yothin rd (kaset-bangkhen) (fixed),13.844735_100.578664_j0GmHafKrMUlNbcgPVJxKg_119_2024-11.jpg,SAFE,None,0.0,0.0,0.0
phahon yothin rd (kaset-bangkhen) (fixed),13.844796_100.578476_YYtj5oIz-6GcGQMC26fJRA_301_2025-08.jpg,SAFE,None,1.68,1.68,0.0
phahon yothin rd (kaset-bangkhen) (fixed),13.844820_100.578718_NCpgMZm5h4JQ1q0JyP4wcQ_120_2024-11.jpg,SAFE,None,0.59,0.59,0.0
phahon yothin rd (kaset-bangkhen) (fixed),13.844875_100.578523_oJIlhFlR0gzUqCzgIWK15w_300_2025-08.jpg,SAFE,None,1.59,1.59,0.0
phahon yothin rd (kaset-bangkhen) (fixed),13.844902_100.578761_hxaX9GMlUuHs5ej3Q_B_6g_120_2024-11.jpg,SAFE,None,10.54,10.54,0.0
phahon yothin rd (kaset-bangkhen) (fixed),13.844955_100.578571_TlJTSHICXEj0NxoQnFa7xw_300_2025-08.jpg,SAFE,None,1.12,1.12,0.0
phahon yothin rd (kaset-bangkhen) (fixed),13.844993_100.578816_2dzWavW87LEJx3xFVV-YVg_119_2024-11.jpg,WARNING,OBSTACLE,20.89,20.89,0.0
phahon yothin rd (kaset-bangkhen) (fixed),13.845035_100.578617_AtY6oKtXqE65rQMVV4Uclg_300_2025-08.jpg,SAFE,None,0.67,0.67,0.0
phahon yothin rd (kaset-bangkhen) (fixed),13.845056_100.578853_UGC9JfWf6TJeYuRfH4m_dw_119_2024-11.jpg,SAFE,None,7.54,7.54,0.0
phahon yothin rd (kaset-bangkhen) (fixed),13.845115_100.578663_gCS8OL0PAsMckjotUhDN2Q_300_2025-08.jpg,SAFE,None,1.07,1.07,0.0
phahon yothin rd (kaset-bangkhen) (fixed),13.845141_100.578904_LllXb8_44XHdbHyJnMVAbg_121_2024-11.jpg,SAFE,None,5.5,5.5,0.0
phahon yothin rd (kaset-bangkhen) (fixed),13.845195_100.578710_1jbKKbWvjlsTLdp4OUqlzA_300_2025-08.jpg,SAFE,None,0.0,0.0,0.0
phahon yothin rd (kaset-bangkhen) (fixed),13.845233_100.578733_rY3tgyxkWPhjiX1LjuG33Q_300_2025-08.jpg,SAFE,None,0.36,0.36,0.0
phahon yothin rd (kaset-bangkhen) (fixed),13.845265_100.578973_ypQ7BelhzhQ4XLCpmT_LJA_119_2024-11.jpg,SAFE,None,4.44,4.44,0.0
phahon yothin rd (kaset-bangkhen) (fixed),13.845305_100.578997_-Dae67yzQ0mOT9vkqeSWQg_118_2024-11.jpg,SAFE,None,0.28,0.28,0.0
phahon yothin rd (kaset-bangkhen) (fixed),13.845312_100.578779_4CE2Yjbm44jhAJAR6r9b9w_300_2025-08.jpg,SAFE,None,0.0,0.0,0.0
phahon yothin rd (kaset-bangkhen) (fixed),13.845344_100.579020_g0z4PrL3rhFFtxFcO5ve7g_113_2024-11.jpg,SAFE,None,0.56,0.56,0.0
phahon yothin rd (kaset-bangkhen) (fixed),13.845392_100.578825_Cr4aXe8xuUkMnUgsWYIHeA_300_2025-08.jpg,WARNING,OBSTACLE,27.83,27.83,0.0
phahon yothin rd (kaset-bangkhen) (fixed),13.845423_100.579068_5ImHTejltmipWHS7swccPg_115_2024-11.jpg,SAFE,None,0.0,0.0,0.0
phahon yothin rd (kaset-bangkhen) (fixed),13.845472_100.578872__mjOR5yySiZNjG4FFkZMAA_300_2025-08.jpg,SAFE,None,0.83,0.83,0.0
phahon yothin rd (kaset-bangkhen) (fixed),13.845505_100.579116_RcjDOu1E8z9-dGKg7Yt0bA_117_2024-11.jpg,SAFE,None,6.15,6.15,0.0
phahon yothin rd (kaset-bangkhen) (fixed),13.845552_100.578919_-4CceWBS-SJcx1OmxBe0rA_300_2025-08.jpg,SAFE,None,0.0,0.0,0.0
phahon yothin rd (kaset-bangkhen) (fixed),13.845590_100.579167_R9m6kbiMwJQdzEGe1G1sQw_118_2024-11.jpg,SAFE,None,4.85,4.85,0.0
phahon yothin rd (kaset-bangkhen) (fixed),13.845632_100.578965_BW5gGT9NYHvDHcBeOtlTKg_300_2025-08.jpg,SAFE,None,14.49,6.49,8.0
phahon yothin rd (kaset-bangkhen) (fixed),13.845711_100.579011_BqNDUHfGvFZIWsUdUDe87g_300_2025-08.jpg,SAFE,None,4.25,4.25,0.0
phahon yothin rd (kaset-bangkhen) (fixed),13.845788_100.579284_cZDoyMPXYWFi25ERTNTpgA_120_2024-11.jpg,SAFE,None,1.0,1.0,0.0
phahon yothin rd (kaset-bangkhen) (fixed),13.845790_100.579057_YRHUXJ8OvKfh7TplQxUxjg_300_2025-08.jpg,SAFE,None,2.05,2.05,0.0
phahon yothin rd (kaset-bangkhen) (fixed),13.845866_100.579330_Xd8cvbZprkWg7FyHUmp_Gw_121_2024-11.jpg,SAFE,None,4.88,4.88,0.0
phahon yothin rd (kaset-bangkhen) (fixed),13.845869_100.579104_FCTs3fP-MPj6RxUfn1kYvg_300_2025-08.jpg,SAFE,None,0.36,0.36,0.0
phahon yothin rd (kaset-bangkhen) (fixed),13.845948_100.579150_UpKIuDhtlqsZ1kQXYZi9PA_300_2025-08.jpg,SAFE,None,1.03,1.03,0.0
phahon yothin rd (kaset-bangkhen) (fixed),13.845982_100.579399_ZaKymGVARRpNKaiQIZ4hfg_121_2024-11.jpg,SAFE,None,1.87,1.87,0.0
phahon yothin rd (kaset-bangkhen) (fixed),13.846027_100.579197_wTHOJdY_dAmyRhwPb77aaA_300_2025-08.jpg,SAFE,None,0.4,0.4,0.0
phahon yothin rd (kaset-bangkhen) (fixed),13.846105_100.579243_BQXpN8KNghaWrYCjCjVQNg_300_2025-08.jpg,SAFE,None,3.02,3.02,0.0
phahon yothin rd (kaset-bangkhen) (fixed),13.846184_100.579290_caFHckKAibYmyt_i6_2y2A_300_2025-08.jpg,SAFE,None,1.35,1.35,0.0
phahon yothin rd (kaset-bangkhen) (fixed),13.846221_100.579540_mzWfVqP_T08gKttM8WjdMQ_121_2024-11.jpg,SAFE,None,1.37,1.37,0.0
phahon yothin rd (kaset-bangkhen) (fixed),13.846263_100.579336_IJGKiyyG-_V-2_ybSVdTkQ_300_2025-08.jpg,SAFE,None,0.0,0.0,0.0
phahon yothin rd (kaset-bangkhen) (fixed),13.846342_100.579383_dYiiNlF6rI0MwSk4WkGWRQ_300_2025-08.jpg,SAFE,None,0.43,0.43,0.0
phahon yothin rd (kaset-bangkhen) (fixed),13.846346_100.579612_z7-om-UEsiXmWDhDEFVOBg_121_2024-11.jpg,SAFE,None,0.55,0.55,0.0
phahon yothin rd (kaset-bangkhen) (fixed),13.846421_100.579429_Q3I8uxA7d0BUdfHQf1v_cQ_300_2025-08.jpg,SAFE,None,0.53,0.53,0.0
phahon yothin rd (kaset-bangkhen) (fixed),13.846457_100.579675_cM97gZzld-7jOpkV09fYTQ_121_2024-11.jpg,SAFE,None,0.67,0.67,0.0
phahon yothin rd (kaset-bangkhen) (fixed),13.846501_100.579476_y9is9aDcUT3lqdGXe7sWzg_300_2025-08.jpg,SAFE,None,0.54,0.54,0.0
phahon yothin rd (kaset-bangkhen) (fixed),13.846534_100.579723_glkSWGKZ8WjTcN035NJhgg_120_2024-11.jpg,SAFE,None,0.72,0.72,0.0
phahon yothin rd (kaset-bangkhen) (fixed),13.846581_100.579522_g3JjFu8Rnkuu3T57dis1Kg_300_2025-08.jpg,SAFE,None,0.23,0.23,0.0
phahon yothin rd (kaset-bangkhen) (fixed),13.846658_100.579799_wM_TxZJxBpr6jJX4Ly9PLg_120_2024-11.jpg,SAFE,None,0.42,0.42,0.0
phahon yothin rd (kaset-bangkhen) (fixed),13.846660_100.579569_Ng1ljLi-TCq7A__DNR087A_300_2025-08.jpg,SAFE,None,0.0,0.0,0.0
phahon yothin rd (kaset-bangkhen) (fixed),13.846729_100.579840_SCCGIQSrNAbbKryOVg_fBg_120_2024-11.jpg,SAFE,None,0.95,0.95,0.0
phahon yothin rd (kaset-bangkhen) (fixed),13.846740_100.579616_1e3pFMKS-Adg-VnGj-xJHg_300_2025-08.jpg,SAFE,None,1.29,1.29,0.0
phahon yothin rd (kaset-bangkhen) (fixed),13.846807_100.579887_SKzNPukbH32jQQTGA7a_fw_120_2024-11.jpg,SAFE,None,1.43,1.43,0.0
phahon yothin rd (kaset-bangkhen) (fixed),13.846819_100.579663_HyJShRDEbce6pH7NVWJ_6g_300_2025-08.jpg,SAFE,None,3.15,3.15,0.0
phahon yothin rd (kaset-bangkhen) (fixed),13.846890_100.579933_la1RG_tCsQ53RuB8Ku8MTA_120_2024-11.jpg,SAFE,None,9.44,9.44,0.0
phahon yothin rd (kaset-bangkhen) (fixed),13.846899_100.579710_jra55jsmSSoTibzjkLrxdg_301_2025-08.jpg,SAFE,None,0.91,0.91,0.0
phahon yothin rd (kaset-bangkhen) (fixed),13.846966_100.579980_j2mBbdaiIrJShx7lQgdSag_120_2024-11.jpg,SAFE,None,0.0,0.0,0.0
phahon yothin rd (kaset-bangkhen) (fixed),13.847004_100.580003_9u-7j9FphbT5_vuW0G7ipQ_120_2024-11.jpg,SAFE,None,0.37,0.37,0.0
phahon yothin rd (kaset-bangkhen) (fixed),13.847021_100.579783_9qXs-guE-BYbYU8Qbk_RRg_300_2025-08.jpg,SAFE,None,9.33,9.33,0.0
phahon yothin rd (kaset-bangkhen) (fixed),13.847083_100.580049_XvWfyi7b_9I7Mh0O7uTSmA_120_2024-11.jpg,SAFE,None,4.83,4.83,0.0
phahon yothin rd (kaset-bangkhen) (fixed),13.847102_100.579831_r4xxasu6gd_znkWS5_ELCg_300_2025-08.jpg,SAFE,None,0.0,0.0,0.0
phahon yothin rd (kaset-bangkhen) (fixed),13.847164_100.580097_7N4EUVmPydbpPXblBQLLQA_121_2024-11.jpg,SAFE,None,1.61,1.61,0.0
phahon yothin rd (kaset-bangkhen) (fixed),13.847182_100.579878_DRRbt8BXPFEwPil_cO0qSA_300_2025-08.jpg,SAFE,None,0.0,0.0,0.0
phahon yothin rd (kaset-bangkhen) (fixed),13.847250_100.580156_MbZX64cQI8RsE-eoNo2OFw_138_2024-11.jpg,SAFE,None,0.0,0.0,0.0
phahon yothin rd (kaset-bangkhen) (fixed),13.847262_100.579925_nge2QLNaAneuYLofG-a9QA_300_2025-08.jpg,SAFE,None,0.3,0.3,0.0
phahon yothin rd (kaset-bangkhen) (fixed),13.847333_100.580202_Z52Rq2g_al6DAV-k2UOFww_98_2024-11.jpg,SAFE,None,1.2,1.2,0.0
phahon yothin rd (kaset-bangkhen) (fixed),13.847342_100.579972_UOsqLXv3ooYpys6q8XzA8Q_300_2025-08.jpg,SAFE,None,1.72,1.72,0.0
phahon yothin rd (kaset-bangkhen) (fixed),13.847403_100.580234_Joh1CdLlMDh6738wHZ1w6g_120_2024-11.jpg,SAFE,None,0.72,0.72,0.0
phahon yothin rd (kaset-bangkhen) (fixed),13.847422_100.580019_i9Ws5gPp67RkOfAIB0UB1g_300_2025-08.jpg,SAFE,None,0.0,0.0,0.0
phahon yothin rd (kaset-bangkhen) (fixed),13.847476_100.580278_jVWiee8QnznBYdONdG7rZA_120_2024-11.jpg,SAFE,None,1.77,1.77,0.0
phahon yothin rd (kaset-bangkhen) (fixed),13.847501_100.580066_5cWOISZNEfWm-VYWYJbKWg_300_2025-08.jpg,SAFE,None,1.05,1.05,0.0
phahon yothin rd (kaset-bangkhen) (fixed),13.847553_100.580324_9864GX02P6pw2egAlaerlg_120_2024-11.jpg,SAFE,None,0.48,0.48,0.0
phahon yothin rd (kaset-bangkhen) (fixed),13.847581_100.580114_oMdtWmVhxf9di1sHiahDkQ_300_2025-08.jpg,SAFE,None,1.05,1.05,0.0
phahon yothin rd (kaset-bangkhen) (fixed),13.847630_100.580369_NvAlxaechvYRGefk3pQTKg_120_2024-11.jpg,SAFE,None,0.23,0.23,0.0
phahon yothin rd (kaset-bangkhen) (fixed),13.847661_100.580161_14z0nb7p6gbMbkwrIpGlXA_300_2025-08.jpg,SAFE,None,2.09,2.09,0.0
phahon yothin rd (kaset-bangkhen) (fixed),13.847708_100.580415_vM7sX1B6scknA0Cyfe80gA_120_2024-11.jpg,SAFE,None,1.04,1.04,0.0
phahon yothin rd (kaset-bangkhen) (fixed),13.847740_100.580207_Ay1zx1D8s0ILpAlkRRe9rQ_300_2025-08.jpg,SAFE,None,0.0,0.0,0.0
phahon yothin rd (kaset-bangkhen) (fixed),13.847786_100.580461_BkfmVGQH_mYipnpZ6F1Zbg_120_2024-11.jpg,SAFE,None,4.37,4.37,0.0
phahon yothin rd (kaset-bangkhen) (fixed),13.847819_100.580254_TBpO8QJfXS9Y4Rl6cRqiPw_300_2025-08.jpg,SAFE,None,4.92,4.92,0.0
phahon yothin rd (kaset-bangkhen) (fixed),13.847865_100.580507_rIMdzHbLteZnHy5pRc3P_w_120_2024-11.jpg,SAFE,None,1.41,1.41,0.0
phahon yothin rd (kaset-bangkhen) (fixed),13.847900_100.580302_LN302O5xj5D4ydo1_r2hrw_300_2025-08.jpg,SAFE,None,0.0,0.0,0.0
phahon yothin rd (kaset-bangkhen) (fixed),13.847945_100.580552_bWRJj4WjJ3cADnuEf1BZCQ_120_2024-11.jpg,SAFE,None,3.75,1.49,2.26
phahon yothin rd (kaset-bangkhen) (fixed),13.847980_100.580350_R0RefG77zS_79KpFU-wUDQ_301_2025-08.jpg,SAFE,None,0.81,0.81,0.0
phahon yothin rd (kaset-bangkhen) (fixed),13.848024_100.580598_XRwet1SFuJ0GlBCOw8rtdg_120_2024-11.jpg,SAFE,None,0.89,0.89,0.0
phahon yothin rd (kaset-bangkhen) (fixed),13.848060_100.580397_zBhk53Fqvrng-Ki1Cuhp4w_301_2025-08.jpg,SAFE,None,1.01,1.01,0.0
phahon yothin rd (kaset-bangkhen) (fixed),13.848103_100.580645_-Wl6FvKcfwam3lWuUnnvTQ_120_2024-11.jpg,SAFE,None,0.71,0.71,0.0
phahon yothin rd (kaset-bangkhen) (fixed),13.848139_100.580448_WeeKkTt1ICCLvcb2a_AmhA_303_2025-08.jpg,SAFE,None,2.42,2.42,0.0
phahon yothin rd (kaset-bangkhen) (fixed),13.848182_100.580691_hAahSnpVLyg4qHs7AEIvjA_120_2024-11.jpg,SAFE,None,0.0,0.0,0.0
phahon yothin rd (kaset-bangkhen) (fixed),13.848217_100.580501_ov8A6HyM_Mroie6xWMf_Hg_304_2025-08.jpg,SAFE,None,0.0,0.0,0.0
phahon yothin rd (kaset-bangkhen) (fixed),13.848262_100.580737_TJT03Tn01_XKJv4_XUfwVg_120_2024-11.jpg,SAFE,None,0.25,0.25,0.0
phahon yothin rd (kaset-bangkhen) (fixed),13.848294_100.580553_Bp3hWRQgDv66mxzEFtLw_Q_303_2025-08.jpg,SAFE,None,0.0,0.0,0.0
phahon yothin rd (kaset-bangkhen) (fixed),13.848342_100.580784_oopRGCm8lomYT-AoQPOj3Q_120_2024-11.jpg,SAFE,None,0.5,0.5,0.0
phahon yothin rd (kaset-bangkhen) (fixed),13.848372_100.580602_WRIDjcpmaVF1NeAIG43E-Q_302_2025-08.jpg,SAFE,None,0.0,0.0,0.0
phahon yothin rd (kaset-bangkhen) (fixed),13.848421_100.580830_dQMmSpv8SVp7Fl_kw6re6g_120_2024-11.jpg,SAFE,None,0.61,0.61,0.0
phahon yothin rd (kaset-bangkhen) (fixed),13.848450_100.580651_aE7CRg3MtnGsaBfXu5u4oQ_301_2025-08.jpg,SAFE,None,0.43,0.43,0.0
phahon yothin rd (kaset-bangkhen) (fixed),13.848501_100.580876_lOlQzrgjvo9h8dhwmxgqlA_119_2024-11.jpg,SAFE,None,0.64,0.64,0.0
phahon yothin rd (kaset-bangkhen) (fixed),13.848529_100.580699_jtTRs8_QYFC_tV1UFhdsog_300_2025-08.jpg,SAFE,None,0.56,0.56,0.0
phahon yothin rd (kaset-bangkhen) (fixed),13.848581_100.580922_lDKNmrg2Fn4fMBOitMInVQ_119_2024-11.jpg,SAFE,None,0.17,0.17,0.0
phahon yothin rd (kaset-bangkhen) (fixed),13.848610_100.580746_FgYfLIkD-wI4wG3rKZQuIQ_300_2025-08.jpg,SAFE,None,3.21,3.21,0.0
phahon yothin rd (kaset-bangkhen) (fixed),13.848661_100.580968_gDpI7MjfqejoRhpSlZOD5g_119_2024-11.jpg,SAFE,None,4.35,4.35,0.0
phahon yothin rd (kaset-bangkhen) (fixed),13.848689_100.580793_nPw1T4VW-LD6ojcNMLHYcg_300_2025-08.jpg,SAFE,None,0.6,0.6,0.0
phahon yothin rd (kaset-bangkhen) (fixed),13.848741_100.581014_pIEZSc41Wt4D6ZDNOKNT6g_120_2024-11.jpg,SAFE,None,0.0,0.0,0.0
phahon yothin rd (kaset-bangkhen) (fixed),13.848768_100.580839_9uT9A7KYPH6dCaTk4QXbjA_300_2025-08.jpg,SAFE,None,0.0,0.0,0.0
phahon yothin rd (kaset-bangkhen) (fixed),13.848822_100.581062_nfmYNfl_WXeRbN86hRpFYA_120_2024-11.jpg,SAFE,None,3.34,3.34,0.0
phahon yothin rd (kaset-bangkhen) (fixed),13.848848_100.580887_YaigoW6zhYBfhfggityhag_300_2025-08.jpg,SAFE,None,0.0,0.0,0.0
phahon yothin rd (kaset-bangkhen) (fixed),13.848902_100.581110_7XrZi2SLrePVpfqVGpXnoA_120_2024-11.jpg,SAFE,None,1.19,1.19,0.0
phahon yothin rd (kaset-bangkhen) (fixed),13.848929_100.580934_rLQFgPVlcXxa4kn3vI6HGA_300_2025-08.jpg,SAFE,None,0.0,0.0,0.0
phahon yothin rd (kaset-bangkhen) (fixed),13.848942_100.581134_HyUCCKT5rSVE7Q2V7pfSqQ_120_2024-11.jpg,SAFE,None,2.25,2.25,0.0
phahon yothin rd (kaset-bangkhen) (fixed),13.849009_100.580981_sWswtYGgoZIavuCRzIHDzA_300_2025-08.jpg,SAFE,None,0.0,0.0,0.0
phahon yothin rd (kaset-bangkhen) (fixed),13.849022_100.581181_oe3NMSbdOTb5bDTdprZdRQ_121_2024-11.jpg,SAFE,None,0.0,0.0,0.0
phahon yothin rd (kaset-bangkhen) (fixed),13.849089_100.581029_fEXICfeUeVlAvb8R_zakBA_300_2025-08.jpg,SAFE,None,3.04,3.04,0.0
phahon yothin rd (kaset-bangkhen) (fixed),13.849140_100.581254_T_dYagt3tjlejWpp1I-wHg_121_2024-11.jpg,SAFE,None,0.0,0.0,0.0
phahon yothin rd (kaset-bangkhen) (fixed),13.849168_100.581074_ccdO2Oij4AuI3VpAPRhkJg_300_2025-08.jpg,SAFE,None,2.77,2.77,0.0
phahon yothin rd (kaset-bangkhen) (fixed),13.849207_100.581097_KTRXed5pNWWjoDHjy4GjzQ_300_2025-08.jpg,WARNING,SURFACE DAMAGE,28.42,5.78,22.64
phahon yothin rd (kaset-bangkhen) (fixed),13.849219_100.581301_Homuse7VLHANf07wz52z2w_120_2024-11.jpg,SAFE,None,4.9,2.57,2.33
phahon yothin rd (kaset-bangkhen) (fixed),13.849286_100.581142_8NNGny82JctRJgAByzaE6A_300_2025-08.jpg,SAFE,None,10.42,9.0,1.43
phahon yothin rd (kaset-bangkhen) (fixed),13.849298_100.581347_KIwUO6z8etvXFXdyp2eRiA_119_2024-11.jpg,SAFE,None,10.59,4.38,6.21
phahon yothin rd (kaset-bangkhen) (fixed),13.849363_100.581188_TZAtIzmdH-hioxDmb4LKpQ_301_2025-08.jpg,SAFE,None,12.03,12.03,0.0
phahon yothin rd (kaset-bangkhen) (fixed),13.849377_100.581392_3mykYjDt8GRLbduKYrR2uA_119_2024-11.jpg,SAFE,None,5.26,2.67,2.59
phahon yothin rd (kaset-bangkhen) (fixed),13.849442_100.581236_XNw03STxzvLx1girhTS41Q_301_2025-08.jpg,SAFE,None,8.02,8.02,0.0
phahon yothin rd (kaset-bangkhen) (fixed),13.849456_100.581438_RjkOX6OScXRwlq5fLy9vPQ_120_2024-11.jpg,SAFE,None,3.2,3.2,0.0
phahon yothin rd (kaset-bangkhen) (fixed),13.849521_100.581283_6ThEbRm0KYDNkZbh0voCeQ_300_2025-08.jpg,SAFE,None,2.75,2.75,0.0
phahon yothin rd (kaset-bangkhen) (fixed),13.849536_100.581482_sBj5-PhOgxuwGeb9mlUlgQ_120_2024-11.jpg,SAFE,None,4.89,1.25,3.64
phahon yothin rd (kaset-bangkhen) (fixed),13.849600_100.581330_7VV-cVKT7JkiXq0uAgF2pg_300_2025-08.jpg,SAFE,None,7.89,7.89,0.0
phahon yothin rd (kaset-bangkhen) (fixed),13.849615_100.581528_dAe-AheN3_-twGMUKyHUBg_120_2024-11.jpg,SAFE,None,1.26,1.26,0.0
phahon yothin rd (kaset-bangkhen) (fixed),13.849680_100.581377_oyi-SqBeAuWrFk9QLg7WLA_300_2025-08.jpg,SAFE,None,0.0,0.0,0.0
phahon yothin rd (kaset-bangkhen) (fixed),13.849695_100.581577_z3cTEKF4pszzXA6n8l2nwA_120_2024-11.jpg,SAFE,None,2.07,2.07,0.0
phahon yothin rd (kaset-bangkhen) (fixed),13.849760_100.581425_CozQKi246Mwaa4TmQsjW7Q_300_2025-08.jpg,SAFE,None,0.0,0.0,0.0
phahon yothin rd (kaset-bangkhen) (fixed),13.849774_100.581624_BTd8rh-8XaNmCYM1WI2_-w_120_2024-11.jpg,CRITICAL,SURFACE DAMAGE,51.66,0.0,51.66
phahon yothin rd (kaset-bangkhen) (fixed),13.849839_100.581472_hlD2oTwviZ7NRIBt3uJiBw_300_2025-08.jpg,SAFE,None,16.3,16.3,0.0
phahon yothin rd (kaset-bangkhen) (fixed),13.849853_100.581670_oyah0ZMy4o-hOqCRBPMa7Q_120_2024-11.jpg,SAFE,None,1.58,1.58,0.0
phahon yothin rd (kaset-bangkhen) (fixed),13.849919_100.581519_rzbtxJzsZ2nS24hJD7HTzw_300_2025-08.jpg,SAFE,None,5.87,5.87,0.0
phahon yothin rd (kaset-bangkhen) (fixed),13.849933_100.581715_5-jRkjPRkoh8AiF1MnaE9A_120_2024-11.jpg,CRITICAL,OBSTACLE,37.8,37.8,0.0
phahon yothin rd (kaset-bangkhen) (fixed),13.849999_100.581567_amujhKU42rc2FIcIzYlvWA_300_2025-08.jpg,SAFE,None,0.0,0.0,0.0
phahon yothin rd (kaset-bangkhen) (fixed),13.850013_100.581764_RwMZGAD_OCxgs1qBK7MAtw_120_2024-11.jpg,SAFE,None,0.0,0.0,0.0
phahon yothin rd (kaset-bangkhen) (fixed),13.850079_100.581614_pP5LkLMhAaqM2yvj9iBVrA_300_2025-08.jpg,SAFE,None,4.11,4.11,0.0
phahon yothin rd (kaset-bangkhen) (fixed),13.850093_100.581810_AkgK-PJrt6PC0jVNc2XzvA_119_2024-11.jpg,SAFE,None,0.0,0.0,0.0
phahon yothin rd (kaset-bangkhen) (fixed),13.850118_100.581637_dcbg_uDU7MP7LFILYyNQFA_300_2025-08.jpg,WARNING,OBSTACLE,22.46,22.46,0.0
phahon yothin rd (kaset-bangkhen) (fixed),13.850172_100.581856_YqRs20lzGlyeWs6dIagRdA_120_2024-11.jpg,SAFE,None,0.0,0.0,0.0
phahon yothin rd (kaset-bangkhen) (fixed),13.850198_100.581684_Fc8D3ebYNVlIDnyMWYNXBw_300_2025-08.jpg,SAFE,None,17.3,17.3,0.0
phahon yothin rd (kaset-bangkhen) (fixed),13.850253_100.581902_NDtJCHTwd_IcaLkkidZiqw_120_2024-11.jpg,SAFE,None,0.38,0.38,0.0
phahon yothin rd (kaset-bangkhen) (fixed),13.850278_100.581730_yNkUWPWsLnhTue8b8ymnDA_300_2025-08.jpg,SAFE,None,5.63,5.63,0.0
phahon yothin rd (kaset-bangkhen) (fixed),13.850332_100.581949_1ZuVLfYd2GV3zaiC__jSZw_120_2024-11.jpg,SAFE,None,0.0,0.0,0.0
phahon yothin rd (kaset-bangkhen) (fixed),13.850358_100.581776_gmIr_SQwXDbIh_n2esF_Gw_300_2025-08.jpg,SAFE,None,0.0,0.0,0.0
phahon yothin rd (kaset-bangkhen) (fixed),13.850411_100.581996_CpIjyfbDLftt71euTKd-HA_120_2024-11.jpg,SAFE,None,0.0,0.0,0.0
phahon yothin rd (kaset-bangkhen) (fixed),13.850437_100.581822_K4XgS49oxqdGa8YaC0msvA_300_2025-08.jpg,SAFE,None,0.0,0.0,0.0
phahon yothin rd (kaset-bangkhen) (fixed),13.850490_100.582043_bBOa4Qn2rW6rHf4NGevDPQ_120_2024-11.jpg,WARNING,OBSTACLE,20.05,20.05,0.0
phahon yothin rd (kaset-bangkhen) (fixed),13.850517_100.581868_YzZNPkcaHiTFmofGTXgKMQ_300_2025-08.jpg,SAFE,None,0.0,0.0,0.0
phahon yothin rd (kaset-bangkhen) (fixed),13.850570_100.582090_OjKJ8N_e7FAplM7n_kK8fg_120_2024-11.jpg,SAFE,None,0.0,0.0,0.0
phahon yothin rd (kaset-bangkhen) (fixed),13.850597_100.581914_OjAm9ObKbr0jN-BllHzX4g_300_2025-08.jpg,SAFE,None,1.11,1.11,0.0
phahon yothin rd (kaset-bangkhen) (fixed),13.850650_100.582138_L1pLFlvEG1RWoa7qWr_fuw_120_2024-11.jpg,SAFE,None,15.47,15.47,0.0
phahon yothin rd (kaset-bangkhen) (fixed),13.850678_100.581960_fo69_1omAvgHabNlog0K6w_300_2025-08.jpg,SAFE,None,0.0,0.0,0.0
phahon yothin rd (kaset-bangkhen) (fixed),13.850729_100.582184_g7hEwcS-wS_2r_o9rMs-YA_120_2024-11.jpg,SAFE,None,17.27,17.27,0.0
phahon yothin rd (kaset-bangkhen) (fixed),13.850759_100.582007_QIHisisigjUf7avM9_TV4Q_300_2025-08.jpg,SAFE,None,3.08,3.08,0.0
phahon yothin rd (kaset-bangkhen) (fixed),13.850809_100.582231_RwnIFfofKHXP82XMEZHy-g_120_2024-11.jpg,SAFE,None,0.0,0.0,0.0
phahon yothin rd (kaset-bangkhen) (fixed),13.850839_100.582054_c5pznIKTt63bHvH6dJN9Ag_300_2025-08.jpg,SAFE,None,12.25,12.25,0.0
phahon yothin rd (kaset-bangkhen) (fixed),13.850888_100.582278_Jtx9dSGFO9fn7_JQxqx59g_120_2024-11.jpg,SAFE,None,11.3,11.3,0.0
phahon yothin rd (kaset-bangkhen) (fixed),13.850920_100.582101_iY5UPgotsYuK6TO3wXcezw_300_2025-08.jpg,WARNING,OBSTACLE,26.45,26.45,0.0
phahon yothin rd (kaset-bangkhen) (fixed),13.850967_100.582324_mJ-xYDjNRrML9G_HNUx_Zw_120_2024-11.jpg,SAFE,None,3.27,3.27,0.0
phahon yothin rd (kaset-bangkhen) (fixed),13.851000_100.582148_2SgsgM548YzgdYEZtK5ICg_300_2025-08.jpg,SAFE,None,12.92,12.92,0.0
phahon yothin rd (kaset-bangkhen) (fixed),13.851046_100.582368_P2SJCbjKo6tUewuazeqynw_120_2024-11.jpg,SAFE,None,3.21,3.21,0.0
phahon yothin rd (kaset-bangkhen) (fixed),13.851080_100.582196_rtw-eAdkL9Hc1NB_enGmBw_300_2025-08.jpg,SAFE,None,6.01,6.01,0.0
phahon yothin rd (kaset-bangkhen) (fixed),13.851125_100.582416_ophRp2ePWardqlo3dq-FRw_120_2024-11.jpg,SAFE,None,1.42,1.42,0.0
phahon yothin rd (kaset-bangkhen) (fixed),13.851160_100.582243_jlmGLk2ZXIgevAvh15V9mA_300_2025-08.jpg,SAFE,None,0.68,0.68,0.0
phahon yothin rd (kaset-bangkhen) (fixed),13.851205_100.582463_fsE9IbdATqjn3Du5EsyiNg_120_2024-11.jpg,SAFE,None,1.81,1.81,0.0
phahon yothin rd (kaset-bangkhen) (fixed),13.851240_100.582291_syJKh8FAgVyfAJ0umP0_CQ_300_2025-08.jpg,SAFE,None,2.34,2.34,0.0
phahon yothin rd (kaset-bangkhen) (fixed),13.851286_100.582509_ixT_UyaNPPMC7ETIfCsW0Q_120_2024-11.jpg,SAFE,None,2.67,1.81,0.85
phahon yothin rd (kaset-bangkhen) (fixed),13.851319_100.582338_AZT9k6mi4mV8v8Y1KL9qyA_300_2025-08.jpg,SAFE,None,1.98,1.98,0.0
phahon yothin rd (kaset-bangkhen) (fixed),13.851366_100.582556_hJE63UFzZUC5f5og8ROV9Q_120_2024-11.jpg,SAFE,None,8.19,8.19,0.0
phahon yothin rd (kaset-bangkhen) (fixed),13.851398_100.582385_26fuLo_ckoODcTpO6AwSrQ_300_2025-08.jpg,SAFE,None,2.64,2.64,0.0
phahon yothin rd (kaset-bangkhen) (fixed),13.851446_100.582602_XNCwaNbXgF3LPoZwz4tDOA_120_2024-11.jpg,SAFE,None,1.34,1.34,0.0
phahon yothin rd (kaset-bangkhen) (fixed),13.851477_100.582432_euztlF_vnJQ6MAhz7E4CLQ_301_2025-08.jpg,SAFE,None,3.13,3.13,0.0
phahon yothin rd (kaset-bangkhen) (fixed),13.851524_100.582647_n2LLzH16mvjY9H1zea6F2A_120_2024-11.jpg,SAFE,None,0.44,0.44,0.0
phahon yothin rd (kaset-bangkhen) (fixed),13.851556_100.582480_O6VAS30J6rwwQvZSBQSNJQ_301_2025-08.jpg,SAFE,None,3.3,3.3,0.0
phahon yothin rd (kaset-bangkhen) (fixed),13.851604_100.582694_PSuHRAARhHSDyrgCxpAMhg_120_2024-11.jpg,SAFE,None,0.0,0.0,0.0
phahon yothin rd (kaset-bangkhen) (fixed),13.851635_100.582527_hHHBDS-EPc1mejhP0PUObg_301_2025-08.jpg,SAFE,None,2.38,2.38,0.0
phahon yothin rd (kaset-bangkhen) (fixed),13.851685_100.582740_UG8bUP_pg0di259Vp7appA_120_2024-11.jpg,SAFE,None,12.5,3.96,8.55
phahon yothin rd (kaset-bangkhen) (fixed),13.851713_100.582574_JCV2h5s8jy01XWW8758DdA_301_2025-08.jpg,SAFE,None,0.0,0.0,0.0
phahon yothin rd (kaset-bangkhen) (fixed),13.851765_100.582787_mBFGh3SmfQi-nFoeNQpo6A_120_2024-11.jpg,SAFE,None,4.89,4.89,0.0
phahon yothin rd (kaset-bangkhen) (fixed),13.851792_100.582620_AvJI2Lm1gKUBtYSGalPM_w_300_2025-08.jpg,SAFE,None,4.32,4.32,0.0
phahon yothin rd (kaset-bangkhen) (fixed),13.851844_100.582834_ihPZAjrt60t8X5VKBCetYw_120_2024-11.jpg,SAFE,None,0.0,0.0,0.0
phahon yothin rd (kaset-bangkhen) (fixed),13.851871_100.582666_pQszj3aYJe2alBiOGtzs9g_300_2025-08.jpg,SAFE,None,3.5,3.5,0.0
phahon yothin rd (kaset-bangkhen) (fixed),13.851924_100.582881_G-YnOd44_A4xxm-oEO2nuA_120_2024-11.jpg,SAFE,None,0.0,0.0,0.0
phahon yothin rd (kaset-bangkhen) (fixed),13.851947_100.582709__VXF5_mCSRC0CPxicUpggQ_300_2025-08.jpg,SAFE,None,4.41,4.41,0.0
phahon yothin rd (kaset-bangkhen) (fixed),13.852003_100.582929_0V-4OqedQ_83UPcWf2cPDw_120_2024-11.jpg,SAFE,None,0.44,0.44,0.0
phahon yothin rd (kaset-bangkhen) (fixed),13.852083_100.582976_lhjXy78jjb9ytt7qX9QWTA_120_2024-11.jpg,SAFE,None,0.25,0.25,0.0
phahon yothin rd (kaset-bangkhen) (fixed),13.852097_100.582796_SjhS7-sl-5N6E9Z8fGtIlg_299_2025-08.jpg,SAFE,None,1.26,1.26,0.0
phahon yothin rd (kaset-bangkhen) (fixed),13.852163_100.583024_fjDp_dRaWK3OXZ2Bv4lpwQ_120_2024-11.jpg,SAFE,None,2.45,2.45,0.0
phahon yothin rd (kaset-bangkhen) (fixed),13.852203_100.582858_AD2t2sSoyvg2_6sRWvclTg_300_2025-08.jpg,SAFE,None,1.8,1.8,0.0
phahon yothin rd (kaset-bangkhen) (fixed),13.852242_100.583069_QOCy8hyLHgi5R80iE3RKtg_120_2024-11.jpg,SAFE,None,2.99,2.99,0.0
phahon yothin rd (kaset-bangkhen) (fixed),13.852308_100.582919_-C4ohJgU8ew3Z0i6IaMDBw_300_2025-08.jpg,SAFE,None,0.37,0.37,0.0
phahon yothin rd (kaset-bangkhen) (fixed),13.852321_100.583115_lRKOI5sIvlaz8VEYbQa1BQ_120_2024-11.jpg,SAFE,None,1.11,1.11,0.0
phahon yothin rd (kaset-bangkhen) (fixed),13.852389_100.582966_yYygTOwBs-aQNo322Z6pBA_300_2025-08.jpg,SAFE,None,1.26,1.26,0.0
phahon yothin rd (kaset-bangkhen) (fixed),13.852441_100.583187_lW33P5UXMxsUF257yjO_uQ_120_2024-11.jpg,SAFE,None,0.0,0.0,0.0
phahon yothin rd (kaset-bangkhen) (fixed),13.852486_100.583023_rFGIZbObCAiTq0IQRdtbmg_300_2025-08.jpg,SAFE,None,0.0,0.0,0.0
phahon yothin rd (kaset-bangkhen) (fixed),13.852522_100.583235_K3fD9gmlNSmWQoqC4PAVsA_120_2024-11.jpg,SAFE,None,1.72,1.72,0.0
phahon yothin rd (kaset-bangkhen) (fixed),13.852591_100.583086_-8CeVMaNJV2TyhJvFCcQ6Q_301_2025-08.jpg,SAFE,None,0.0,0.0,0.0
phahon yothin rd (kaset-bangkhen) (fixed),13.852641_100.583305_QNBoORFwIhThN83HlWIMdA_120_2024-11.jpg,SAFE,None,0.0,0.0,0.0
phahon yothin rd (kaset-bangkhen) (fixed),13.852677_100.583138_jfssLCPdIZZaxfrMuTdzKQ_301_2025-08.jpg,SAFE,None,0.0,0.0,0.0
phahon yothin rd (kaset-bangkhen) (fixed),13.852718_100.583162_MLtKGAXQy6Df0tXOT_sAYQ_300_2024-10.jpg,SAFE,None,1.67,1.67,0.0
phahon yothin rd (kaset-bangkhen) (fixed),13.852721_100.583353_UxmxoX8x8ah6GSiM42GayA_120_2024-11.jpg,SAFE,None,0.69,0.69,0.0
phahon yothin rd (kaset-bangkhen) (fixed),13.852797_100.583210_Y76Kk8BrshWrotUAzAyCbg_300_2025-08.jpg,SAFE,None,4.29,4.29,0.0
phahon yothin rd (kaset-bangkhen) (fixed),13.852801_100.583399_Cdv2n2zxe6UL7HPITPOviQ_120_2024-11.jpg,SAFE,None,0.46,0.46,0.0
phahon yothin rd (kaset-bangkhen) (fixed),13.852836_100.583233_N_PaI75fwc0BqXpHfYbleA_300_2025-08.jpg,SAFE,None,2.14,2.14,0.0
phahon yothin rd (kaset-bangkhen) (fixed),13.852881_100.583445_ZRiD9dSTI4XgrdYNRZvxzQ_119_2024-11.jpg,SAFE,None,5.51,0.45,5.06
phahon yothin rd (kaset-bangkhen) (fixed),13.852916_100.583280_2Q0qTyA2YzxgO99ycZMoeA_301_2025-08.jpg,SAFE,None,0.29,0.29,0.0
phahon yothin rd (kaset-bangkhen) (fixed),13.852960_100.583491_Ad0UamgPE0ksJNe4hXQUHA_120_2024-11.jpg,SAFE,None,0.66,0.66,0.0
phahon yothin rd (kaset-bangkhen) (fixed),13.852993_100.583326_eZBR78aVOKL8hh5cDqZXZQ_300_2025-08.jpg,SAFE,None,0.43,0.43,0.0
phahon yothin rd (kaset-bangkhen) (fixed),13.853040_100.583537_fiyIenfskEb5u3shaM3IsQ_120_2024-11.jpg,SAFE,None,1.12,1.12,0.0
phahon yothin rd (kaset-bangkhen) (fixed),13.853064_100.583368_NdmA4DL33YD0C2MeDPjDzw_300_2025-08.jpg,SAFE,None,1.01,1.01,0.0
phahon yothin rd (kaset-bangkhen) (fixed),13.853116_100.583582_JwgC3L2iNsKdWC4zKE_xqw_120_2024-11.jpg,SAFE,None,0.47,0.47,0.0
phahon yothin rd (kaset-bangkhen) (fixed),13.853174_100.583431_0t8gebiAX0ON_2R0JX4dSQ_299_2025-08.jpg,SAFE,None,1.26,1.26,0.0
phahon yothin rd (kaset-bangkhen) (fixed),13.853196_100.583631_vnDDwSUzuIbn2wrLvi8RXQ_120_2024-11.jpg,SAFE,None,0.73,0.73,0.0
phahon yothin rd (kaset-bangkhen) (fixed),13.853215_100.583455_jhqSKAVgWwhaaZLaCY04Wg_299_2025-08.jpg,SAFE,None,2.72,2.72,0.0
phahon yothin rd (kaset-bangkhen) (fixed),13.853276_100.583678_a5VC7NHHcOzPx5SbCGkOKA_120_2024-11.jpg,SAFE,None,1.03,1.03,0.0
phahon yothin rd (kaset-bangkhen) (fixed),13.853297_100.583502_yRIIdMK-1gUi6ImEluuf4w_300_2025-08.jpg,SAFE,None,0.4,0.4,0.0
phahon yothin rd (kaset-bangkhen) (fixed),13.853353_100.583723_uYTpk4R7UBhzkovIhrp8hQ_120_2024-11.jpg,SAFE,None,1.3,1.3,0.0
phahon yothin rd (kaset-bangkhen) (fixed),13.853392_100.583558_dCehv5kkp8xkPdTYhHTsjg_300_2025-08.jpg,SAFE,None,0.76,0.76,0.0
phahon yothin rd (kaset-bangkhen) (fixed),13.853435_100.583771_8LnP8CO_uu-jauaIayQzMA_120_2024-11.jpg,SAFE,None,1.16,1.16,0.0
phahon yothin rd (kaset-bangkhen) (fixed),13.853474_100.583607_rJdGwvLOrgaFKEi_O5_m-A_300_2025-08.jpg,SAFE,None,1.26,1.26,0.0
phahon yothin rd (kaset-bangkhen) (fixed),13.853512_100.583816_iCFB_6kF6v3bn8cNQNS-dQ_120_2024-11.jpg,SAFE,None,0.3,0.3,0.0
phahon yothin rd (kaset-bangkhen) (fixed),13.853558_100.583658_8erFype7L1FW2gAUQfKiLg_301_2025-08.jpg,SAFE,None,1.42,1.42,0.0
phahon yothin rd (kaset-bangkhen) (fixed),13.853594_100.583865_ARWYO8J1i4HZB-_huSzF4g_120_2024-11.jpg,SAFE,None,0.46,0.46,0.0
phahon yothin rd (kaset-bangkhen) (fixed),13.853636_100.583704_uXLXfz4OKq0nVf9brFSRTQ_300_2025-08.jpg,SAFE,None,1.1,1.1,0.0
phahon yothin rd (kaset-bangkhen) (fixed),13.853673_100.583912_lSXrdsC-GaFpBMpkpTUFqA_120_2024-11.jpg,SAFE,None,1.27,1.27,0.0
phahon yothin rd (kaset-bangkhen) (fixed),13.853709_100.583747_nDpCBF05I9ZBZeHNH-qA1w_300_2025-08.jpg,SAFE,None,0.93,0.93,0.0
phahon yothin rd (kaset-bangkhen) (fixed),13.853753_100.583959_ReBTAYZrqox9dHZMq3xYMA_119_2024-11.jpg,SAFE,None,2.6,2.6,0.0
phahon yothin rd (kaset-bangkhen) (fixed),13.853790_100.583794_tE273w-1cD4V1R1VGLx38Q_300_2025-08.jpg,SAFE,None,0.0,0.0,0.0
phahon yothin rd (kaset-bangkhen) (fixed),13.853833_100.584004_0Xhar8v3RdKaqbWcRlIQtw_119_2024-11.jpg,SAFE,None,0.0,0.0,0.0
phahon yothin rd (kaset-bangkhen) (fixed),13.853876_100.583843_r2oVx7EOs_pgraPIwluWxg_300_2025-08.jpg,SAFE,None,0.0,0.0,0.0
phahon yothin rd (kaset-bangkhen) (fixed),13.853913_100.584048_HmUCtZyCZlyPaD4-JSkewg_118_2024-11.jpg,SAFE,None,1.29,1.29,0.0
phahon yothin rd (kaset-bangkhen) (fixed),13.853977_100.583902_1i9kavQdNX6T8_j1bbRzgg_300_2025-08.jpg,SAFE,None,0.39,0.39,0.0
phahon yothin rd (kaset-bangkhen) (fixed),13.853992_100.584090_DRRcDR02o5CIFaaZq7ZJsg_118_2024-11.jpg,SAFE,None,0.39,0.39,0.0
phahon yothin rd (kaset-bangkhen) (fixed),13.854055_100.583948_B5KYEWw1duDgtG0WJPuAoA_300_2025-08.jpg,SAFE,None,0.83,0.83,0.0
phahon yothin rd (kaset-bangkhen) (fixed),13.854073_100.584133_4pb7Ez6-SaPRgZwbLu7pcQ_118_2024-11.jpg,SAFE,None,0.0,0.0,0.0
phahon yothin rd (kaset-bangkhen) (fixed),13.854136_100.583994__Nlp17NSHmbSFDssSmC7vw_300_2025-08.jpg,SAFE,None,0.31,0.31,0.0
phahon yothin rd (kaset-bangkhen) (fixed),13.854157_100.584179_fObDx_fdf_iN2dBgJ3KV9A_118_2024-11.jpg,SAFE,None,5.27,5.27,0.0
phahon yothin rd (kaset-bangkhen) (fixed),13.854216_100.584043_ZT8AdvuA4cyzNJUcJOn7Sw_301_2025-08.jpg,SAFE,None,0.0,0.0,0.0
phahon yothin rd (kaset-bangkhen) (fixed),13.854239_100.584223_wonvqBzAhFdQy4G8-X3pww_120_2024-11.jpg,SAFE,None,0.0,0.0,0.0
phahon yothin rd (kaset-bangkhen) (fixed),13.854293_100.584089_8ETDYrFK9A2Eghp09d6pFg_300_2025-08.jpg,SAFE,None,0.0,0.0,0.0
phahon yothin rd (kaset-bangkhen) (fixed),13.854318_100.584271_YXRSZ2n1-nzn6QbsjzFRgg_121_2024-11.jpg,WARNING,OBSTACLE,30.63,30.63,0.0
phahon yothin rd (kaset-bangkhen) (fixed),13.854376_100.584137_RN3Z7f8XHh0NldZYMGNmLw_300_2025-08.jpg,SAFE,None,0.0,0.0,0.0
phahon yothin rd (kaset-bangkhen) (fixed),13.854398_100.584320_40nuX9sQzwcNha7on_s8ZA_121_2024-11.jpg,SAFE,None,0.21,0.21,0.0
phahon yothin rd (kaset-bangkhen) (fixed),13.854466_100.584187_vDT92LkqJYhoUHgvvfxz_Q_297_2025-08.jpg,SAFE,None,1.06,1.06,0.0
phahon yothin rd (kaset-bangkhen) (fixed),13.854516_100.584394_PCZNS44y609YH4P9fsFX0w_122_2024-11.jpg,SAFE,None,1.06,1.06,0.0
phahon yothin rd (kaset-bangkhen) (fixed),13.854553_100.584227_JvRV-VLGJS53Hph59u9FSA_294_2025-08.jpg,SAFE,None,1.09,1.09,0.0
phahon yothin rd (kaset-bangkhen) (fixed),13.854596_100.584445_L19uDGlAtBZcD_wTvckWig_122_2024-11.jpg,SAFE,None,2.86,2.86,0.0
phahon yothin rd (kaset-bangkhen) (fixed),13.854641_100.584268_VWhc3oNHluaVxRObLIjnUg_296_2025-08.jpg,SAFE,None,0.85,0.85,0.0
phahon yothin rd (kaset-bangkhen) (fixed),13.854675_100.584496_YZ3iIonYOa0mfsmZFE0YfQ_122_2024-11.jpg,SAFE,None,0.21,0.21,0.0
phahon yothin rd (kaset-bangkhen) (fixed),13.854728_100.584313_kPnMohzA2N_cHco7RRQEHg_298_2025-08.jpg,SAFE,None,0.0,0.0,0.0
phahon yothin rd (kaset-bangkhen) (fixed),13.854755_100.584547_uYMqybdM0y1sN4pK5HehlQ_121_2024-11.jpg,SAFE,None,0.59,0.59,0.0
phahon yothin rd (kaset-bangkhen) (fixed),13.854809_100.584359_lx4o09lh0WXde9MzpAL1HA_300_2025-08.jpg,SAFE,None,0.0,0.0,0.0
phahon yothin rd (kaset-bangkhen) (fixed),13.854834_100.584595_x6VtdvI3BD-IYypwxF3xlg_120_2024-11.jpg,SAFE,None,0.17,0.17,0.0
phahon yothin rd (kaset-bangkhen) (fixed),13.854891_100.584407__7cO5hSwEshath-LfrchyQ_300_2025-08.jpg,SAFE,None,4.81,4.81,0.0
phahon yothin rd (kaset-bangkhen) (fixed),13.854912_100.584641_U57egZmpEmvSB0vqJjm6lQ_120_2024-11.jpg,SAFE,None,0.42,0.42,0.0
phahon yothin rd (kaset-bangkhen) (fixed),13.854970_100.584453_RaYMrUVmk-6TrcJy8lvlXw_300_2025-08.jpg,SAFE,None,0.95,0.95,0.0
phahon yothin rd (kaset-bangkhen) (fixed),13.854991_100.584687_uB7R29552Oj1cCtm20ZZZg_120_2024-11.jpg,SAFE,None,0.0,0.0,0.0
phahon yothin rd (kaset-bangkhen) (fixed),13.855049_100.584502_sW2JErw3AUz_Qu7nr04iRw_301_2025-08.jpg,SAFE,None,1.11,1.11,0.0
phahon yothin rd (kaset-bangkhen) (fixed),13.855070_100.584734_HY7I5M1JA383yoBK_wIsPg_120_2024-11.jpg,SAFE,None,1.22,1.22,0.0
phahon yothin rd (kaset-bangkhen) (fixed),13.855129_100.584551_h1XlOnL5PaZwMChHmXiujg_301_2025-08.jpg,SAFE,None,2.65,2.65,0.0
phahon yothin rd (kaset-bangkhen) (fixed),13.855152_100.584783_pEApxQN1EBdZcK6eAnMbxQ_120_2024-11.jpg,SAFE,None,1.12,1.12,0.0
phahon yothin rd (kaset-bangkhen) (fixed),13.855208_100.584599_9uU0R0W2Nq6UKIVTrdoPWw_301_2025-08.jpg,SAFE,None,6.06,2.72,3.34
phahon yothin rd (kaset-bangkhen) (fixed),13.855232_100.584830_HuAG1lNSMs2suKuq5Vxl6w_120_2024-11.jpg,SAFE,None,4.42,4.42,0.0
phahon yothin rd (kaset-bangkhen) (fixed),13.855287_100.584651_W3vEHbZUXk29T6kb3Jj4PQ_304_2025-08.jpg,SAFE,None,1.58,1.58,0.0
phahon yothin rd (kaset-bangkhen) (fixed),13.855310_100.584875_4ACj8MnvFy6CiQAaZo4uwQ_120_2024-11.jpg,SAFE,None,5.04,5.04,0.0
phahon yothin rd (kaset-bangkhen) (fixed),13.855366_100.584705_gzWjHnD2j7roF_RVKWwhxA_304_2025-08.jpg,SAFE,None,0.0,0.0,0.0
phahon yothin rd (kaset-bangkhen) (fixed),13.855387_100.584920_TSXBU4Vv4HAHcSgYlZTZWA_120_2024-11.jpg,SAFE,None,2.62,2.62,0.0
phahon yothin rd (kaset-bangkhen) (fixed),13.855443_100.584757_0sQ_7_gv4YTVV6_AtV3b2g_303_2025-08.jpg,SAFE,None,2.42,0.39,2.03
phahon yothin rd (kaset-bangkhen) (fixed),13.855465_100.584965_zD3-syWz53kXiZbnyehBnA_120_2024-11.jpg,SAFE,None,0.53,0.53,0.0
phahon yothin rd (kaset-bangkhen) (fixed),13.855521_100.584808_IP7x-y7Fft4OzKvgBbhPGw_303_2025-08.jpg,WARNING,OBSTACLE,27.35,27.35,0.0
phahon yothin rd (kaset-bangkhen) (fixed),13.855544_100.585011_rpJhpo42uTCbyghKTnZCIA_119_2024-11.jpg,SAFE,None,1.68,1.68,0.0
phahon yothin rd (kaset-bangkhen) (fixed),13.855600_100.584858_cOoUD61idf_6VzD506YSVA_302_2025-08.jpg,SAFE,None,0.0,0.0,0.0
phahon yothin rd (kaset-bangkhen) (fixed),13.855624_100.585056_Zn3ZTPppxY4D_d6LMs5zAg_119_2024-11.jpg,SAFE,None,0.0,0.0,0.0
phahon yothin rd (kaset-bangkhen) (fixed),13.855679_100.584908_pXs1ApSR7Wr-22qr0MvX4w_301_2025-08.jpg,SAFE,None,6.5,6.5,0.0
phahon yothin rd (kaset-bangkhen) (fixed),13.855704_100.585100_806JAzfEnpLaHgbyZH7RnQ_118_2024-11.jpg,SAFE,None,6.17,6.17,0.0
phahon yothin rd (kaset-bangkhen) (fixed),13.855760_100.584957_0Oyb7i8iT-8q2_Zverj3og_301_2025-08.jpg,SAFE,None,2.71,2.71,0.0
phahon yothin rd (kaset-bangkhen) (fixed),13.855785_100.585144_cVsch1_JRoZaMw57T_DpfQ_118_2024-11.jpg,SAFE,None,0.0,0.0,0.0
phahon yothin rd (kaset-bangkhen) (fixed),13.855840_100.585006_Sq9Wk-Ms4Wg_HYWcv_5IbQ_301_2025-08.jpg,CRITICAL,OBSTACLE,60.6,60.6,0.0
phahon yothin rd (kaset-bangkhen) (fixed),13.855865_100.585188_k683hDXEMl5ckrqXZj3MKA_118_2024-11.jpg,SAFE,None,0.0,0.0,0.0
phahon yothin rd (kaset-bangkhen) (fixed),13.855920_100.585054_LW6E7K_udnR8ACSnigVNSA_300_2025-08.jpg,SAFE,None,0.0,0.0,0.0
phahon yothin rd (kaset-bangkhen) (fixed),13.855945_100.585231_eETeKYp2wRRoC3_mZuJNLA_118_2024-11.jpg,SAFE,None,1.86,1.86,0.0
phahon yothin rd (kaset-bangkhen) (fixed),13.855999_100.585101_RgPlU9lcLyXtMhhM3RJAXQ_300_2025-08.jpg,SAFE,None,0.0,0.0,0.0
phahon yothin rd (kaset-bangkhen) (fixed),13.856026_100.585276_v-7t8nT6Fc-8MHBphRPDyA_119_2024-11.jpg,SAFE,None,0.0,0.0,0.0
phahon yothin rd (kaset-bangkhen) (fixed),13.856080_100.585148_O-G82ZYDHUH2zc_dkeFH2A_300_2025-08.jpg,SAFE,None,2.74,2.74,0.0
phahon yothin rd (kaset-bangkhen) (fixed),13.856106_100.585322_87TiEp_FMbJYdj9GtLLltw_120_2024-11.jpg,SAFE,None,1.52,1.52,0.0
phahon yothin rd (kaset-bangkhen) (fixed),13.856160_100.585194_FFtM1dn-oBsQUmvUGzUkFg_300_2025-08.jpg,SAFE,None,3.87,3.87,0.0
phahon yothin rd (kaset-bangkhen) (fixed),13.856188_100.585369_9ZWjd0OM-3vOBft-yo5Jig_119_2024-11.jpg,SAFE,None,0.0,0.0,0.0
phahon yothin rd (kaset-bangkhen) (fixed),13.856238_100.585241_9EHjUBtGZr7Bun86GIDLaw_300_2025-08.jpg,SAFE,None,0.0,0.0,0.0
phahon yothin rd (kaset-bangkhen) (fixed),13.856270_100.585416_eDoxnwHDNzoAqbZDl-TrSw_119_2024-11.jpg,SAFE,None,8.69,8.69,0.0
phahon yothin rd (kaset-bangkhen) (fixed),13.856316_100.585286_JPbRvwNN5fLPw2q6eBgqYA_300_2025-08.jpg,SAFE,None,3.51,3.51,0.0
phahon yothin rd (kaset-bangkhen) (fixed),13.856351_100.585462_DoibWQErOGd0jhEdvgK1Rw_119_2024-11.jpg,WARNING,OBSTACLE,25.16,25.16,0.0
phahon yothin rd (kaset-bangkhen) (fixed),13.856393_100.585333_iA9LJbrO3JmXVk14duFiIg_301_2025-08.jpg,SAFE,None,11.31,11.31,0.0
phahon yothin rd (kaset-bangkhen) (fixed),13.856430_100.585507_H0eIir_t5IhjvVK440hIYw_120_2024-11.jpg,SAFE,None,0.0,0.0,0.0
phahon yothin rd (kaset-bangkhen) (fixed),13.856472_100.585381_P4ELufLGqwm8wa7NPpHbuA_301_2025-08.jpg,SAFE,None,2.89,2.89,0.0
phahon yothin rd (kaset-bangkhen) (fixed),13.856513_100.585557_Whv9bLv1qTfGRrkvuWxbFQ_120_2024-11.jpg,SAFE,None,0.0,0.0,0.0
phahon yothin rd (kaset-bangkhen) (fixed),13.856553_100.585430_XavI-Z48ahRpjBhHBg3CyA_301_2025-08.jpg,SAFE,None,0.0,0.0,0.0
phahon yothin rd (kaset-bangkhen) (fixed),13.856593_100.585454_ZNjs586YvCwi8xf355A47A_301_2025-08.jpg,SAFE,None,0.0,0.0,0.0
phahon yothin rd (kaset-bangkhen) (fixed),13.856593_100.585605_75lviSml4VDjHV4MuRGUgg_121_2024-11.jpg,SAFE,None,1.37,1.37,0.0
phahon yothin rd (kaset-bangkhen) (fixed),13.856671_100.585654_BQdadwbFPqlz5GPTej3CNg_123_2024-11.jpg,SAFE,None,5.12,5.12,0.0
phahon yothin rd (kaset-bangkhen) (fixed),13.856674_100.585503_BujHaTL1_KkF6WybQ7sDcQ_301_2025-08.jpg,SAFE,None,0.0,0.0,0.0
phahon yothin rd (kaset-bangkhen) (fixed),13.856750_100.585709_9DkpzRrKaRLs9FHWNaUmkg_125_2024-11.jpg,SAFE,None,2.3,2.3,0.0
phahon yothin rd (kaset-bangkhen) (fixed),13.856755_100.585552_8K44TyyJvxriSNWFelt5IQ_300_2025-08.jpg,SAFE,None,2.07,2.07,0.0
phahon yothin rd (kaset-bangkhen) (fixed),13.856825_100.585764_DeyTWmdg_pJSgZvzeSfZUQ_127_2024-11.jpg,SAFE,None,3.38,3.38,0.0
phahon yothin rd (kaset-bangkhen) (fixed),13.856837_100.585599_DjybO8bvhuvKUnyZtFYAlA_300_2025-08.jpg,SAFE,None,0.24,0.24,0.0
phahon yothin rd (kaset-bangkhen) (fixed),13.856919_100.585646_SV4jKx08MUpwMwzmi__eJg_299_2025-08.jpg,SAFE,None,0.0,0.0,0.0
phahon yothin rd (kaset-bangkhen) (fixed),13.857000_100.585691_Lij984XI5lTS63POpaKazQ_299_2025-08.jpg,SAFE,None,0.0,0.0,0.0
phahon yothin rd (kaset-bangkhen) (fixed),13.859409_100.587287_s3Cre8OOIl9Judi726D0fg_119_2025-01.jpg,SAFE,None,0.63,0.63,0.0
phahon yothin rd (kaset-bangkhen) (fixed),13.859449_100.587310_UdhibEYatw8fhiE-vXpxvg_120_2025-01.jpg,SAFE,None,0.33,0.33,0.0
phahon yothin rd (kaset-bangkhen) (fixed),13.859530_100.587357_x3Lg9fuca6RxezmqReLvuw_120_2025-01.jpg,SAFE,None,0.0,0.0,0.0
phahon yothin rd (kaset-bangkhen) (fixed),13.859563_100.587193_mbRp-hCszeiFaIKeLIPegg_300_2025-08.jpg,SAFE,None,0.0,0.0,0.0
phahon yothin rd (kaset-bangkhen) (fixed),13.859609_100.587404_30nv0Q2AwU6z669BRvdJnQ_120_2025-01.jpg,SAFE,None,0.67,0.67,0.0
phahon yothin rd (kaset-bangkhen) (fixed),13.859642_100.587240_ddfI3sWujKzlCstaS8y_ng_300_2025-08.jpg,SAFE,None,0.0,0.0,0.0
phahon yothin rd (kaset-bangkhen) (fixed),13.859688_100.587451_130St7NJZeT3EfvitEheOw_120_2025-01.jpg,SAFE,None,1.42,1.42,0.0
phahon yothin rd (kaset-bangkhen) (fixed),13.859722_100.587287_1bBfegZrq-OOIEtsD09rHA_300_2025-08.jpg,SAFE,None,0.0,0.0,0.0
phahon yothin rd (kaset-bangkhen) (fixed),13.859768_100.587499_pfJoi8vaZec0lmK-xYGlxA_120_2025-01.jpg,SAFE,None,0.0,0.0,0.0
phahon yothin rd (kaset-bangkhen) (fixed),13.859802_100.587334_RjZaQRHifWFzUoRf_5Ye1A_300_2025-08.jpg,SAFE,None,0.0,0.0,0.0
phahon yothin rd (kaset-bangkhen) (fixed),13.859848_100.587546_z6sssLUqAcknrOfto08Ggw_120_2025-01.jpg,SAFE,None,0.0,0.0,0.0
phahon yothin rd (kaset-bangkhen) (fixed),13.859923_100.587405_6p48eO48I52eBIddBo6WRQ_300_2025-08.jpg,SAFE,None,2.17,2.17,0.0
phahon yothin rd (kaset-bangkhen) (fixed),13.859928_100.587593_HnOb8pYv97GMWHkZwN9Z-A_120_2025-01.jpg,SAFE,None,12.2,0.0,12.2
phahon yothin rd (kaset-bangkhen) (fixed),13.860002_100.587452_-sjawfj3vLlM9OTdopMklw_300_2025-08.jpg,SAFE,None,0.0,0.0,0.0
phahon yothin rd (kaset-bangkhen) (fixed),13.860007_100.587640_KlGJ56JqAKsrkeOqLsTeaQ_121_2025-01.jpg,SAFE,None,16.18,0.32,15.85
phahon yothin rd (kaset-bangkhen) (fixed),13.860082_100.587499_bk4D8Mh-DV1zi5Qd-Ge_1Q_300_2025-08.jpg,SAFE,None,0.0,0.0,0.0
phahon yothin rd (kaset-bangkhen) (fixed),13.860085_100.587688_Aj88lV7_QE6_cZR8iHiQIQ_120_2025-01.jpg,SAFE,None,0.0,0.0,0.0
phahon yothin rd (kaset-bangkhen) (fixed),13.860125_100.587712_e1JHFVtxZm48sb5JdLqxQQ_120_2025-01.jpg,SAFE,None,0.0,0.0,0.0
phahon yothin rd (kaset-bangkhen) (fixed),13.860162_100.587545_Do66W-ogOjh7tCHnjyCVlA_300_2025-08.jpg,SAFE,None,0.67,0.67,0.0
phahon yothin rd (kaset-bangkhen) (fixed),13.860205_100.587759_MUBmK8qUFnL6yByvCVj-sw_120_2025-01.jpg,SAFE,None,1.49,1.49,0.0
phahon yothin rd (kaset-bangkhen) (fixed),13.860242_100.587592_1XryOeY5nfqYDoBAAmgV8g_300_2025-08.jpg,SAFE,None,1.49,1.49,0.0
phahon yothin rd (kaset-bangkhen) (fixed),13.860285_100.587806_30XIwj8h4jB3-hgEYhXiqA_120_2025-01.jpg,SAFE,None,1.39,1.39,0.0
phahon yothin rd (kaset-bangkhen) (fixed),13.860321_100.587639_5545P4Z591DR5oh_c-7GdQ_300_2025-08.jpg,SAFE,None,6.64,6.64,0.0
phahon yothin rd (kaset-bangkhen) (fixed),13.860365_100.587854_lkm6lQI4D5Tq-T6M3nOqbg_120_2025-01.jpg,SAFE,None,3.36,1.95,1.4
phahon yothin rd (kaset-bangkhen) (fixed),13.860440_100.587710_kq9VR27B21ikC23eQSbfmw_300_2025-08.jpg,SAFE,None,0.47,0.47,0.0
phahon yothin rd (kaset-bangkhen) (fixed),13.860446_100.587902_h-RQosGDMOQAmdrx9ZW1AQ_120_2025-01.jpg,SAFE,None,2.06,2.06,0.0
phahon yothin rd (kaset-bangkhen) (fixed),13.860525_100.587949_0Zf5re0A3sEeQznCDlazew_120_2025-01.jpg,SAFE,None,1.41,1.41,0.0
phahon yothin rd (kaset-bangkhen) (fixed),13.860559_100.587780_HqyhAyGBFz4jfiiH1KM9vg_300_2025-08.jpg,SAFE,None,0.71,0.71,0.0
phahon yothin rd (kaset-bangkhen) (fixed),13.860605_100.587996_TS8My224kvMjSmrCbKdYAQ_120_2025-01.jpg,SAFE,None,5.4,0.0,5.4
phahon yothin rd (kaset-bangkhen) (fixed),13.860685_100.588044_DiCsoMBTfoHWYc4P2MtjvQ_120_2025-01.jpg,SAFE,None,1.07,1.07,0.0
phahon yothin rd (kaset-bangkhen) (fixed),13.860718_100.587875_gLUQiHmt1y8JrzX5bH6w7A_300_2025-08.jpg,SAFE,None,0.72,0.72,0.0
phahon yothin rd (kaset-bangkhen) (fixed),13.860764_100.588090_-PPapf-G1Z4gMrZs3nxgoA_120_2025-01.jpg,SAFE,None,0.42,0.42,0.0
phahon yothin rd (kaset-bangkhen) (fixed),13.860797_100.587922_mxOQAW1INdPAhYx69kz7Pw_300_2025-08.jpg,SAFE,None,4.07,4.07,0.0
phahon yothin rd (kaset-bangkhen) (fixed),13.860844_100.588137_lG_bpUkOZ0Cn9Bpxg3WUfQ_120_2025-01.jpg,SAFE,None,1.02,1.02,0.0
phahon yothin rd (kaset-bangkhen) (fixed),13.860923_100.588183_ssjJHw_wnbi1dThJvaYEVQ_120_2025-01.jpg,SAFE,None,1.37,1.37,0.0
phahon yothin rd (kaset-bangkhen) (fixed),13.860955_100.588016_JLnPH6KFnwu2f85LtW-mNw_300_2025-08.jpg,SAFE,None,0.0,0.0,0.0
phahon yothin rd (kaset-bangkhen) (fixed),13.861003_100.588231_GzTYIXbLS7iFc7XNzgDxQA_120_2025-01.jpg,SAFE,None,0.8,0.8,0.0
phahon yothin rd (kaset-bangkhen) (fixed),13.861035_100.588062__izNoWEeWAopKpf7OceLTw_300_2025-08.jpg,SAFE,None,1.18,1.18,0.0
phahon yothin rd (kaset-bangkhen) (fixed),13.861082_100.588279_rwdfJyTtdm051UmvuvypgA_121_2025-01.jpg,SAFE,None,3.71,0.0,3.71
phahon yothin rd (kaset-bangkhen) (fixed),13.861114_100.588108_ZgoHlwwN3RCzOOxyRdPzOQ_300_2025-08.jpg,SAFE,None,0.83,0.83,0.0
phahon yothin rd (kaset-bangkhen) (fixed),13.861162_100.588326_mgnCV6cgYE4asqPAjIrBBg_120_2025-01.jpg,SAFE,None,0.39,0.39,0.0
phahon yothin rd (kaset-bangkhen) (fixed),13.861192_100.588153_X2PC0fzRwvpvRyqa4A7UNg_300_2025-08.jpg,SAFE,None,0.59,0.59,0.0
phahon yothin rd (kaset-bangkhen) (fixed),13.861242_100.588374_6_nbESkD3Ao2U5Vq_6Hxdg_120_2025-01.jpg,SAFE,None,9.87,0.61,9.26
phahon yothin rd (kaset-bangkhen) (fixed),13.861271_100.588200_cPSCLy_bg1bzNqnaCnIZ-g_300_2025-08.jpg,SAFE,None,2.38,2.38,0.0
phahon yothin rd (kaset-bangkhen) (fixed),13.861322_100.588420_TcRgMdmYQWBQIUE9FeroCA_120_2025-01.jpg,SAFE,None,2.45,1.41,1.04
phahon yothin rd (kaset-bangkhen) (fixed),13.861349_100.588246_p5IRel0lSjQgknztR3aP6Q_300_2025-08.jpg,SAFE,None,0.54,0.54,0.0
phahon yothin rd (kaset-bangkhen) (fixed),13.861403_100.588468_4Eue3uuI63qnDC7mWDU-3g_120_2025-01.jpg,SAFE,None,0.59,0.59,0.0
phahon yothin rd (kaset-bangkhen) (fixed),13.861429_100.588293_Au6xIVrXnaukzITs3g_iYw_300_2025-08.jpg,SAFE,None,0.98,0.98,0.0
phahon yothin rd (kaset-bangkhen) (fixed),13.861484_100.588515_51rrNEQXJYfQJ3_hUVfE3g_120_2025-01.jpg,SAFE,None,1.14,1.14,0.0
phahon yothin rd (kaset-bangkhen) (fixed),13.861509_100.588340_fU5HzfGjwatLqjkuTe39aw_300_2025-08.jpg,SAFE,None,0.29,0.29,0.0
phahon yothin rd (kaset-bangkhen) (fixed),13.861563_100.588562_wnONkGZwwgcuDYtDd__irg_120_2025-01.jpg,SAFE,None,2.74,1.07,1.67
phahon yothin rd (kaset-bangkhen) (fixed),13.861589_100.588387_K7u7vKijsNJK43yOD_8ykQ_300_2025-08.jpg,SAFE,None,0.0,0.0,0.0
phahon yothin rd (kaset-bangkhen) (fixed),13.861642_100.588609_PYrzzwsat-aSDovyzUHv8w_120_2025-01.jpg,SAFE,None,8.92,0.0,8.92
phahon yothin rd (kaset-bangkhen) (fixed),13.861668_100.588433_jnLvPpqGAs27TEXzOQiTNQ_300_2025-08.jpg,SAFE,None,0.4,0.4,0.0
phahon yothin rd (kaset-bangkhen) (fixed),13.861723_100.588656_hSOf6VOLaHf3vIELGWlxHw_120_2025-01.jpg,SAFE,None,0.94,0.94,0.0
phahon yothin rd (kaset-bangkhen) (fixed),13.861748_100.588480_-shwVpcoCwdD61xOBKw9nQ_300_2025-08.jpg,SAFE,None,0.81,0.81,0.0
phahon yothin rd (kaset-bangkhen) (fixed),13.861803_100.588703_XcfPlPQBZHjFmlh3AAZttA_120_2025-01.jpg,SAFE,None,1.14,1.14,0.0
phahon yothin rd (kaset-bangkhen) (fixed),13.861828_100.588527_jCBH2VDtBJLRsJOHqGgy3A_300_2025-08.jpg,SAFE,None,0.0,0.0,0.0
phahon yothin rd (kaset-bangkhen) (fixed),13.861882_100.588750_eeLTfSrTJzuhxRu2ELnojA_120_2025-01.jpg,SAFE,None,0.0,0.0,0.0
phahon yothin rd (kaset-bangkhen) (fixed),13.861907_100.588574_lAIE5Kll2FguUPo5U8giEg_300_2025-08.jpg,SAFE,None,2.85,2.85,0.0
phahon yothin rd (kaset-bangkhen) (fixed),13.861962_100.588797_UR6UK4FUr_SpbDsFWonWNA_120_2025-01.jpg,SAFE,None,0.0,0.0,0.0
phahon yothin rd (kaset-bangkhen) (fixed),13.861987_100.588621_pUoEJzGVEjgpGs1N17VwkQ_300_2025-08.jpg,SAFE,None,2.43,2.43,0.0
phahon yothin rd (kaset-bangkhen) (fixed),13.862043_100.588844_c443TJeGNJMSemQQOaASGg_119_2025-01.jpg,SAFE,None,1.1,1.1,0.0
phahon yothin rd (kaset-bangkhen) (fixed),13.862066_100.588666_vw_kUlabSTCNuPkvG8C_MQ_300_2025-08.jpg,SAFE,None,0.69,0.69,0.0
phahon yothin rd (kaset-bangkhen) (fixed),13.862121_100.588889_afjhJ3IpsnJcfQaXXmnKqA_119_2025-01.jpg,SAFE,None,0.44,0.44,0.0
phahon yothin rd (kaset-bangkhen) (fixed),13.862146_100.588712_sYRROLfFGA-VlNjWFj4CRQ_300_2025-08.jpg,SAFE,None,1.21,1.21,0.0
phahon yothin rd (kaset-bangkhen) (fixed),13.862201_100.588935_BGfAEj87jaqH_V41qL-8Cg_120_2025-01.jpg,SAFE,None,1.5,1.5,0.0
phahon yothin rd (kaset-bangkhen) (fixed),13.862225_100.588759_JnJFTh5VJ2UqHWfekc0tiA_300_2025-08.jpg,SAFE,None,0.0,0.0,0.0
phahon yothin rd (kaset-bangkhen) (fixed),13.862281_100.588982_q6_1xxjAcsZG_5dCglu3WQ_120_2025-01.jpg,SAFE,None,0.27,0.27,0.0
phahon yothin rd (kaset-bangkhen) (fixed),13.862306_100.588806_z91iMalj9Sex4mDVDTy_vg_300_2025-08.jpg,SAFE,None,0.0,0.0,0.0
phahon yothin rd (kaset-bangkhen) (fixed),13.862361_100.589028_pzvnAC4UX2T_Y-pAKxOkWA_120_2025-01.jpg,SAFE,None,0.9,0.9,0.0
phahon yothin rd (kaset-bangkhen) (fixed),13.862385_100.588853_jNa-0YqUFJ2Xy0l6flOSVA_300_2025-08.jpg,SAFE,None,0.32,0.32,0.0
phahon yothin rd (kaset-bangkhen) (fixed),13.862441_100.589075_y1CDZOxl0wWHMfmkPXwaMw_120_2025-01.jpg,SAFE,None,1.25,1.25,0.0
phahon yothin rd (kaset-bangkhen) (fixed),13.862464_100.588900_u6oadfrVts7bLYhCJFuKxg_300_2025-08.jpg,SAFE,None,1.84,1.84,0.0
phahon yothin rd (kaset-bangkhen) (fixed),13.862522_100.589123_4FIqSZYAJBp2LJyX4Tw6XQ_120_2025-01.jpg,SAFE,None,0.66,0.66,0.0
phahon yothin rd (kaset-bangkhen) (fixed),13.862543_100.588946_tLwADjhb_MnBZE0Z2aD6eg_300_2025-08.jpg,SAFE,None,16.07,16.07,0.0
phahon yothin rd (kaset-bangkhen) (fixed),13.862601_100.589170_EMuPVA_VZCa2hTwSBJt4jQ_120_2025-01.jpg,SAFE,None,3.63,3.63,0.0
phahon yothin rd (kaset-bangkhen) (fixed),13.862622_100.588993_DfCtYGKyAJg_RD-dCBjlVw_300_2025-08.jpg,SAFE,None,10.15,10.15,0.0
phahon yothin rd (kaset-bangkhen) (fixed),13.862681_100.589218_rQP9upmuh2qJ5IO2kGdJ_w_120_2025-01.jpg,SAFE,None,1.22,1.22,0.0
phahon yothin rd (kaset-bangkhen) (fixed),13.862701_100.589040_OD1gqSREpUJuTOnvSImihw_300_2025-08.jpg,SAFE,None,2.19,2.19,0.0
phahon yothin rd (kaset-bangkhen) (fixed),13.862761_100.589265_Bhf0Hed89e1KvxtmpYM3wQ_120_2025-01.jpg,SAFE,None,0.0,0.0,0.0
phahon yothin rd (kaset-bangkhen) (fixed),13.862780_100.589086_Ak0tor8MHa_aeAXdEp_Kuw_300_2025-08.jpg,SAFE,None,4.38,4.38,0.0
phahon yothin rd (kaset-bangkhen) (fixed),13.862840_100.589313_idKywiLIcVRMeP5JuhogRQ_120_2025-01.jpg,SAFE,None,0.0,0.0,0.0
phahon yothin rd (kaset-bangkhen) (fixed),13.862859_100.589132_eZ3A_gean-JM0EHr32R4Fw_300_2025-08.jpg,SAFE,None,0.5,0.5,0.0
phahon yothin rd (kaset-bangkhen) (fixed),13.862920_100.589361_Eb3TVP8rE9aDU1CnsL0LnQ_120_2025-01.jpg,SAFE,None,0.0,0.0,0.0
phahon yothin rd (kaset-bangkhen) (fixed),13.862940_100.589179_xVPccCtVPfu3Nxrutx2WaQ_300_2025-08.jpg,SAFE,None,1.21,1.21,0.0
phahon yothin rd (kaset-bangkhen) (fixed),13.863001_100.589409_QLKhJHBz2XUGdo4_FiNItQ_120_2025-01.jpg,SAFE,None,0.0,0.0,0.0
phahon yothin rd (kaset-bangkhen) (fixed),13.863021_100.589227__VG6ppb3yWB2NYC6rT26yg_300_2025-08.jpg,SAFE,None,0.0,0.0,0.0
phahon yothin rd (kaset-bangkhen) (fixed),13.863081_100.589457_XkR9XoaR-xdz60qiHM_J-w_120_2025-01.jpg,SAFE,None,5.25,0.0,5.25
phahon yothin rd (kaset-bangkhen) (fixed),13.863101_100.589275_6UbZ1tFMhrLv_jdKexhDuA_300_2025-08.jpg,SAFE,None,1.11,1.11,0.0
phahon yothin rd (kaset-bangkhen) (fixed),13.863160_100.589504_zb3JfC76wlkaYwOME07k3Q_121_2025-01.jpg,SAFE,None,6.27,6.27,0.0
phahon yothin rd (kaset-bangkhen) (fixed),13.863182_100.589323_ShJHfezHHNARVq5eSLaRoQ_300_2025-08.jpg,SAFE,None,18.64,18.64,0.0
phahon yothin rd (kaset-bangkhen) (fixed),13.863238_100.589552_GL3CgOKShK2gJWTklqA14Q_121_2025-01.jpg,SAFE,None,0.0,0.0,0.0
phahon yothin rd (kaset-bangkhen) (fixed),13.863250_100.589327_C4Pbvqx21QQeg8z-MCYK5Q_300_2025-01.jpg,SAFE,None,0.37,0.37,0.0
phahon yothin rd (kaset-bangkhen) (fixed),13.863278_100.589576_yytSdgbNPEKSifzWW5yTRg_121_2025-01.jpg,SAFE,None,0.43,0.43,0.0
phahon yothin rd (kaset-bangkhen) (fixed),13.863303_100.589394_CyEKKBkGydmzkz7e7KmY_Q_300_2025-08.jpg,SAFE,None,0.16,0.16,0.0
phahon yothin rd (kaset-bangkhen) (fixed),13.863357_100.589623_Y38QZsuggW_Pxbd_Zs82Kw_120_2025-01.jpg,SAFE,None,0.65,0.65,0.0
phahon yothin rd (kaset-bangkhen) (fixed),13.863383_100.589441_0fyi3OWvfJHwJpdnNmeUkw_300_2025-08.jpg,SAFE,None,0.0,0.0,0.0
phahon yothin rd (kaset-bangkhen) (fixed),13.863437_100.589671_npjmDNtiRs2mx58ltxnvVQ_120_2025-01.jpg,SAFE,None,1.17,1.17,0.0
phahon yothin rd (kaset-bangkhen) (fixed),13.863463_100.589487_Q_o14UkFpq1PyYLsPn7hVQ_300_2025-08.jpg,SAFE,None,1.19,1.19,0.0
phahon yothin rd (kaset-bangkhen) (fixed),13.863517_100.589717_CnKV98sFflzkofoTU9tikQ_120_2025-01.jpg,SAFE,None,4.0,0.0,4.0
phahon yothin rd (kaset-bangkhen) (fixed),13.863543_100.589534_wd5BNZCh4TYA6fff7BeCRA_300_2025-08.jpg,SAFE,None,5.01,5.01,0.0
phahon yothin rd (kaset-bangkhen) (fixed),13.863597_100.589764_0HNTHe3lhn_z_IKlDlszKg_120_2025-01.jpg,SAFE,None,1.37,1.37,0.0
phahon yothin rd (kaset-bangkhen) (fixed),13.863623_100.589581_-IVrScNgJmNththM_jK2pg_300_2025-08.jpg,SAFE,None,0.34,0.34,0.0
phahon yothin rd (kaset-bangkhen) (fixed),13.863677_100.589810_JOnW4nDsfLG5MGjDtV_fOA_120_2025-01.jpg,SAFE,None,2.27,2.27,0.0
phahon yothin rd (kaset-bangkhen) (fixed),13.863703_100.589627_OCtdFC3i0HbBX98hucUL_w_300_2025-08.jpg,SAFE,None,2.06,2.06,0.0
phahon yothin rd (kaset-bangkhen) (fixed),13.863757_100.589856_CPLZ6tM0xW9t1_G4tIQSag_120_2025-01.jpg,SAFE,None,0.0,0.0,0.0
phahon yothin rd (kaset-bangkhen) (fixed),13.863783_100.589674_Qoz9EvH_P4OcBJt8ZlimXg_300_2025-08.jpg,SAFE,None,3.65,3.65,0.0
phahon yothin rd (kaset-bangkhen) (fixed),13.863838_100.589903_qEgSvzjswmZ9vc8BB8o-vA_120_2025-01.jpg,SAFE,None,0.56,0.56,0.0
phahon yothin rd (kaset-bangkhen) (fixed),13.863863_100.589721_wvF0o3OIxz6yR62wnD8o2A_300_2025-08.jpg,SAFE,None,3.3,3.3,0.0
phahon yothin rd (kaset-bangkhen) (fixed),13.863918_100.589950_AKOzwoFCytJK9TKttkMupw_120_2025-01.jpg,SAFE,None,2.55,2.55,0.0
phahon yothin rd (kaset-bangkhen) (fixed),13.863943_100.589770_Jja33w649Mt9Oeuufak0zA_301_2025-08.jpg,SAFE,None,10.32,10.32,0.0
phahon yothin rd (kaset-bangkhen) (fixed),13.863998_100.589998_2TwwrLM0mY7dd7LMIjeCng_121_2025-01.jpg,SAFE,None,0.75,0.75,0.0
phahon yothin rd (kaset-bangkhen) (fixed),13.864023_100.589818_Bxyg9F12bUezTJ5yfvOzYg_301_2025-08.jpg,SAFE,None,1.54,1.54,0.0
phahon yothin rd (kaset-bangkhen) (fixed),13.864077_100.590046_T5zhu-zQVrja69YuqjeGRg_120_2025-01.jpg,SAFE,None,1.57,1.57,0.0
phahon yothin rd (kaset-bangkhen) (fixed),13.864102_100.589865_3VlrKiZkKzYEuWobN15WPw_300_2025-08.jpg,SAFE,None,1.0,1.0,0.0
phahon yothin rd (kaset-bangkhen) (fixed),13.864157_100.590093_CP3K9S7XhqpXQJu02TwZfA_120_2025-01.jpg,SAFE,None,3.92,3.92,0.0
phahon yothin rd (kaset-bangkhen) (fixed),13.864183_100.589912_JdnNgtUJ5GjpzawerdiPpQ_300_2025-08.jpg,SAFE,None,0.88,0.88,0.0
phahon yothin rd (kaset-bangkhen) (fixed),13.864236_100.590140_EH2Qk63aT5K3M1z1RrQUAA_120_2025-01.jpg,SAFE,None,2.0,2.0,0.0
phahon yothin rd (kaset-bangkhen) (fixed),13.864262_100.589959_qFi26OHDjx2oGCPnLUrhGg_300_2025-08.jpg,SAFE,None,0.0,0.0,0.0
phahon yothin rd (kaset-bangkhen) (fixed),13.864316_100.590187_WepZKG3pZKmcU9nfauJUvg_120_2025-01.jpg,SAFE,None,1.34,1.34,0.0
phahon yothin rd (kaset-bangkhen) (fixed),13.864342_100.590005_ssGElAT1ckGHx91a6I8PhA_300_2025-08.jpg,SAFE,None,2.32,2.32,0.0
phahon yothin rd (kaset-bangkhen) (fixed),13.864396_100.590234_l5SEOwNm-JFEKdu5LgtXOg_121_2025-01.jpg,SAFE,None,0.19,0.19,0.0
phahon yothin rd (kaset-bangkhen) (fixed),13.864422_100.590051_xrfKtTV4uOUO1QkwdaESVg_300_2025-08.jpg,SAFE,None,9.58,9.58,0.0
phahon yothin rd (kaset-bangkhen) (fixed),13.864475_100.590282_2t0M-jLZMFSt4wCO_ypqeA_120_2025-01.jpg,SAFE,None,0.64,0.64,0.0
phahon yothin rd (kaset-bangkhen) (fixed),13.864502_100.590098_FUTR1Go-5MUK7_ib3MuL-w_300_2025-08.jpg,SAFE,None,2.61,2.61,0.0
phahon yothin rd (kaset-bangkhen) (fixed),13.864542_100.590121_jErfK5-p-4XF8o7vO9Z8mA_300_2025-08.jpg,SAFE,None,0.0,0.0,0.0
phahon yothin rd (kaset-bangkhen) (fixed),13.864554_100.590329_e5KRjhMZckQoVo_i9PBPZQ_120_2025-01.jpg,SAFE,None,2.04,2.04,0.0
phahon yothin rd (kaset-bangkhen) (fixed),13.864582_100.590145_sgGUOmK3XaM2iKyFnLq6BQ_300_2025-08.jpg,SAFE,None,0.0,0.0,0.0
phahon yothin rd (kaset-bangkhen) (fixed),13.864622_100.590168_nHzhstjckQdo910OoYV_GQ_300_2025-08.jpg,SAFE,None,0.0,0.0,0.0
phahon yothin rd (kaset-bangkhen) (fixed),13.864634_100.590376_RO0343LeoT9F3gvutandbA_120_2025-01.jpg,SAFE,None,11.99,0.0,11.99
phahon yothin rd (kaset-bangkhen) (fixed),13.864702_100.590215_mf9cPyVR_NPa5zMsDD8twA_300_2025-08.jpg,SAFE,None,2.19,2.19,0.0
phahon yothin rd (kaset-bangkhen) (fixed),13.864713_100.590421_l71vv7XB2py6pzcXoQUmRg_119_2025-01.jpg,SAFE,None,2.47,2.47,0.0
phahon yothin rd (kaset-bangkhen) (fixed),13.864782_100.590262_bxpUq-Zbju62KboL8p5ltA_300_2025-08.jpg,SAFE,None,3.63,3.63,0.0
phahon yothin rd (kaset-bangkhen) (fixed),13.864794_100.590467_wQ-JywUjGUSspQ-qmfsPwA_119_2025-01.jpg,SAFE,None,0.0,0.0,0.0
phahon yothin rd (kaset-bangkhen) (fixed),13.864862_100.590308_L9iXV9s_4u1kvP2P3XAMXw_300_2025-08.jpg,SAFE,None,2.51,2.51,0.0
phahon yothin rd (kaset-bangkhen) (fixed),13.864874_100.590513_CbYDhwur5uM4IUZDucrpQg_120_2025-01.jpg,SAFE,None,1.42,1.42,0.0
phahon yothin rd (kaset-bangkhen) (fixed),13.864942_100.590355_yIMrxxuuDB2kNREVPu69WQ_300_2025-08.jpg,SAFE,None,0.3,0.3,0.0
phahon yothin rd (kaset-bangkhen) (fixed),13.864955_100.590560_tmdezeKs3Vns2PiwOKPvgA_120_2025-01.jpg,SAFE,None,0.0,0.0,0.0
phahon yothin rd (kaset-bangkhen) (fixed),13.864982_100.590379_x2jlU9h673A9HLjKGe6Mww_300_2025-08.jpg,SAFE,None,3.49,3.49,0.0
phahon yothin rd (kaset-bangkhen) (fixed),13.865037_100.590608_6iQeV-Kh7yAUBaykibyqtg_120_2025-01.jpg,SAFE,None,1.11,1.11,0.0
phahon yothin rd (kaset-bangkhen) (fixed),13.865063_100.590425_cFZAHlX3jchpjtO9PdYrPg_300_2025-08.jpg,SAFE,None,1.17,1.17,0.0
phahon yothin rd (kaset-bangkhen) (fixed),13.865103_100.590449_rUU8DsCwHSDV0y8odpoO2w_300_2025-08.jpg,SAFE,None,0.0,0.0,0.0
phahon yothin rd (kaset-bangkhen) (fixed),13.865118_100.590655_1FuueE8pJADS49xOTVED9w_120_2025-01.jpg,SAFE,None,0.28,0.28,0.0
phahon yothin rd (kaset-bangkhen) (fixed),13.865183_100.590495_cyrJSXHfYiuSPM8ZJTW7ww_300_2025-08.jpg,SAFE,None,0.47,0.47,0.0
phahon yothin rd (kaset-bangkhen) (fixed),13.865198_100.590702_Z07cjG6sqYO1WKJG5keFDg_120_2025-01.jpg,SAFE,None,0.44,0.44,0.0
phahon yothin rd (kaset-bangkhen) (fixed),13.865263_100.590542_jp0RUDQtpgvGh8qTPhYZnQ_300_2025-08.jpg,SAFE,None,0.9,0.9,0.0
phahon yothin rd (kaset-bangkhen) (fixed),13.865278_100.590749_RasMxXHP8mqLw_DmzzLaRw_120_2025-01.jpg,SAFE,None,5.37,5.37,0.0
phahon yothin rd (kaset-bangkhen) (fixed),13.865343_100.590588_0YUgJ1AXQgqM68HNsK5ZRg_300_2025-08.jpg,SAFE,None,1.72,1.72,0.0
phahon yothin rd (kaset-bangkhen) (fixed),13.865357_100.590796_1lTBCRXbmbU-a-n3OFtFdA_120_2025-01.jpg,SAFE,None,3.24,3.24,0.0
phahon yothin rd (kaset-bangkhen) (fixed),13.865423_100.590635_NoisgheHyRWnLRcbzFiNnQ_300_2025-08.jpg,SAFE,None,0.0,0.0,0.0
phahon yothin rd (kaset-bangkhen) (fixed),13.865436_100.590843_G5z3S5DHfpRST49Nkl32cA_121_2025-01.jpg,SAFE,None,0.17,0.17,0.0
phahon yothin rd (kaset-bangkhen) (fixed),13.865502_100.590682_Af11dOpLdvVcEr50WUJzBA_300_2025-08.jpg,SAFE,None,0.5,0.5,0.0
phahon yothin rd (kaset-bangkhen) (fixed),13.865516_100.590891_1sSgiLbEazIfjbz0yj03iw_121_2025-01.jpg,SAFE,None,0.36,0.36,0.0
phahon yothin rd (kaset-bangkhen) (fixed),13.865582_100.590729__-62V570P12etk8so_32TA_300_2025-08.jpg,SAFE,None,0.53,0.53,0.0
phahon yothin rd (kaset-bangkhen) (fixed),13.865595_100.590939_orPlFvfKgTEjKp8nRstWxw_120_2025-01.jpg,SAFE,None,0.38,0.38,0.0
phahon yothin rd (kaset-bangkhen) (fixed),13.865662_100.590776_9EuhiU-H0R1TWgKocrT-YQ_300_2025-08.jpg,SAFE,None,2.35,2.35,0.0
phahon yothin rd (kaset-bangkhen) (fixed),13.865674_100.590986_wJva2Uv1MlHIKLWis_KFwA_120_2025-01.jpg,SAFE,None,0.0,0.0,0.0
phahon yothin rd (kaset-bangkhen) (fixed),13.865742_100.590824_H54W5QCG2lV0bOviu_7spA_300_2025-08.jpg,SAFE,None,1.22,1.22,0.0
phahon yothin rd (kaset-bangkhen) (fixed),13.865755_100.591033_2HvTxcjIfKGDD30A9n8Y6g_119_2025-01.jpg,SAFE,None,7.05,7.05,0.0
phahon yothin rd (kaset-bangkhen) (fixed),13.865822_100.590870_JXejHCX-y-HAV8XPFbEiUQ_300_2025-08.jpg,SAFE,None,0.0,0.0,0.0
phahon yothin rd (kaset-bangkhen) (fixed),13.865836_100.591079_CO1UrCxCMJm7FoNt3GwW7w_119_2025-01.jpg,SAFE,None,0.54,0.54,0.0
phahon yothin rd (kaset-bangkhen) (fixed),13.865902_100.590918_0AlgSTbp5fhBcXLuWgJDXA_300_2025-08.jpg,SAFE,None,0.47,0.47,0.0
phahon yothin rd (kaset-bangkhen) (fixed),13.865917_100.591125_5N9dVdQhEV6OAHdX2ySP-g_120_2025-01.jpg,SAFE,None,0.0,0.0,0.0
phahon yothin rd (kaset-bangkhen) (fixed),13.865982_100.590964_vpE-tt324ynPhraELWVIjQ_300_2025-08.jpg,SAFE,None,0.41,0.41,0.0
phahon yothin rd (kaset-bangkhen) (fixed),13.865998_100.591172_YqZgS7SjK3Xv7S29WZSAFg_120_2025-01.jpg,SAFE,None,5.29,0.24,5.05
phahon yothin rd (kaset-bangkhen) (fixed),13.866062_100.591011_1Ybd1molHQig2MOTXwG2wQ_300_2025-08.jpg,SAFE,None,6.35,6.35,0.0
phahon yothin rd (kaset-bangkhen) (fixed),13.866078_100.591220_TZtIgA1fXDkj2OSI20t31A_120_2025-01.jpg,SAFE,None,3.82,0.0,3.82
phahon yothin rd (kaset-bangkhen) (fixed),13.866139_100.591054_SF_Waf3uBhhQfzoNSTtPQg_299_2025-08.jpg,SAFE,None,1.37,1.37,0.0
phahon yothin rd (kaset-bangkhen) (fixed),13.866159_100.591267_ClkaSZBC81YnU_4x6Na_xg_120_2025-01.jpg,SAFE,None,1.45,1.45,0.0
phahon yothin rd (kaset-bangkhen) (fixed),13.866216_100.591096_XdMSWfHEdjbmnmN_ulwvdw_298_2025-08.jpg,SAFE,None,0.91,0.91,0.0
phahon yothin rd (kaset-bangkhen) (fixed),13.866237_100.591313_VQgEa18D5-iZO34FHrVSIQ_120_2025-01.jpg,SAFE,None,0.42,0.42,0.0
phahon yothin rd (kaset-bangkhen) (fixed),13.866308_100.591129_pbm_Ncmfa4bWij1f0RqxTQ_300_2025-01.jpg,SAFE,None,4.65,4.65,0.0
phahon yothin rd (kaset-bangkhen) (fixed),13.866317_100.591360__nBZyktaNNT_-z1Z8SQ-4g_120_2025-01.jpg,SAFE,None,0.87,0.87,0.0
phahon yothin rd (kaset-bangkhen) (fixed),13.866389_100.591176_b5m0rwZoJ163IsN5-nN4Zw_300_2025-01.jpg,SAFE,None,0.0,0.0,0.0
phahon yothin rd (kaset-bangkhen) (fixed),13.866396_100.591406_Hsdu9mn15ky-Vwk3AVj_Hw_120_2025-01.jpg,SAFE,None,5.56,0.25,5.32
phahon yothin rd (kaset-bangkhen) (fixed),13.866469_100.591224_Dc-DXoSiOf94hfmrMqifKA_300_2025-01.jpg,SAFE,None,0.52,0.52,0.0
phahon yothin rd (kaset-bangkhen) (fixed),13.866476_100.591454_Q9AGdIN0jCJeq0To_ZaZXQ_120_2025-01.jpg,SAFE,None,1.21,1.21,0.0
phahon yothin rd (kaset-bangkhen) (fixed),13.866550_100.591270_-mgu0nj_BuKAZ-6dG_MAZQ_299_2025-01.jpg,SAFE,None,4.68,4.68,0.0
phahon yothin rd (kaset-bangkhen) (fixed),13.866555_100.591500_etqsMn7Xskdgz8RmLGEc4Q_120_2025-01.jpg,SAFE,None,1.04,1.04,0.0
phahon yothin rd (kaset-bangkhen) (fixed),13.866605_100.591300_G9zVIj8OZlXtIbBbxQaTLQ_300_2025-01.jpg,SAFE,None,0.0,0.0,0.0
phahon yothin rd (kaset-bangkhen) (fixed),13.866635_100.591547_NtKWS8lT2GKbTbcvDVCM4Q_120_2025-01.jpg,SAFE,None,0.63,0.63,0.0
phahon yothin rd (kaset-bangkhen) (fixed),13.866685_100.591348_-l9q3d-yqZnZvLZ6QZfuEA_300_2025-01.jpg,SAFE,None,6.35,6.35,0.0
phahon yothin rd (kaset-bangkhen) (fixed),13.866714_100.591593_ogYV1etTkXD4SUvsPPv_nA_120_2025-01.jpg,SAFE,None,1.52,1.52,0.0
phahon yothin rd (kaset-bangkhen) (fixed),13.866751_100.591387_b9WopsIQfB3qIhnKR48fcA_300_2025-01.jpg,SAFE,None,2.62,1.15,1.46
phahon yothin rd (kaset-bangkhen) (fixed),13.866795_100.591640_u-JwGWSz371BssW4d3dolw_119_2025-01.jpg,SAFE,None,1.94,1.94,0.0
phahon yothin rd (kaset-bangkhen) (fixed),13.866799_100.591419_FMlCpua5Ngw32x8zw2q2Yg_300_2025-08.jpg,SAFE,None,2.37,2.37,0.0
phahon yothin rd (kaset-bangkhen) (fixed),13.866875_100.591686_3jqV4RzPXjUpgiJy93KX7w_119_2025-01.jpg,SAFE,None,0.76,0.76,0.0
phahon yothin rd (kaset-bangkhen) (fixed),13.866911_100.591482_P4CzYNGLbzPSO-NQflHk8g_300_2025-01.jpg,SAFE,None,0.0,0.0,0.0
phahon yothin rd (kaset-bangkhen) (fixed),13.866957_100.591733_0_Caa0soGSLEKfqwotG1aQ_119_2025-01.jpg,SAFE,None,0.52,0.52,0.0
phahon yothin rd (kaset-bangkhen) (fixed),13.867011_100.591542_tiOubxZH7A8OKeP3773TCQ_300_2025-08.jpg,SAFE,None,1.0,1.0,0.0
phahon yothin rd (kaset-bangkhen) (fixed),13.867038_100.591780_79uaKgeCxZcKbTAOHSgs7w_120_2025-01.jpg,SAFE,None,0.0,0.0,0.0
phahon yothin rd (kaset-bangkhen) (fixed),13.867070_100.591576_gVyjYT1q3eSAOaGph6bwZQ_300_2025-01.jpg,SAFE,None,7.41,7.41,0.0
phahon yothin rd (kaset-bangkhen) (fixed),13.867117_100.591828_WYjPy8pQVR78jDqPD5Kc4g_120_2025-01.jpg,SAFE,None,0.0,0.0,0.0
phahon yothin rd (kaset-bangkhen) (fixed),13.867174_100.591638_ECTIs82pO07BZwMvHIEU6w_300_2025-08.jpg,WARNING,OBSTACLE,21.58,21.58,0.0
phahon yothin rd (kaset-bangkhen) (fixed),13.867196_100.591875_N7KY-vmvbydzAepK0aQGxA_120_2025-01.jpg,SAFE,None,3.73,3.73,0.0
phahon yothin rd (kaset-bangkhen) (fixed),13.867229_100.591671_cefosQtFlOJXvA8rcKv_uw_300_2025-01.jpg,SAFE,None,13.02,13.02,0.0
phahon yothin rd (kaset-bangkhen) (fixed),13.867269_100.591694_9rKZJppM_BQkBILyILXwbw_300_2025-01.jpg,SAFE,None,0.0,0.0,0.0
phahon yothin rd (kaset-bangkhen) (fixed),13.867277_100.591922_dHJpyDVOSKy5oBnbiOg0_w_120_2025-01.jpg,SAFE,None,0.0,0.0,0.0
phahon yothin rd (kaset-bangkhen) (fixed),13.867331_100.591732_5D4is4E6NE-eSGRgA9RXCw_300_2025-08.jpg,SAFE,None,7.27,7.27,0.0
phahon yothin rd (kaset-bangkhen) (fixed),13.867357_100.591969__jugSOcen-snk4rs4L26NQ_120_2025-01.jpg,CRITICAL,OBSTACLE,103.49,103.49,0.0
phahon yothin rd (kaset-bangkhen) (fixed),13.867437_100.592017_56TwAQgNiugpBHl8Z03gRQ_120_2025-01.jpg,SAFE,None,0.0,0.0,0.0
phahon yothin rd (kaset-bangkhen) (fixed),13.867443_100.591799_CkrcB4V0vwtVGmCYDuLjLw_300_2025-08.jpg,SAFE,None,0.0,0.0,0.0
phahon yothin rd (kaset-bangkhen) (fixed),13.867482_100.591823_4Ce60_Hh4ZB8IXnaV7BraQ_300_2025-08.jpg,SAFE,None,0.35,0.35,0.0
phahon yothin rd (kaset-bangkhen) (fixed),13.867517_100.592064_q7wEYLt0dB8QgThV2pFNjQ_120_2025-01.jpg,SAFE,None,0.22,0.22,0.0
phahon yothin rd (kaset-bangkhen) (fixed),13.867559_100.591873_7gzCujhnsUuLFcXEjnTCCw_301_2025-08.jpg,SAFE,None,2.79,2.79,0.0
phahon yothin rd (kaset-bangkhen) (fixed),13.867595_100.592110_KYUKQofeq3Ejc9YFtl0aOw_119_2025-01.jpg,SAFE,None,0.41,0.41,0.0
phahon yothin rd (kaset-bangkhen) (fixed),13.867634_100.591926_MaomL8qDOLiAptLHR3wtpQ_301_2025-08.jpg,SAFE,None,0.0,0.0,0.0
phahon yothin rd (kaset-bangkhen) (fixed),13.867676_100.592156_GpEuGikuAieOuw9kZqLS1Q_120_2025-01.jpg,SAFE,None,0.12,0.12,0.0
phahon yothin rd (kaset-bangkhen) (fixed),13.867745_100.592006__dIrju8hYZGV20Iek5NRsA_301_2025-08.jpg,SAFE,None,0.0,0.0,0.0
phahon yothin rd (kaset-bangkhen) (fixed),13.867756_100.592204___I_9WSPNAwSLfnMb_W-lw_120_2025-01.jpg,SAFE,None,0.0,0.0,0.0
phahon yothin rd (kaset-bangkhen) (fixed),13.867822_100.592055_48lN7TT5ZkdjaIFqjXf8AQ_300_2025-08.jpg,SAFE,None,0.0,0.0,0.0
phahon yothin rd (kaset-bangkhen) (fixed),13.867838_100.592252_Ahvdf_6tzVdQSw7P03recw_120_2025-01.jpg,SAFE,None,3.23,3.23,0.0
phahon yothin rd (kaset-bangkhen) (fixed),13.867917_100.592299_le0yooCTzrOpFJnOFEIWDw_120_2025-01.jpg,SAFE,None,0.34,0.34,0.0
phahon yothin rd (kaset-bangkhen) (fixed),13.867927_100.592119_oaotgraUzcjubeYTDNGGRQ_300_2025-08.jpg,SAFE,None,0.0,0.0,0.0
phahon yothin rd (kaset-bangkhen) (fixed),13.867997_100.592346_Z47Dc0gLVetzWtcy_kCWyA_120_2025-01.jpg,SAFE,None,0.0,0.0,0.0
phahon yothin rd (kaset-bangkhen) (fixed),13.868009_100.592167_IgPvcBgkHTQcUc3t38q96A_300_2025-08.jpg,SAFE,None,0.0,0.0,0.0
phahon yothin rd (kaset-bangkhen) (fixed),13.868046_100.592188_DQnFWhHIiWgavUSFgLG4Ig_300_2025-08.jpg,SAFE,None,0.0,0.0,0.0
phahon yothin rd (kaset-bangkhen) (fixed),13.868077_100.592394_bC5Tqco8x1vaoYvILN00Tw_120_2025-01.jpg,SAFE,None,0.0,0.0,0.0
phahon yothin rd (kaset-bangkhen) (fixed),13.868156_100.592441_HObITZO_DBTKf5gqa5Sh0Q_120_2025-01.jpg,SAFE,None,0.0,0.0,0.0
phahon yothin rd (kaset-bangkhen) (fixed),13.868159_100.592254_wBNf01CwexN9EtMHEzyrIA_299_2025-08.jpg,SAFE,None,4.31,4.31,0.0
phahon yothin rd (kaset-bangkhen) (fixed),13.868237_100.592300_UOssYUl_V_yOYn5rnQ_ocg_299_2025-08.jpg,SAFE,None,0.0,0.0,0.0
phahon yothin rd (kaset-bangkhen) (fixed),13.868239_100.592488_3ptxD4uA9MRRRvSQ9cZlVA_120_2025-01.jpg,SAFE,None,0.51,0.51,0.0
phahon yothin rd (kaset-bangkhen) (fixed),13.868318_100.592536_W5LCjE17oyeNiwFhzkO_wg_120_2025-01.jpg,SAFE,None,0.4,0.4,0.0
phahon yothin rd (kaset-bangkhen) (fixed),13.868326_100.592352_0biVKGMYiysixV46xlWudQ_300_2025-08.jpg,SAFE,None,0.0,0.0,0.0
phahon yothin rd (kaset-bangkhen) (fixed),13.868376_100.592382_FLFTG58-knKwg73kSh92Hw_299_2025-08.jpg,SAFE,None,4.73,4.73,0.0
phahon yothin rd (kaset-bangkhen) (fixed),13.868399_100.592582_p5wNn28nFGKWHIJI8NDG1g_121_2025-01.jpg,WARNING,OBSTACLE,21.95,21.95,0.0
phahon yothin rd (kaset-bangkhen) (fixed),13.868455_100.592429_yaqwXncPZJkLsmOeQJ7oBg_300_2025-08.jpg,SAFE,None,2.89,2.89,0.0
phahon yothin rd (kaset-bangkhen) (fixed),13.868476_100.592631_YJA9ALM4msTI80a4LjrB7w_121_2025-01.jpg,SAFE,None,0.26,0.26,0.0
phahon yothin rd (kaset-bangkhen) (fixed),13.868531_100.592475_8rhm4TP3_ERbCHkkcEqH-w_300_2025-08.jpg,SAFE,None,8.3,8.3,0.0
phahon yothin rd (kaset-bangkhen) (fixed),13.868556_100.592679_8m3p9noxIoUtqdYjpU2oLQ_121_2025-01.jpg,SAFE,None,4.19,4.19,0.0
phahon yothin rd (kaset-bangkhen) (fixed),13.868634_100.592728_-wGisTAW44NE9_KkwzKqWw_120_2025-01.jpg,SAFE,None,0.0,0.0,0.0
phahon yothin rd (kaset-bangkhen) (fixed),13.868636_100.592537_EuU5Y5laiTAm90KinPfg7Q_300_2025-08.jpg,SAFE,None,0.0,0.0,0.0
phahon yothin rd (kaset-bangkhen) (fixed),13.868697_100.592573_YQWcOrjmSHSU5GitTWInjA_300_2025-08.jpg,SAFE,None,0.0,0.0,0.0
phahon yothin rd (kaset-bangkhen) (fixed),13.868716_100.592774_YMNWO5zWVykDpq5BgEOJXg_119_2025-01.jpg,SAFE,None,0.0,0.0,0.0
phahon yothin rd (kaset-bangkhen) (fixed),13.868735_100.592595_9stNBABccC5IyqbiEAg1Lw_300_2025-08.jpg,SAFE,None,0.0,0.0,0.0
phahon yothin rd (kaset-bangkhen) (fixed),13.868794_100.592821_Vd6xuUMpeXJaR3zN3aH0JA_120_2025-01.jpg,SAFE,None,0.0,0.0,0.0
phahon yothin rd (kaset-bangkhen) (fixed),13.868831_100.592650_8T6Nfr1te-RyKaJMr1rGMg_300_2025-08.jpg,SAFE,None,1.08,1.08,0.0
phahon yothin rd (kaset-bangkhen) (fixed),13.868874_100.592867_LNteC8soLE4SE9HkDi49SA_120_2025-01.jpg,SAFE,None,0.0,0.0,0.0
phahon yothin rd (kaset-bangkhen) (fixed),13.868922_100.592702_CqQHh9QAOJCjPOCPMTWQlw_299_2025-08.jpg,SAFE,None,0.0,0.0,0.0
phahon yothin rd (kaset-bangkhen) (fixed),13.868956_100.592913_WmYdh5W5YXB9mxoPZvHieg_120_2025-01.jpg,SAFE,None,0.0,0.0,0.0
phahon yothin rd (kaset-bangkhen) (fixed),13.869002_100.592748_BggKUmcVB4CHExeCTY1OfA_299_2025-08.jpg,SAFE,None,0.0,0.0,0.0
phahon yothin rd (kaset-bangkhen) (fixed),13.869034_100.592960_Im3qYCc2hnhxkvRDwiVdUw_120_2025-01.jpg,SAFE,None,0.33,0.33,0.0
phahon yothin rd (kaset-bangkhen) (fixed),13.869084_100.592797_nyL2vmq6aq55kEzSTSvYGQ_300_2025-08.jpg,SAFE,None,0.0,0.0,0.0
phahon yothin rd (kaset-bangkhen) (fixed),13.869117_100.593006_ZfWwu4S0rNhGQtsQ_FTAsg_120_2025-01.jpg,SAFE,None,0.31,0.31,0.0
phahon yothin rd (kaset-bangkhen) (fixed),13.869165_100.592845_QybYa3p6ALrKook0oEmRyA_301_2025-08.jpg,SAFE,None,2.04,2.04,0.0
phahon yothin rd (kaset-bangkhen) (fixed),13.869205_100.592869_StI4axUho0QcCY6e63yeRw_299_2025-08.jpg,SAFE,None,6.87,6.87,0.0
phahon yothin rd (kaset-bangkhen) (fixed),13.869208_100.593064_l1_ZsOS_CePEn4C-aXncSQ_120_2025-01.jpg,SAFE,None,4.37,0.76,3.61
phahon yothin rd (kaset-bangkhen) (fixed),13.869248_100.593087_72tBuGhSjWDG82OYHib9sw_120_2025-01.jpg,SAFE,None,1.66,1.66,0.0
phahon yothin rd (kaset-bangkhen) (fixed),13.869285_100.592916_74FXvHEpEIw_ry1WoKoReg_300_2025-08.jpg,SAFE,None,0.0,0.0,0.0
phahon yothin rd (kaset-bangkhen) (fixed),13.869328_100.593135_b385w6NM738AdVN2b3-qJg_120_2025-01.jpg,SAFE,None,0.0,0.0,0.0
phahon yothin rd (kaset-bangkhen) (fixed),13.869333_100.592947_IwfoFSv0muhg7Q7ZEfUeDQ_300_2025-08.jpg,SAFE,None,0.0,0.0,0.0
phahon yothin rd (kaset-bangkhen) (fixed),13.869369_100.593158_Ga8kCZkeG6_fUlivGF2A1g_119_2025-01.jpg,SAFE,None,0.0,0.0,0.0
phahon yothin rd (kaset-bangkhen) (fixed),13.869417_100.592996_VXSdCqP8WFaEI5yDyjllMA_300_2025-08.jpg,SAFE,None,0.0,0.0,0.0
phahon yothin rd (kaset-bangkhen) (fixed),13.869450_100.593206_Fp74M9HyF-mITqSQ289VfQ_120_2025-01.jpg,SAFE,None,0.0,0.0,0.0
phahon yothin rd (kaset-bangkhen) (fixed),13.869459_100.593020_c5qL8Hmw5W_f1PANoNoTaA_300_2025-08.jpg,SAFE,None,0.0,0.0,0.0
phahon yothin rd (kaset-bangkhen) (fixed),13.869530_100.593253_oLa41cbSBHW5LG5HT4inTA_120_2025-01.jpg,SAFE,None,5.13,0.21,4.92
phahon yothin rd (kaset-bangkhen) (fixed),13.869540_100.593068_kqItjSQhD-5eFD2qvSHQVw_300_2025-08.jpg,SAFE,None,1.75,1.75,0.0
phahon yothin rd (kaset-bangkhen) (fixed),13.869621_100.593116_145yNqpluuC_7KVB6xsfow_300_2025-08.jpg,SAFE,None,0.78,0.78,0.0
phahon yothin rd (kaset-bangkhen) (fixed),13.869650_100.593323_nUNSRp1-rvDAnVa5TCWfTA_120_2025-01.jpg,SAFE,None,0.0,0.0,0.0
phahon yothin rd (kaset-bangkhen) (fixed),13.869703_100.593164_6-oLemyuXw4yQ6vSU_vkfg_300_2025-08.jpg,SAFE,None,0.0,0.0,0.0
phahon yothin rd (kaset-bangkhen) (fixed),13.869729_100.593371_elUT7qObVnXoCZSIOB1MiA_120_2025-01.jpg,SAFE,None,16.23,0.37,15.86
phahon yothin rd (kaset-bangkhen) (fixed),13.869785_100.593212_odYPfx3w3r9uFgVHMtvPeA_300_2025-08.jpg,SAFE,None,0.79,0.79,0.0
phahon yothin rd (kaset-bangkhen) (fixed),13.869810_100.593418_UkfQ5cu59Jf1AcnYJ-lQ_w_120_2025-01.jpg,SAFE,None,1.46,1.46,0.0
phahon yothin rd (kaset-bangkhen) (fixed),13.869867_100.593260_JZJDbwgQSlnWVbtXpQMrzA_300_2025-08.jpg,SAFE,None,0.39,0.39,0.0
phahon yothin rd (kaset-bangkhen) (fixed),13.869890_100.593465_evGUMwCGWvstrnuGFocMfg_120_2025-01.jpg,SAFE,None,1.12,1.12,0.0
phahon yothin rd (kaset-bangkhen) (fixed),13.869947_100.593307_WnzB1-EKe101R3mVzednsA_300_2025-08.jpg,SAFE,None,0.51,0.51,0.0
phahon yothin rd (kaset-bangkhen) (fixed),13.869971_100.593513_PeOLOYYmDutiz4w0VIlFfQ_120_2025-01.jpg,SAFE,None,0.32,0.32,0.0
phahon yothin rd (kaset-bangkhen) (fixed),13.870027_100.593354_3MJdyC-nKyVFsnI76LVFYA_300_2025-08.jpg,SAFE,None,0.86,0.86,0.0
phahon yothin rd (kaset-bangkhen) (fixed),13.870052_100.593560_y9W6yWJq-_EzMod5WioSYA_120_2025-01.jpg,SAFE,None,0.0,0.0,0.0
phahon yothin rd (kaset-bangkhen) (fixed),13.870107_100.593402_r4s6V4DKho0NfKRcfTreAw_300_2025-08.jpg,SAFE,None,1.02,1.02,0.0
phahon yothin rd (kaset-bangkhen) (fixed),13.870132_100.593607_trOOgyzuiM58QQNmcU0Ezw_120_2025-01.jpg,SAFE,None,0.59,0.59,0.0
phahon yothin rd (kaset-bangkhen) (fixed),13.870187_100.593449_MPo21_6Ve4G7r3JSa_1ivw_300_2025-08.jpg,SAFE,None,2.16,2.16,0.0
phahon yothin rd (kaset-bangkhen) (fixed),13.870212_100.593655_CDFaoWNVn8S0C0-YQM1L4Q_120_2025-01.jpg,SAFE,None,0.89,0.89,0.0
phahon yothin rd (kaset-bangkhen) (fixed),13.870268_100.593497__ef90eR6Z0HMGsqAJH3Hew_300_2025-08.jpg,SAFE,None,6.1,6.1,0.0
phahon yothin rd (kaset-bangkhen) (fixed),13.870293_100.593702_dI15-DyUIgAXo8GxrgeVYw_120_2025-01.jpg,SAFE,None,1.8,1.8,0.0
phahon yothin rd (kaset-bangkhen) (fixed),13.870348_100.593543_pweXLJVNe_Zs1oqZZm5Atw_300_2025-08.jpg,SAFE,None,6.74,6.74,0.0
phahon yothin rd (kaset-bangkhen) (fixed),13.870373_100.593750_iz2ENw1_YA97vDG9ofaiOA_120_2025-01.jpg,SAFE,None,0.0,0.0,0.0
phahon yothin rd (kaset-bangkhen) (fixed),13.870429_100.593590__0E5-9WhNk0blTz5_KmwNA_300_2025-08.jpg,SAFE,None,0.0,0.0,0.0
phahon yothin rd (kaset-bangkhen) (fixed),13.870453_100.593797_TdiBjF9_fBr_sXmotav61w_120_2025-01.jpg,SAFE,None,0.94,0.94,0.0
phahon yothin rd (kaset-bangkhen) (fixed),13.870511_100.593638_17mo0t1_fozKGpNhSUzu8A_300_2025-08.jpg,SAFE,None,0.88,0.88,0.0
phahon yothin rd (kaset-bangkhen) (fixed),13.870533_100.593844_Nxkz1yHXaeUcJN1vBD1sIg_120_2025-01.jpg,SAFE,None,0.0,0.0,0.0
phahon yothin rd (kaset-bangkhen) (fixed),13.870593_100.593686_fd2RGfJ5E1KTOYXbtsdjeg_300_2025-08.jpg,SAFE,None,1.56,1.56,0.0
phahon yothin rd (kaset-bangkhen) (fixed),13.870612_100.593891_Ec3Kh8WDeR6WxPphHTnNaA_120_2025-01.jpg,SAFE,None,0.0,0.0,0.0
phahon yothin rd (kaset-bangkhen) (fixed),13.870673_100.593733_Bx6NfBk061Noh09sxh9AGw_300_2025-08.jpg,SAFE,None,8.36,8.36,0.0
phahon yothin rd (kaset-bangkhen) (fixed),13.870691_100.593937_Q88TGqkHMOR1OF3wgHhMbQ_120_2025-01.jpg,SAFE,None,0.0,0.0,0.0
phahon yothin rd (kaset-bangkhen) (fixed),13.870753_100.593780_p43PmIHXp8NcDtoMr2-aBQ_300_2025-08.jpg,SAFE,None,4.56,4.56,0.0
phahon yothin rd (kaset-bangkhen) (fixed),13.870771_100.593984_N51U8bsbgKLz6AQs6Yq85A_120_2025-01.jpg,SAFE,None,0.0,0.0,0.0
phahon yothin rd (kaset-bangkhen) (fixed),13.870832_100.593827_T_ogWCR6s6cy1S4P6v3ssw_301_2025-08.jpg,SAFE,None,4.06,4.06,0.0
phahon yothin rd (kaset-bangkhen) (fixed),13.870851_100.594031_pxW_CoDSnq39aH7M4E0QGA_120_2025-01.jpg,SAFE,None,0.0,0.0,0.0
phahon yothin rd (kaset-bangkhen) (fixed),13.870912_100.593875_pbMENAcesBS2oq3sU9w1cA_300_2025-08.jpg,SAFE,None,3.51,3.51,0.0
phahon yothin rd (kaset-bangkhen) (fixed),13.870933_100.594077_C0PJXYVVQmRNFmAfmJQdTQ_120_2025-01.jpg,SAFE,None,0.0,0.0,0.0
phahon yothin rd (kaset-bangkhen) (fixed),13.870992_100.593923_H_v22lv2rLzC1l3BNg4umg_301_2025-08.jpg,SAFE,None,0.67,0.67,0.0
phahon yothin rd (kaset-bangkhen) (fixed),13.871011_100.594124_BWmRBjcVvvg0Fpij4LZRUw_119_2025-01.jpg,SAFE,None,0.98,0.98,0.0
phahon yothin rd (kaset-bangkhen) (fixed),13.871033_100.593947_bWW-vT1OfSFxOwIBo0uHAw_301_2025-08.jpg,SAFE,None,0.0,0.0,0.0
phahon yothin rd (kaset-bangkhen) (fixed),13.871093_100.594170_bUPIiOcEP9Fc27GgY4nVDQ_119_2025-01.jpg,SAFE,None,2.77,2.77,0.0
phahon yothin rd (kaset-bangkhen) (fixed),13.871113_100.593996_ervuHhMOCh2OBW8NCrR2nA_301_2025-08.jpg,SAFE,None,0.0,0.0,0.0
phahon yothin rd (kaset-bangkhen) (fixed),13.871174_100.594216_fI4KqRUJYocShiDWJSPHiw_120_2025-01.jpg,SAFE,None,6.12,6.12,0.0
phahon yothin rd (kaset-bangkhen) (fixed),13.871193_100.594043_r6NrnlLZaswvOVgOF41yVQ_300_2025-08.jpg,SAFE,None,0.0,0.0,0.0
phahon yothin rd (kaset-bangkhen) (fixed),13.871274_100.594091_OhmFiHpa9KGGv5DpPwa-Ow_300_2025-08.jpg,SAFE,None,0.0,0.0,0.0
phahon yothin rd (kaset-bangkhen) (fixed),13.871291_100.594288_tmWBlVkTmi0xE1HZ9w5U_Q_121_2025-01.jpg,SAFE,None,0.0,0.0,0.0
phahon yothin rd (kaset-bangkhen) (fixed),13.871354_100.594138_Bsjw37GdFD6sNlEB7H9nXA_300_2025-08.jpg,SAFE,None,1.54,1.54,0.0
phahon yothin rd (kaset-bangkhen) (fixed),13.871370_100.594336_PgceP6tCL03ozNymrAoGEg_121_2025-01.jpg,SAFE,None,1.18,1.18,0.0
phahon yothin rd (kaset-bangkhen) (fixed),13.871394_100.594162_jlh1fy1KnhpwQ1TLHy8m2w_300_2025-08.jpg,SAFE,None,2.92,2.92,0.0
phahon yothin rd (kaset-bangkhen) (fixed),13.871450_100.594383_D_Rc0ivE3ImIgrFxx6rMpg_120_2025-01.jpg,SAFE,None,1.29,1.29,0.0
phahon yothin rd (kaset-bangkhen) (fixed),13.871474_100.594209_bzJqRIWRN0pg2RgrS0np9w_300_2025-08.jpg,SAFE,None,6.33,6.33,0.0
phahon yothin rd (kaset-bangkhen) (fixed),13.871529_100.594430_VJ-eR_BQeK4RAm-OjTy03A_120_2025-01.jpg,SAFE,None,0.0,0.0,0.0
phahon yothin rd (kaset-bangkhen) (fixed),13.871594_100.594281_1Hi9Plw-S6M_R5kl__CSMg_301_2025-08.jpg,SAFE,None,0.0,0.0,0.0
phahon yothin rd (kaset-bangkhen) (fixed),13.871609_100.594477_8W5UsAvMUvqNzzVRcQ1bWQ_120_2025-01.jpg,SAFE,None,0.0,0.0,0.0
phahon yothin rd (kaset-bangkhen) (fixed),13.871674_100.594329_k9T7bsHyKrCArT8F-hlfLw_300_2025-08.jpg,SAFE,None,0.0,0.0,0.0
phahon yothin rd (kaset-bangkhen) (fixed),13.871688_100.594525_QjkhKm0P-9f_8pT1R8uR1g_120_2025-01.jpg,SAFE,None,0.0,0.0,0.0
phahon yothin rd (kaset-bangkhen) (fixed),13.871754_100.594376_m5dnvRzrVbiiGBee-51ReA_299_2025-01.jpg,SAFE,None,0.0,0.0,0.0
phahon yothin rd (kaset-bangkhen) (fixed),13.871769_100.594572_5hT5F_AFfEEilEJxaDIVcw_120_2025-01.jpg,SAFE,None,0.0,0.0,0.0
phahon yothin rd (kaset-bangkhen) (fixed),13.871834_100.594423_TkCJ7Bfoi4LpfK2OeD-EcA_300_2025-08.jpg,SAFE,None,0.0,0.0,0.0
phahon yothin rd (kaset-bangkhen) (fixed),13.871851_100.594620__vohepMFIEGZFc1FA3Nb0Q_120_2025-01.jpg,SAFE,None,0.0,0.0,0.0
phahon yothin rd (kaset-bangkhen) (fixed),13.871915_100.594472_fL9vPzKEcrhyDK3STBGMxg_301_2025-08.jpg,SAFE,None,0.33,0.33,0.0
phahon yothin rd (kaset-bangkhen) (fixed),13.871930_100.594668_wfC56Nm_Sm56yov_Zx_3IQ_121_2025-01.jpg,SAFE,None,5.85,5.85,0.0
phahon yothin rd (kaset-bangkhen) (fixed),13.871994_100.594520_wEfMtAkcA4Emk8Vl2cZEPg_295_2025-08.jpg,SAFE,None,0.0,0.0,0.0
phahon yothin rd (kaset-bangkhen) (fixed),13.872009_100.594716_0cXs7PKViVj1xymFNUBwWA_121_2025-01.jpg,SAFE,None,0.0,0.0,0.0
phahon yothin rd (kaset-bangkhen) (fixed),13.872033_100.594543_7cbmphWX83xayIHf2RKs_Q_301_2025-08.jpg,SAFE,None,0.0,0.0,0.0
phahon yothin rd (kaset-bangkhen) (fixed),13.872086_100.594767_hQMzHqHZepb8W3wusD6Q2Q_124_2025-01.jpg,SAFE,None,0.0,0.0,0.0
phahon yothin rd (kaset-bangkhen) (fixed),13.872112_100.594591_Dw0KjEhBHU3KWnMWPs0tlw_301_2025-08.jpg,SAFE,None,0.0,0.0,0.0
phahon yothin rd (kaset-bangkhen) (fixed),13.872124_100.594794_CtTfHZE4TFpihhUhUWgh7A_125_2025-01.jpg,SAFE,None,0.0,0.0,0.0
phahon yothin rd (kaset-bangkhen) (fixed),13.872191_100.594640_RbM_rdtwcv02tiTimf1uPQ_301_2025-08.jpg,SAFE,None,0.0,0.0,0.0
phahon yothin rd (kaset-bangkhen) (fixed),13.872203_100.594849_3agZW5wuoPSdkBTCCi0nQg_124_2025-01.jpg,SAFE,None,0.0,0.0,0.0
phahon yothin rd (kaset-bangkhen) (fixed),13.872281_100.594901_oZ4i-es41TZ3v-2RNWJk3A_122_2025-01.jpg,SAFE,None,0.0,0.0,0.0
phahon yothin rd (kaset-bangkhen) (fixed),13.872307_100.594644_sypxNjO6BMKhT6TshG6C9w_298_2025-01.jpg,SAFE,None,1.31,1.31,0.0
phahon yothin rd (kaset-bangkhen) (fixed),13.872360_100.594951_-YnpDy589Qrjt_lYDSGGqg_121_2025-01.jpg,SAFE,None,0.0,0.0,0.0
phahon yothin rd (kaset-bangkhen) (fixed),13.872389_100.594691_qpPYjygQ60HuxnAmAYU0UQ_299_2025-01.jpg,SAFE,None,1.43,1.43,0.0
phahon yothin rd (kaset-bangkhen) (fixed),13.872440_100.595000_5bGLJz4dq3GJXtRGCxNZ2g_120_2025-01.jpg,SAFE,None,0.0,0.0,0.0
phahon yothin rd (kaset-bangkhen) (fixed),13.872470_100.594737_MVEm_oeCnqdDVqL2497SwA_299_2025-01.jpg,SAFE,None,2.45,2.45,0.0
phahon yothin rd (kaset-bangkhen) (fixed),13.872520_100.595048_qkF6qET-LUqPxHyVzSVxpQ_120_2025-01.jpg,SAFE,None,0.0,0.0,0.0
phahon yothin rd (kaset-bangkhen) (fixed),13.872551_100.594783_dFZbs80DMSyZYvegEJyocQ_299_2025-01.jpg,SAFE,None,0.64,0.64,0.0
phahon yothin rd (kaset-bangkhen) (fixed),13.872601_100.595095_Xnc0IRqOU7M2VnQleJcw3g_120_2025-01.jpg,SAFE,None,6.77,6.77,0.0
phahon yothin rd (kaset-bangkhen) (fixed),13.872631_100.594830_s8vAmQHsAF0GCqMVjVdkBw_300_2025-01.jpg,SAFE,None,0.96,0.96,0.0
phahon yothin rd (kaset-bangkhen) (fixed),13.872680_100.595142_slRhdrr1xFmkXk9pv79RHw_120_2025-01.jpg,SAFE,None,0.0,0.0,0.0
phahon yothin rd (kaset-bangkhen) (fixed),13.872711_100.594877_bUCenHJezqccjeJ29peNHw_300_2025-01.jpg,SAFE,None,2.74,2.74,0.0
phahon yothin rd (kaset-bangkhen) (fixed),13.872758_100.595189_o63eugDqy0y6vmtYu4EdRg_120_2025-01.jpg,SAFE,None,4.68,4.68,0.0
phahon yothin rd (kaset-bangkhen) (fixed),13.872791_100.594924_ImgyCDx9aqZJ_U9rsGynxQ_300_2025-01.jpg,SAFE,None,3.35,3.35,0.0
phahon yothin rd (kaset-bangkhen) (fixed),13.872837_100.595236_PCoWASyObHUUsHbGA2lIjQ_120_2025-01.jpg,SAFE,None,10.01,10.01,0.0
phahon yothin rd (kaset-bangkhen) (fixed),13.872871_100.594972_zub_oS6cVnIo1evJ6oYhdA_300_2025-01.jpg,SAFE,None,1.95,1.95,0.0
phahon yothin rd (kaset-bangkhen) (fixed),13.872916_100.595283_CXXDdMIMUXHROvGYZReJPw_121_2025-01.jpg,SAFE,None,0.0,0.0,0.0
phahon yothin rd (kaset-bangkhen) (fixed),13.872949_100.595018_vOEiTkWj7W0xF7R_kQkzUg_300_2025-01.jpg,SAFE,None,5.86,5.86,0.0
phahon yothin rd (kaset-bangkhen) (fixed),13.873027_100.595063_YGK8c3uOw-LSSX5VgzPBwg_300_2025-01.jpg,SAFE,None,8.62,2.82,5.8
phahon yothin rd (kaset-bangkhen) (fixed),13.873034_100.595355_Q89Rruy2rNbKZKmmnM7M-g_121_2025-01.jpg,SAFE,None,0.0,0.0,0.0
phahon yothin rd (kaset-bangkhen) (fixed),13.873106_100.595110_0RdHU8tLB31JuBTV-nY-hA_300_2025-01.jpg,SAFE,None,8.02,8.02,0.0
phahon yothin rd (kaset-bangkhen) (fixed),13.873121_100.595411_usZiTljf9kdt5CDNMkd4cQ_120_2025-01.jpg,SAFE,None,0.0,0.0,0.0
phahon yothin rd (kaset-bangkhen) (fixed),13.873187_100.595157_ky0Us_UdbZhApCA1-vcIvw_300_2025-01.jpg,SAFE,None,0.45,0.45,0.0
phahon yothin rd (kaset-bangkhen) (fixed),13.873199_100.595457_VyzcnuMjB9tZkWc0uzEt5Q_120_2025-01.jpg,SAFE,None,0.11,0.11,0.0
phahon yothin rd (kaset-bangkhen) (fixed),13.873264_100.595205_Xt55YHkd6TFZO7TpFb9bEA_300_2025-01.jpg,SAFE,None,0.0,0.0,0.0
phahon yothin rd (kaset-bangkhen) (fixed),13.873279_100.595504_QXk2LHlUeLzhDPjEAQaxEA_120_2025-01.jpg,SAFE,None,4.06,4.06,0.0
phahon yothin rd (kaset-bangkhen) (fixed),13.873305_100.595229_lBtoFZr1rJ4mr5PmkyPOsQ_301_2025-01.jpg,SAFE,None,0.0,0.0,0.0
phahon yothin rd (kaset-bangkhen) (fixed),13.873358_100.595551_Pc_Gxpa_SoKZ1Q9hLhmGOA_120_2025-01.jpg,SAFE,None,0.0,0.0,0.0
phahon yothin rd (kaset-bangkhen) (fixed),13.873385_100.595278_yY1QpRMLY8xSjT9JYHmpGw_300_2025-01.jpg,SAFE,None,0.0,0.0,0.0
phahon yothin rd (kaset-bangkhen) (fixed),13.873438_100.595598_Gcb5xu2XSkfKk94l1oZOMQ_120_2025-01.jpg,SAFE,None,0.0,0.0,0.0
phahon yothin rd (kaset-bangkhen) (fixed),13.873465_100.595325_IlXGo8y2KlOQHUi2yQcZSg_300_2025-01.jpg,SAFE,None,2.52,2.52,0.0
phahon yothin rd (kaset-bangkhen) (fixed),13.873518_100.595645_6uW73oFSEuYR5Wx2tC5Gfw_120_2025-01.jpg,SAFE,None,8.86,8.86,0.0
phahon yothin rd (kaset-bangkhen) (fixed),13.873546_100.595372_V8nxouuVtoOGIP-cgzkdzA_300_2025-01.jpg,SAFE,None,1.22,1.22,0.0
phahon yothin rd (kaset-bangkhen) (fixed),13.873596_100.595692_kSDl7w4maLIIM9pva_Dowg_120_2025-01.jpg,SAFE,None,0.0,0.0,0.0
phahon yothin rd (kaset-bangkhen) (fixed),13.873627_100.595420_sYAMUOQd9M23x1TWuyYcnQ_300_2025-01.jpg,SAFE,None,3.46,3.46,0.0
phahon yothin rd (kaset-bangkhen) (fixed),13.873676_100.595739_bDHt_v2yJRGvUbl2uIy_Tg_120_2025-01.jpg,SAFE,None,0.0,0.0,0.0
phahon yothin rd (kaset-bangkhen) (fixed),13.873707_100.595467_HZIfCV1vIhmRssw0XTeAKw_300_2025-01.jpg,SAFE,None,4.21,4.21,0.0
phahon yothin rd (kaset-bangkhen) (fixed),13.873756_100.595786_RCXpYZNihrCpEZBdjvndgQ_120_2025-01.jpg,SAFE,None,0.0,0.0,0.0
phahon yothin rd (kaset-bangkhen) (fixed),13.873785_100.595515_TMcW9Esyp1pdZYJHiPqM-A_301_2025-01.jpg,SAFE,None,1.48,1.48,0.0
phahon yothin rd (kaset-bangkhen) (fixed),13.873837_100.595833_6qBxybGB_5T7WE6MHSj-FA_120_2025-01.jpg,SAFE,None,0.0,0.0,0.0
phahon yothin rd (kaset-bangkhen) (fixed),13.873864_100.595564_wxk4J0718L80DEvy5hg68w_300_2025-01.jpg,SAFE,None,5.24,5.24,0.0
phahon yothin rd (kaset-bangkhen) (fixed),13.873916_100.595881_rPUSpc4JJhsIDEvU8XOlKQ_120_2025-01.jpg,SAFE,None,0.0,0.0,0.0
phahon yothin rd (kaset-bangkhen) (fixed),13.873945_100.595610_sfGmMNFYzJPiRpJy6PpuGQ_299_2025-01.jpg,SAFE,None,2.48,2.48,0.0
phahon yothin rd (kaset-bangkhen) (fixed),13.873997_100.595929_VAAYlw_foOBxoQ9S49-R_g_120_2025-01.jpg,WARNING,OBSTACLE,20.21,20.21,0.0
phahon yothin rd (kaset-bangkhen) (fixed),13.874026_100.595656_FeXAT-QtBAvx2MVfsJSh-A_299_2025-01.jpg,SAFE,None,0.0,0.0,0.0
phahon yothin rd (kaset-bangkhen) (fixed),13.874078_100.595977_FeMRR24PmdVaxVmlCZ3pJA_120_2025-01.jpg,SAFE,None,0.0,0.0,0.0
phahon yothin rd (kaset-bangkhen) (fixed),13.874106_100.595701_HxgthC8I-aWw-E_goU7c6A_299_2025-01.jpg,SAFE,None,0.0,0.0,0.0
phahon yothin rd (kaset-bangkhen) (fixed),13.874158_100.596026_arE8sjZ_aOu0l670JPlLoA_123_2025-01.jpg,SAFE,None,0.0,0.0,0.0
phahon yothin rd (kaset-bangkhen) (fixed),13.874186_100.595747_Hkn26I7KB9YPeqWNinZ1rw_299_2025-01.jpg,SAFE,None,0.82,0.0,0.82
phahon yothin rd (kaset-bangkhen) (fixed),13.874232_100.596081_6dW9MskxOsILSIDXeO6F8Q_127_2025-01.jpg,SAFE,None,0.0,0.0,0.0
phahon yothin rd (kaset-bangkhen) (fixed),13.874266_100.595793_VDFrDzGzr0bnyxdp7s-aGA_299_2025-01.jpg,SAFE,None,0.0,0.0,0.0
phahon yothin rd (kaset-bangkhen) (fixed),13.874267_100.596112_AeBhgCsO2Vdec-5fJ5SGJQ_133_2025-01.jpg,SAFE,None,0.98,0.98,0.0
phahon yothin rd (kaset-bangkhen) (fixed),13.874330_100.596180_QplKgC4QO-Zti16X1NNlzw_141_2025-01.jpg,SAFE,None,0.0,0.0,0.0
phahon yothin rd (kaset-bangkhen) (fixed),13.874345_100.595839_xE4DaoKnbDZFHW-zakOYSg_300_2025-01.jpg,CRITICAL,OBSTACLE,44.27,44.27,0.0
phahon yothin rd (kaset-bangkhen) (fixed),13.874387_100.596256_VUujNXh3Y1fFFBxZHjnoeg_145_2025-01.jpg,SAFE,None,1.26,1.26,0.0
phahon yothin rd (kaset-bangkhen) (fixed),13.874423_100.595884_bTdm8CSqLLgVN_XtsglSqg_299_2025-01.jpg,SAFE,None,0.64,0.64,0.0
phahon yothin rd (kaset-bangkhen) (fixed),13.874439_100.596319_CcBXEdQrN_hYzXbSxc5x0g_145_2025-01.jpg,SAFE,None,15.09,15.09,0.0
phahon yothin rd (kaset-bangkhen) (fixed),13.874463_100.595907_LzXtEEt6C2sWjuahY_ugTQ_298_2025-01.jpg,SAFE,None,0.79,0.79,0.0
phahon yothin rd (kaset-bangkhen) (fixed),13.874491_100.596397_vZ9IYbbkm-bhwTyWwIpqsw_147_2025-01.jpg,SAFE,None,2.25,2.25,0.0
phahon yothin rd (kaset-bangkhen) (fixed),13.874525_100.596554_9Stye-zXayELc36ZZBbn8Q_163_2025-01.jpg,SAFE,None,0.0,0.0,0.0
phahon yothin rd (kaset-bangkhen) (fixed),13.874541_100.596477_AEGkkKa2NFVmwT_tmCLD_w_148_2025-01.jpg,SAFE,None,0.0,0.0,0.0
phahon yothin rd (kaset-bangkhen) (fixed),13.874544_100.595950__AkljZBuDGQNi70X159WnQ_296_2025-01.jpg,SAFE,None,0.0,0.0,0.0
phahon yothin rd (kaset-bangkhen) (fixed),13.874550_100.596644_PM2mKYb3CpfLwihBJ_4bTg_167_2025-01.jpg,SAFE,None,2.25,2.25,0.0
phahon yothin rd (kaset-bangkhen) (fixed),13.874565_100.596736_G_JW4QPuAQ1xRF_PSx5SJg_177_2025-01.jpg,SAFE,None,1.98,1.98,0.0
phahon yothin rd (kaset-bangkhen) (fixed),13.874629_100.595989_1JoGw7mYaPW4MTQ2DeEYEQ_293_2025-01.jpg,SAFE,None,0.0,0.0,0.0
phahon yothin rd (kaset-bangkhen) (fixed),13.874716_100.596020_ZdIIul9CGokIBuPzkRGUOA_288_2025-01.jpg,SAFE,None,0.0,0.0,0.0
phahon yothin rd (kaset-bangkhen) (fixed),13.874853_100.596056_AShiMgENI-uzb0ZWtyTNhA_281_2025-01.jpg,SAFE,None,0.0,0.0,0.0
phahon yothin rd (kaset-bangkhen) (fixed),13.874945_100.596071_lfsVxL-ZtNzvnv_BEgIglw_277_2025-01.jpg,SAFE,None,0.0,0.0,0.0
phahon yothin rd (kaset-bangkhen) (fixed),13.875038_100.596080_0yABgi0W0bKr9UqlRRai7g_275_2025-01.jpg,SAFE,None,0.0,0.0,0.0
phahon yothin rd (kaset-bangkhen) (fixed),13.875130_100.596086_E1uDw9M1r34zrFukXYFOhg_272_2025-01.jpg,SAFE,None,0.3,0.3,0.0
phahon yothin rd (ratchayothin-kaset) (fixed),13.827197_100.568384_FCibzTJleFnYzqegBUVLGA_113_2024-11.jpg,SAFE,None,0.73,0.73,0.0
phahon yothin rd (ratchayothin-kaset) (fixed),13.827275_100.568148_WIcO20lycqyknbStCq2vlw_298_2025-01.jpg,SAFE,None,0.0,0.0,0.0
phahon yothin rd (ratchayothin-kaset) (fixed),13.827312_100.568446_Tv1AZCaiKCFQWMJNcD9IwQ_120_2024-11.jpg,SAFE,None,0.0,0.0,0.0
phahon yothin rd (ratchayothin-kaset) (fixed),13.827353_100.568207_APwFa4bgMV_R52H4jppKEw_300_2025-01.jpg,SAFE,None,0.47,0.47,0.0
phahon yothin rd (ratchayothin-kaset) (fixed),13.827386_100.568490_5GhmSnajrWxj_0BCzWc0fg_120_2024-11.jpg,SAFE,None,0.64,0.64,0.0
phahon yothin rd (ratchayothin-kaset) (fixed),13.827438_100.568261_ArrWK-5oe6YMgtalJ8niHQ_300_2025-01.jpg,SAFE,None,0.34,0.34,0.0
phahon yothin rd (ratchayothin-kaset) (fixed),13.827464_100.568537_QejcYMWtc89q-p7wjeVpWQ_120_2024-11.jpg,SAFE,None,0.36,0.36,0.0
phahon yothin rd (ratchayothin-kaset) (fixed),13.827520_100.568312_Lf1fdej2IBfaMJ4RcJ3Nxg_300_2025-01.jpg,SAFE,None,0.0,0.0,0.0
phahon yothin rd (ratchayothin-kaset) (fixed),13.827543_100.568584_ZMIp49q6gwvjUxZ9LXkj1g_120_2024-11.jpg,SAFE,None,0.0,0.0,0.0
phahon yothin rd (ratchayothin-kaset) (fixed),13.827602_100.568362_xz8pW-gWWzvbNlvcTRV4Qg_301_2025-01.jpg,SAFE,None,0.0,0.0,0.0
phahon yothin rd (ratchayothin-kaset) (fixed),13.827624_100.568631_V4pJNAEwoHobS8ligTn3Nw_120_2024-11.jpg,SAFE,None,3.09,3.09,0.0
phahon yothin rd (ratchayothin-kaset) (fixed),13.827643_100.568386_5eIgE6MqocgqK6Y2C6gzIQ_300_2025-01.jpg,SAFE,None,0.3,0.3,0.0
phahon yothin rd (ratchayothin-kaset) (fixed),13.827703_100.568677_fS2p1MsoBqwmLit79a_tXA_120_2024-11.jpg,SAFE,None,0.0,0.0,0.0
phahon yothin rd (ratchayothin-kaset) (fixed),13.827723_100.568435_O86E6WWEM1MnADO3NMv6Iw_300_2025-01.jpg,SAFE,None,0.59,0.59,0.0
phahon yothin rd (ratchayothin-kaset) (fixed),13.827781_100.568723_jNcUCupbxen4tZhDV-96JA_120_2024-11.jpg,SAFE,None,0.0,0.0,0.0
phahon yothin rd (ratchayothin-kaset) (fixed),13.827804_100.568482_sNe-vT6ABIB9BCuFZSoGjA_300_2025-01.jpg,SAFE,None,3.5,3.5,0.0
phahon yothin rd (ratchayothin-kaset) (fixed),13.827859_100.568769_AknNDq8ow0FAwYLm6sWWUQ_120_2024-11.jpg,SAFE,None,0.0,0.0,0.0
phahon yothin rd (ratchayothin-kaset) (fixed),13.827885_100.568529_N7c6ml6XBMtRBd0JqnU60g_300_2025-01.jpg,SAFE,None,0.0,0.0,0.0
phahon yothin rd (ratchayothin-kaset) (fixed),13.827938_100.568814_SZq5osSf7OvKpjfdFxwYaQ_120_2024-11.jpg,SAFE,None,0.0,0.0,0.0
phahon yothin rd (ratchayothin-kaset) (fixed),13.827964_100.568576_bj9pdiF58aLGlo_xfXwmfg_300_2025-01.jpg,SAFE,None,4.32,4.32,0.0
phahon yothin rd (ratchayothin-kaset) (fixed),13.828017_100.568862_BsbRD10ocegeRRqUTv10uw_120_2024-11.jpg,SAFE,None,0.0,0.0,0.0
phahon yothin rd (ratchayothin-kaset) (fixed),13.828043_100.568623_wl5qfxHdrd8s-ycmGAd3lg_300_2025-01.jpg,SAFE,None,0.0,0.0,0.0
phahon yothin rd (ratchayothin-kaset) (fixed),13.828124_100.568670_5ZUYXjDiZbQYybcDKg5xXQ_300_2025-01.jpg,SAFE,None,2.11,2.11,0.0
phahon yothin rd (ratchayothin-kaset) (fixed),13.828137_100.568932_ruembReHbWBdbYWjUix3Mw_120_2024-11.jpg,SAFE,None,5.13,5.13,0.0
phahon yothin rd (ratchayothin-kaset) (fixed),13.828202_100.568716_3NOCmxLHGt7N_iVdkex7jw_300_2025-01.jpg,SAFE,None,3.5,3.5,0.0
phahon yothin rd (ratchayothin-kaset) (fixed),13.828216_100.568980_e5rrk7sZfQCuCWWffq-yrA_120_2024-11.jpg,SAFE,None,0.0,0.0,0.0
phahon yothin rd (ratchayothin-kaset) (fixed),13.828281_100.568762_oFZ6Gar1aD38_7qZU6gi1A_300_2025-01.jpg,SAFE,None,0.0,0.0,0.0
phahon yothin rd (ratchayothin-kaset) (fixed),13.828296_100.569025_Ozuvz1rNnL_rgoiByt71qA_120_2024-11.jpg,SAFE,None,0.0,0.0,0.0
phahon yothin rd (ratchayothin-kaset) (fixed),13.828321_100.568784_GMdnz8lZ0HzuIh9YNeIpcg_300_2025-01.jpg,SAFE,None,0.0,0.0,0.0
phahon yothin rd (ratchayothin-kaset) (fixed),13.828376_100.569072_nCVgGHObyvFhG5iVL9F1kw_120_2024-11.jpg,SAFE,None,0.0,0.0,0.0
phahon yothin rd (ratchayothin-kaset) (fixed),13.828401_100.568830_QO8NXp648VSMOdj0_ehnig_299_2025-01.jpg,SAFE,None,0.0,0.0,0.0
phahon yothin rd (ratchayothin-kaset) (fixed),13.828457_100.569119_ySefnf03dwd0t9rQrhcqAg_120_2024-11.jpg,SAFE,None,0.0,0.0,0.0
phahon yothin rd (ratchayothin-kaset) (fixed),13.828481_100.568876_nWuWha9DBUPO1S-oRbX6jw_300_2025-01.jpg,SAFE,None,0.0,0.0,0.0
phahon yothin rd (ratchayothin-kaset) (fixed),13.828537_100.569166_R7gbzF6MZ4NM-Rl7mbOh0g_120_2024-11.jpg,SAFE,None,0.0,0.0,0.0
phahon yothin rd (ratchayothin-kaset) (fixed),13.828561_100.568923_NbSAEFfDDAgBdRqZkaXH-w_300_2025-01.jpg,SAFE,None,0.0,0.0,0.0
phahon yothin rd (ratchayothin-kaset) (fixed),13.828617_100.569212_-b14tA9s_zwtT0B8JOtxsA_120_2024-11.jpg,SAFE,None,8.18,8.18,0.0
phahon yothin rd (ratchayothin-kaset) (fixed),13.828641_100.568971_tTi5QrvIf6Dp46w8_6GxKg_301_2025-01.jpg,SAFE,None,0.0,0.0,0.0
phahon yothin rd (ratchayothin-kaset) (fixed),13.828697_100.569259_NB_8CIHchku_fkkvANxsNA_119_2024-11.jpg,SAFE,None,0.0,0.0,0.0
phahon yothin rd (ratchayothin-kaset) (fixed),13.828718_100.569019_rIC1B22K3lgZHF139j2ovA_302_2025-01.jpg,SAFE,None,0.0,0.0,0.0
phahon yothin rd (ratchayothin-kaset) (fixed),13.828776_100.569305_CnNMHEQn9ufkUD64Xlon8g_119_2024-11.jpg,SAFE,None,0.0,0.0,0.0
phahon yothin rd (ratchayothin-kaset) (fixed),13.828795_100.569069_vY8Z8q1K7T6SwsNkfOeLog_303_2025-01.jpg,SAFE,None,6.43,6.43,0.0
phahon yothin rd (ratchayothin-kaset) (fixed),13.828859_100.569350_GHu15ar2j-kdT-gp8dCV9w_118_2024-11.jpg,SAFE,None,0.0,0.0,0.0
phahon yothin rd (ratchayothin-kaset) (fixed),13.828871_100.569121_r2inqUkDWFmF4wBpVnlkwQ_304_2025-01.jpg,SAFE,None,1.45,1.45,0.0
phahon yothin rd (ratchayothin-kaset) (fixed),13.828939_100.569394_dU6HuaBUZvjWT27pOdnb8w_118_2024-11.jpg,SAFE,None,0.0,0.0,0.0
phahon yothin rd (ratchayothin-kaset) (fixed),13.828947_100.569173_NWI9JWPeRqF6t9zXPo945g_304_2025-01.jpg,SAFE,None,1.87,1.87,0.0
phahon yothin rd (ratchayothin-kaset) (fixed),13.829021_100.569438_T2p3EITTc3iUS6_N7-bLJQ_117_2024-11.jpg,SAFE,None,3.17,0.0,3.17
phahon yothin rd (ratchayothin-kaset) (fixed),13.829024_100.569225_ZN3riPwPo9_pWfta6m_8CA_303_2025-01.jpg,SAFE,None,0.0,0.0,0.0
phahon yothin rd (ratchayothin-kaset) (fixed),13.829101_100.569275_89d3JExefqFXRiTYwRZonw_303_2025-01.jpg,SAFE,None,0.0,0.0,0.0
phahon yothin rd (ratchayothin-kaset) (fixed),13.829104_100.569480_qWHLhHORKYlmh-flqntHSg_117_2024-11.jpg,SAFE,None,2.51,2.51,0.0
phahon yothin rd (ratchayothin-kaset) (fixed),13.829143_100.569502_BKMwUMlekqcIJ6_vxoKFjQ_117_2024-11.jpg,SAFE,None,1.79,1.79,0.0
phahon yothin rd (ratchayothin-kaset) (fixed),13.829178_100.569325_7uAzXXtnJvPUbEeFZrCnEw_302_2025-01.jpg,SAFE,None,4.2,4.2,0.0
phahon yothin rd (ratchayothin-kaset) (fixed),13.829229_100.569547_Va3HF-6XnecHqKmnWeEp4w_117_2024-11.jpg,SAFE,None,17.95,17.95,0.0
phahon yothin rd (ratchayothin-kaset) (fixed),13.829257_100.569375_Gag00Yjtt26uFcPFDyPwpQ_302_2025-01.jpg,SAFE,None,1.88,1.88,0.0
phahon yothin rd (ratchayothin-kaset) (fixed),13.829337_100.569425_aqpUn1B3pF5CU543_o4y6g_302_2025-01.jpg,SAFE,None,5.77,5.77,0.0
phahon yothin rd (ratchayothin-kaset) (fixed),13.829366_100.569620_f9U5_9bFTo5ChoAiDGMT5A_118_2024-11.jpg,SAFE,None,19.35,19.35,0.0
phahon yothin rd (ratchayothin-kaset) (fixed),13.829417_100.569475_s4Dp8EfKTsUSjk80Da3pUw_301_2025-01.jpg,SAFE,None,0.0,0.0,0.0
phahon yothin rd (ratchayothin-kaset) (fixed),13.829444_100.569664_8BhahnyR5olzZX8N_nE8HA_121_2024-11.jpg,SAFE,None,18.01,18.01,0.0
phahon yothin rd (ratchayothin-kaset) (fixed),13.829498_100.569524_Tz8XJxeewvjiqcT8CyF1Xg_301_2025-01.jpg,WARNING,OBSTACLE,23.38,23.38,0.0
phahon yothin rd (ratchayothin-kaset) (fixed),13.829529_100.569714_voPlaT31Ri2cpLFYUfln1w_119_2024-11.jpg,SAFE,None,0.0,0.0,0.0
phahon yothin rd (ratchayothin-kaset) (fixed),13.829579_100.569573_B8YHSLFGcQGR20PDQDttYA_301_2025-01.jpg,WARNING,OBSTACLE,22.7,22.7,0.0
phahon yothin rd (ratchayothin-kaset) (fixed),13.829617_100.569764_Ld4CZ1Rek_bdzDM_PQ_prA_119_2024-11.jpg,SAFE,None,0.0,0.0,0.0
phahon yothin rd (ratchayothin-kaset) (fixed),13.829660_100.569621_-ng-7RaJFXYy8-FUKJBvJg_300_2025-01.jpg,WARNING,OBSTACLE,27.87,27.87,0.0
phahon yothin rd (ratchayothin-kaset) (fixed),13.829697_100.569809_eWNvp-oTP7VVYP493DTffg_120_2024-11.jpg,SAFE,None,4.45,4.45,0.0
phahon yothin rd (ratchayothin-kaset) (fixed),13.829741_100.569669_hwAAjxlXVts4E33vFuwkvA_300_2025-01.jpg,SAFE,None,12.77,12.77,0.0
phahon yothin rd (ratchayothin-kaset) (fixed),13.829802_100.569873_5hEayL43SUgd7FgIUsjQIw_121_2024-11.jpg,SAFE,None,0.95,0.95,0.0
phahon yothin rd (ratchayothin-kaset) (fixed),13.829822_100.569716_g2MqKXtd0kwZMCk0E4ECDQ_300_2025-01.jpg,SAFE,None,0.0,0.0,0.0
phahon yothin rd (ratchayothin-kaset) (fixed),13.829878_100.569918_UooYgSZJpJdiYtNsr_B_VA_121_2024-11.jpg,SAFE,None,0.0,0.0,0.0
phahon yothin rd (ratchayothin-kaset) (fixed),13.829902_100.569763_XUzvzQyd2Ew8qcPrFvhL3Q_300_2025-01.jpg,SAFE,None,0.0,0.0,0.0
phahon yothin rd (ratchayothin-kaset) (fixed),13.829941_100.569786_3DwmyoPPiptMRrATs3BQ8Q_300_2025-01.jpg,SAFE,None,0.22,0.22,0.0
phahon yothin rd (ratchayothin-kaset) (fixed),13.829996_100.569990_KOhXNMJ7BRrzDyZmZJqGKQ_120_2024-11.jpg,SAFE,None,0.0,0.0,0.0
phahon yothin rd (ratchayothin-kaset) (fixed),13.830020_100.569832_nRtknZSyOYxzu1gQUHNAuw_300_2025-01.jpg,SAFE,None,12.83,12.83,0.0
phahon yothin rd (ratchayothin-kaset) (fixed),13.830077_100.570038_8n9Q_86gJQPVUioUVEZp2Q_120_2024-11.jpg,SAFE,None,0.0,0.0,0.0
phahon yothin rd (ratchayothin-kaset) (fixed),13.830099_100.569878_XNu8FKYDRMz2uiHKy5SVOg_300_2025-01.jpg,SAFE,None,0.0,0.0,0.0
phahon yothin rd (ratchayothin-kaset) (fixed),13.830157_100.570086_ydhcF8XQmjCIHMgobptyJg_120_2024-11.jpg,SAFE,None,4.66,4.66,0.0
phahon yothin rd (ratchayothin-kaset) (fixed),13.830179_100.569926_6mfsb0tL_XlUtA3dX2XPWA_300_2025-01.jpg,SAFE,None,0.0,0.0,0.0
phahon yothin rd (ratchayothin-kaset) (fixed),13.830239_100.570133_xm7URVwzqO5YYB8w8soJVA_120_2024-11.jpg,SAFE,None,0.0,0.0,0.0
phahon yothin rd (ratchayothin-kaset) (fixed),13.830258_100.569972_kMRQlHcd9VaiWAQEvTZIrg_300_2025-01.jpg,SAFE,None,13.17,13.17,0.0
phahon yothin rd (ratchayothin-kaset) (fixed),13.830318_100.570179_CCBQIP7NRvbLGyW_doNS1Q_120_2024-11.jpg,WARNING,OBSTACLE,30.41,30.41,0.0
phahon yothin rd (ratchayothin-kaset) (fixed),13.830337_100.570019_2ajIhrBwskEokFzNHXGyoA_301_2025-01.jpg,SAFE,None,7.56,7.56,0.0
phahon yothin rd (ratchayothin-kaset) (fixed),13.830398_100.570226_q1IdKdOORBbUJlrqmS4pjg_120_2024-11.jpg,SAFE,None,0.0,0.0,0.0
phahon yothin rd (ratchayothin-kaset) (fixed),13.830415_100.570067_vGiHMzkVBdvwwAiDc01kWw_301_2025-01.jpg,SAFE,None,0.0,0.0,0.0
phahon yothin rd (ratchayothin-kaset) (fixed),13.830480_100.570275_-zcIA0m6B_vOEXtJj8mDCQ_120_2024-11.jpg,SAFE,None,5.23,0.0,5.23
phahon yothin rd (ratchayothin-kaset) (fixed),13.830493_100.570114_WuE08g0Zig7_I_5Qrfs3MA_301_2025-01.jpg,CRITICAL,OBSTACLE,37.6,37.6,0.0
phahon yothin rd (ratchayothin-kaset) (fixed),13.830561_100.570322_Ljwzz2AKZ9ohfUbTy39Chw_120_2024-11.jpg,SAFE,None,0.0,0.0,0.0
phahon yothin rd (ratchayothin-kaset) (fixed),13.830572_100.570162_wI8bR9J55f_ky5ZhnyeeFg_301_2025-01.jpg,SAFE,None,1.77,1.77,0.0
phahon yothin rd (ratchayothin-kaset) (fixed),13.830639_100.570367_bnkg63N4aEEsnJM4ojWlzw_119_2024-11.jpg,SAFE,None,3.14,0.76,2.38
phahon yothin rd (ratchayothin-kaset) (fixed),13.830653_100.570213_tNMRkgSWE5lQ5tu4kXesqw_302_2025-01.jpg,SAFE,None,0.5,0.5,0.0
phahon yothin rd (ratchayothin-kaset) (fixed),13.830694_100.570239_OoheSPRoMoUdO9Wt-yPVXA_303_2025-01.jpg,SAFE,None,0.7,0.7,0.0
phahon yothin rd (ratchayothin-kaset) (fixed),13.830754_100.570433_1DD8mAT72JpE9-xitSiGeQ_120_2024-11.jpg,SAFE,None,3.72,3.72,0.0
phahon yothin rd (ratchayothin-kaset) (fixed),13.830774_100.570294_nH7c220h2KlSAaRVcPgJvA_304_2025-01.jpg,SAFE,None,3.52,3.52,0.0
phahon yothin rd (ratchayothin-kaset) (fixed),13.830830_100.570441__sxm7cTi5hVtQoKTE6bMGg_121_2024-11.jpg,SAFE,None,6.0,6.0,0.0
phahon yothin rd (ratchayothin-kaset) (fixed),13.830853_100.570346_VlIMp7bldPcuBM51s46ohA_303_2025-01.jpg,SAFE,None,1.14,1.14,0.0
phahon yothin rd (ratchayothin-kaset) (fixed),13.830872_100.570503_eUKl14AjShImp29Lm8KBFw_120_2024-11.jpg,SAFE,None,0.0,0.0,0.0
phahon yothin rd (ratchayothin-kaset) (fixed),13.830893_100.570372_qF3FieXPfmEM5xeNh5jGFQ_302_2025-01.jpg,SAFE,None,2.91,2.91,0.0
phahon yothin rd (ratchayothin-kaset) (fixed),13.830951_100.570550_GAsFKVCNYzA33ydm5cXk7Q_120_2024-11.jpg,SAFE,None,0.0,0.0,0.0
phahon yothin rd (ratchayothin-kaset) (fixed),13.830974_100.570422_6p-EIbMsCWNdazUeWucKSQ_301_2025-01.jpg,SAFE,None,0.98,0.98,0.0
phahon yothin rd (ratchayothin-kaset) (fixed),13.831029_100.570596_NolILsDdYjtMhewIxV5T0A_120_2024-11.jpg,SAFE,None,5.4,5.4,0.0
phahon yothin rd (ratchayothin-kaset) (fixed),13.831054_100.570471_5OqFFFMjXddFvAhsfjkSSA_301_2025-01.jpg,SAFE,None,2.37,2.37,0.0
phahon yothin rd (ratchayothin-kaset) (fixed),13.831105_100.570642_E12YwICidkM3IMJhMDb7FA_120_2024-11.jpg,SAFE,None,0.42,0.42,0.0
phahon yothin rd (ratchayothin-kaset) (fixed),13.831134_100.570518_YjDPnMqukke9z_IfKfSUXg_300_2025-01.jpg,SAFE,None,1.81,1.81,0.0
phahon yothin rd (ratchayothin-kaset) (fixed),13.831216_100.570566_z5X5oZjO6XqlIFYurHYgSQ_300_2025-01.jpg,SAFE,None,0.0,0.0,0.0
phahon yothin rd (ratchayothin-kaset) (fixed),13.831224_100.570712_RTX8wmQaCQUtayfxkBmEMg_120_2024-11.jpg,CRITICAL,SURFACE DAMAGE,47.88,4.61,43.28
phahon yothin rd (ratchayothin-kaset) (fixed),13.831256_100.570590_g_uiIaAOJHW54xMP-ai4VQ_300_2025-01.jpg,SAFE,None,0.0,0.0,0.0
phahon yothin rd (ratchayothin-kaset) (fixed),13.831302_100.570758_1wHWoEAkSKCbT1pAgACblw_120_2024-11.jpg,SAFE,None,0.0,0.0,0.0
phahon yothin rd (ratchayothin-kaset) (fixed),13.831338_100.570639_BP-ro_jMeDXsm5HB77eyEw_300_2025-01.jpg,SAFE,None,0.0,0.0,0.0
phahon yothin rd (ratchayothin-kaset) (fixed),13.831379_100.570663_-J1vHwNtkQHdDkLpbvlFmg_300_2025-01.jpg,SAFE,None,0.0,0.0,0.0
phahon yothin rd (ratchayothin-kaset) (fixed),13.831381_100.570803_iJVIEkGJ9Dy1Uj_UZFmNmw_120_2024-11.jpg,SAFE,None,1.69,0.0,1.69
phahon yothin rd (ratchayothin-kaset) (fixed),13.831421_100.570827_BxN7qsRszTEbNWyE-LZarg_120_2024-11.jpg,SAFE,None,0.0,0.0,0.0
phahon yothin rd (ratchayothin-kaset) (fixed),13.831500_100.570734_PNOzOS15SyPlY60swym_zQ_300_2025-01.jpg,SAFE,None,0.0,0.0,0.0
phahon yothin rd (ratchayothin-kaset) (fixed),13.831500_100.570874_NjKnjjahZwamlcZKENKHag_121_2024-11.jpg,SAFE,None,4.39,4.39,0.0
phahon yothin rd (ratchayothin-kaset) (fixed),13.831579_100.570923_mdykNS-weeB_qi2bYO9QgQ_121_2024-11.jpg,SAFE,None,10.62,4.63,5.98
phahon yothin rd (ratchayothin-kaset) (fixed),13.831580_100.570782_MdxGy1n8Kq-7zhTd1BnjgQ_300_2025-01.jpg,SAFE,None,0.0,0.0,0.0
phahon yothin rd (ratchayothin-kaset) (fixed),13.831660_100.570829_ow67ZCMU8jpTmAHRYOaieQ_301_2025-01.jpg,SAFE,None,0.0,0.0,0.0
phahon yothin rd (ratchayothin-kaset) (fixed),13.831696_100.570996_cWxg-3q8wiR3BihL5Jk8vg_122_2024-11.jpg,SAFE,None,1.94,1.94,0.0
phahon yothin rd (ratchayothin-kaset) (fixed),13.831739_100.570811_7Tw6_8JCqKMngMmadmpMLg_297_2024-11.jpg,SAFE,None,2.34,2.34,0.0
phahon yothin rd (ratchayothin-kaset) (fixed),13.831775_100.571046_k83N-GApI1amnsF1IuBSzQ_121_2024-11.jpg,SAFE,None,0.9,0.9,0.0
phahon yothin rd (ratchayothin-kaset) (fixed),13.831820_100.570854_i0RJ_LaO_g8k-70m8JS9lw_298_2024-11.jpg,SAFE,None,1.42,1.42,0.0
phahon yothin rd (ratchayothin-kaset) (fixed),13.831854_100.571093_CJVGTHZD4iPXllYDgzj3xA_121_2024-11.jpg,SAFE,None,1.49,1.49,0.0
phahon yothin rd (ratchayothin-kaset) (fixed),13.831901_100.570897_qjECeAMFNBpSg0JodMKQsg_298_2024-11.jpg,SAFE,None,1.49,1.49,0.0
phahon yothin rd (ratchayothin-kaset) (fixed),13.831933_100.571141_tJ-QSyOyQN3OhmGhDnJRqg_122_2024-11.jpg,SAFE,None,0.0,0.0,0.0
phahon yothin rd (ratchayothin-kaset) (fixed),13.831982_100.570941_q8YAO4qp0tguBe7_lVQxLg_298_2024-11.jpg,SAFE,None,2.91,2.91,0.0
phahon yothin rd (ratchayothin-kaset) (fixed),13.832012_100.571190_dn7NBMLNO2SN4g0azMnZHA_121_2024-11.jpg,SAFE,None,3.22,3.22,0.0
phahon yothin rd (ratchayothin-kaset) (fixed),13.832062_100.570984_LzjYHiFdNZLqMbAWswd2BQ_298_2024-11.jpg,SAFE,None,5.22,1.6,3.62
phahon yothin rd (ratchayothin-kaset) (fixed),13.832090_100.571238_rtMlFhcz1iSUEu-fYpGzXg_121_2024-11.jpg,SAFE,None,0.0,0.0,0.0
phahon yothin rd (ratchayothin-kaset) (fixed),13.832142_100.571028_5kQRHZ5LmLf3EimMXqHCvg_298_2024-11.jpg,SAFE,None,1.55,1.55,0.0
phahon yothin rd (ratchayothin-kaset) (fixed),13.832168_100.571285_UQPbUxBOfmX4AbK0U7cMLA_121_2024-11.jpg,SAFE,None,0.0,0.0,0.0
phahon yothin rd (ratchayothin-kaset) (fixed),13.832223_100.571072_PIeOIxp-1RHK9PzI5-r0Xg_299_2024-11.jpg,SAFE,None,4.29,4.29,0.0
phahon yothin rd (ratchayothin-kaset) (fixed),13.832246_100.571332_Mzltlf3juJZz2CJQGFB9wg_120_2024-11.jpg,SAFE,None,0.0,0.0,0.0
phahon yothin rd (ratchayothin-kaset) (fixed),13.832264_100.571095_fsgeckEz0oNlzWl8xxJ1wA_299_2024-11.jpg,SAFE,None,0.0,0.0,0.0
phahon yothin rd (ratchayothin-kaset) (fixed),13.832326_100.571379_VOjH0RWpDJOon7sQEZ2GYQ_120_2024-11.jpg,SAFE,None,8.98,0.0,8.98
phahon yothin rd (ratchayothin-kaset) (fixed),13.832344_100.571142_Prr2KufMeMd11B-tIUMPQg_300_2024-11.jpg,WARNING,SURFACE DAMAGE,22.3,2.55,19.75
phahon yothin rd (ratchayothin-kaset) (fixed),13.832405_100.571425_2kB6K3ueRwsyt1LN57KHFw_120_2024-11.jpg,SAFE,None,0.0,0.0,0.0
phahon yothin rd (ratchayothin-kaset) (fixed),13.832423_100.571189_HTmaWRrokpniffDguLlaWA_300_2024-11.jpg,SAFE,None,1.74,1.74,0.0
phahon yothin rd (ratchayothin-kaset) (fixed),13.832484_100.571472_IJcr_-54KoE4_HqKduWmRQ_120_2024-11.jpg,SAFE,None,0.0,0.0,0.0
phahon yothin rd (ratchayothin-kaset) (fixed),13.832502_100.571236_5dcp4QHvBD53xotghbyeMQ_300_2024-11.jpg,SAFE,None,2.54,2.54,0.0
phahon yothin rd (ratchayothin-kaset) (fixed),13.832563_100.571518_MK5FyA5L5F_mEmM1J3g7qQ_119_2024-11.jpg,SAFE,None,0.0,0.0,0.0
phahon yothin rd (ratchayothin-kaset) (fixed),13.832581_100.571284_YPW4dhrfqh-lvC80t_mq4g_301_2024-11.jpg,SAFE,None,0.23,0.23,0.0
phahon yothin rd (ratchayothin-kaset) (fixed),13.832643_100.571563_heLhdMRFyeTQ3NZMZ-dWmA_119_2024-11.jpg,SAFE,None,0.37,0.37,0.0
phahon yothin rd (ratchayothin-kaset) (fixed),13.832662_100.571333_VMgxPxUsJemcV_VeOu317Q_301_2024-11.jpg,SAFE,None,3.9,3.9,0.0
phahon yothin rd (ratchayothin-kaset) (fixed),13.832724_100.571610_0daLDDn49WQK5eOmtdhCsA_119_2024-11.jpg,SAFE,None,0.0,0.0,0.0
phahon yothin rd (ratchayothin-kaset) (fixed),13.832741_100.571381_i0bakqdwM-4JCbG6a_7Vxg_301_2024-11.jpg,SAFE,None,2.41,2.41,0.0
phahon yothin rd (ratchayothin-kaset) (fixed),13.832804_100.571656_pvDTawsTxXL0QBbloemp0Q_120_2024-11.jpg,SAFE,None,0.0,0.0,0.0
phahon yothin rd (ratchayothin-kaset) (fixed),13.832820_100.571429_5FTLGwJSQhERZ4l-BSefxg_301_2024-11.jpg,SAFE,None,0.95,0.95,0.0
phahon yothin rd (ratchayothin-kaset) (fixed),13.832884_100.571702_6peIx2CByV4UXXtERc1ZFA_120_2024-11.jpg,SAFE,None,3.34,3.34,0.0
phahon yothin rd (ratchayothin-kaset) (fixed),13.832898_100.571478_bt9f6VLYshbUtcSpAbRiZQ_302_2024-11.jpg,SAFE,None,0.0,0.0,0.0
phahon yothin rd (ratchayothin-kaset) (fixed),13.832963_100.571749_lhci8UQ0ixQMaVSRTdM5sg_120_2024-11.jpg,SAFE,None,0.0,0.0,0.0
phahon yothin rd (ratchayothin-kaset) (fixed),13.832976_100.571526_SmwGQcRhfIx1tWBMWbAuAw_301_2024-11.jpg,SAFE,None,3.02,3.02,0.0
phahon yothin rd (ratchayothin-kaset) (fixed),13.833041_100.571795_-QEzhY1Qs4blzap7T350-A_120_2024-11.jpg,SAFE,None,0.0,0.0,0.0
phahon yothin rd (ratchayothin-kaset) (fixed),13.833053_100.571574_BeYpKbDpjxQntDUc3CSC2A_301_2024-11.jpg,SAFE,None,0.56,0.56,0.0
phahon yothin rd (ratchayothin-kaset) (fixed),13.833121_100.571841_o4IWYls7weaGF-LJIyz56Q_119_2024-11.jpg,SAFE,None,2.88,0.0,2.88
phahon yothin rd (ratchayothin-kaset) (fixed),13.833131_100.571622_ZTllROwFg7WVddxUz9EAag_301_2024-11.jpg,SAFE,None,0.0,0.0,0.0
phahon yothin rd (ratchayothin-kaset) (fixed),13.833200_100.571885_qdz7zV6PXZrJp1Mcxb5TGw_118_2024-11.jpg,SAFE,None,0.0,0.0,0.0
phahon yothin rd (ratchayothin-kaset) (fixed),13.833209_100.571669_UcICcat2JPJxyt2ue4l30g_301_2024-11.jpg,SAFE,None,6.44,0.64,5.8
phahon yothin rd (ratchayothin-kaset) (fixed),13.833281_100.571929_xcHEala9fO-tUee2N2Ij3Q_118_2024-11.jpg,SAFE,None,2.17,0.0,2.17
phahon yothin rd (ratchayothin-kaset) (fixed),13.833288_100.571716_5bvvrCFCM8zB1slExvEuyQ_300_2024-11.jpg,SAFE,None,1.51,1.51,0.0
phahon yothin rd (ratchayothin-kaset) (fixed),13.833321_100.571951_Q_sj_CodhOEeei5HgJQ8Hw_118_2024-11.jpg,SAFE,None,0.0,0.0,0.0
phahon yothin rd (ratchayothin-kaset) (fixed),13.833368_100.571763_kQa2U9pozDttXCy6lkIAaw_300_2024-11.jpg,SAFE,None,0.0,0.0,0.0
phahon yothin rd (ratchayothin-kaset) (fixed),13.833403_100.571996_kbEC-ehTwO4_9T-GNFWDyA_119_2024-11.jpg,SAFE,None,0.0,0.0,0.0
phahon yothin rd (ratchayothin-kaset) (fixed),13.833446_100.571809_esOJhuBibL_BfQItXCF7xQ_300_2024-11.jpg,SAFE,None,0.0,0.0,0.0
phahon yothin rd (ratchayothin-kaset) (fixed),13.833483_100.572042_9ReLHk2hkmLx6imzazLo5Q_120_2024-11.jpg,SAFE,None,0.0,0.0,0.0
phahon yothin rd (ratchayothin-kaset) (fixed),13.833563_100.572089_Eh1YiENuSRq7DDkTdj2OvQ_119_2024-11.jpg,SAFE,None,2.37,2.37,0.0
phahon yothin rd (ratchayothin-kaset) (fixed),13.833565_100.571878_JCu2w5eB8Soh-GUjwnuYNg_300_2024-11.jpg,SAFE,None,0.0,0.0,0.0
phahon yothin rd (ratchayothin-kaset) (fixed),13.833643_100.571923_ziKCZ7W_WmKWr6oEhL6Nbw_299_2024-11.jpg,ERROR (No Sidewalk),SURFACE DAMAGE,-1,0.0,0.0
phahon yothin rd (ratchayothin-kaset) (fixed),13.833653_100.572118_d0xDQNc3vMllTV5Q1U0-8Q_119_2024-11.jpg,SAFE,None,3.13,3.13,0.0
phahon yothin rd (ratchayothin-kaset) (fixed),13.833720_100.571967_W0bJUzO27rpuaDxmT2G-jg_299_2024-11.jpg,SAFE,None,2.92,2.92,0.0
phahon yothin rd (ratchayothin-kaset) (fixed),13.833734_100.572163_tpcYZ2JLCNVsVwsfLrEOCA_118_2024-11.jpg,SAFE,None,3.61,3.61,0.0
phahon yothin rd (ratchayothin-kaset) (fixed),13.833798_100.572013_TXiUIDLcN2hHcgdqKMAs-A_300_2024-11.jpg,SAFE,None,5.21,5.21,0.0
phahon yothin rd (ratchayothin-kaset) (fixed),13.833816_100.572208_5hLwAFbbiOfGnJ9WvQlFKQ_118_2024-11.jpg,SAFE,None,0.22,0.22,0.0
phahon yothin rd (ratchayothin-kaset) (fixed),13.833877_100.572059_nDSNoRoFOqDLvelA66vlkw_300_2024-11.jpg,SAFE,None,13.25,13.25,0.0
phahon yothin rd (ratchayothin-kaset) (fixed),13.833939_100.572275__0t68Gr8qd4tgHEJo2L35w_119_2024-11.jpg,SAFE,None,0.0,0.0,0.0
phahon yothin rd (ratchayothin-kaset) (fixed),13.833955_100.572106_JAuc8Q8aW-tfU24IuHCqeg_300_2024-11.jpg,SAFE,None,5.44,5.44,0.0
phahon yothin rd (ratchayothin-kaset) (fixed),13.833995_100.572130_tal4rs6sKRBihlU3Qm6Djw_300_2024-11.jpg,SAFE,None,7.29,7.29,0.0
phahon yothin rd (ratchayothin-kaset) (fixed),13.834020_100.572322_5RxmxGyi1CbCNAFHk4ToFQ_121_2024-11.jpg,SAFE,None,2.56,2.56,0.0
phahon yothin rd (ratchayothin-kaset) (fixed),13.834076_100.572178_IEOsnMkcP84-KY6ETNkXGA_300_2024-11.jpg,SAFE,None,0.47,0.47,0.0
phahon yothin rd (ratchayothin-kaset) (fixed),13.834100_100.572370_ChXH_82PoySmYly7L0faUA_120_2024-11.jpg,SAFE,None,2.49,2.49,0.0
phahon yothin rd (ratchayothin-kaset) (fixed),13.834157_100.572226_hffBFVW3nh1gY6BT6NuHFw_300_2024-11.jpg,SAFE,None,3.03,3.03,0.0
phahon yothin rd (ratchayothin-kaset) (fixed),13.834179_100.572417_fdX1d-U2toZHKbq3-Ky8aw_120_2024-11.jpg,SAFE,None,0.0,0.0,0.0
phahon yothin rd (ratchayothin-kaset) (fixed),13.834220_100.572441_E9aMAT5nx0ZUPHmjAuyI1g_120_2024-11.jpg,SAFE,None,0.39,0.39,0.0
phahon yothin rd (ratchayothin-kaset) (fixed),13.834237_100.572274_avECkj7exqlhC68EP2NbPA_300_2024-11.jpg,SAFE,None,2.68,2.68,0.0
phahon yothin rd (ratchayothin-kaset) (fixed),13.834277_100.572297_Av2HJi7phgqi1aSuPVbQhA_300_2024-11.jpg,SAFE,None,8.23,8.23,0.0
phahon yothin rd (ratchayothin-kaset) (fixed),13.834300_100.572487_DbGM-Y7ze3deJCr80ZxD6g_119_2024-11.jpg,SAFE,None,6.46,6.46,0.0
phahon yothin rd (ratchayothin-kaset) (fixed),13.834357_100.572344_XX9TZRkhp7exOclSfbCTCQ_300_2024-11.jpg,SAFE,None,0.22,0.22,0.0
phahon yothin rd (ratchayothin-kaset) (fixed),13.834378_100.572532_RTOEkbjfb015th34wYVMNw_120_2024-11.jpg,SAFE,None,7.01,7.01,0.0
phahon yothin rd (ratchayothin-kaset) (fixed),13.834436_100.572390_SILnMjczNTsAyJJKDu0mgA_300_2024-11.jpg,SAFE,None,0.0,0.0,0.0
phahon yothin rd (ratchayothin-kaset) (fixed),13.834456_100.572579_6gnqLnN1rztGbNduAMw2UA_121_2024-11.jpg,SAFE,None,14.45,14.45,0.0
phahon yothin rd (ratchayothin-kaset) (fixed),13.834515_100.572436_jdHhRrU7nkuIplSi1hI5Tw_300_2024-11.jpg,SAFE,None,0.0,0.0,0.0
phahon yothin rd (ratchayothin-kaset) (fixed),13.834535_100.572626_0Jil2k0i1lAsKdh58TvgHg_121_2024-11.jpg,SAFE,None,0.3,0.3,0.0
phahon yothin rd (ratchayothin-kaset) (fixed),13.834595_100.572482_04hYdLuM6pZ1y8-I6wD2pA_300_2024-11.jpg,SAFE,None,16.41,16.41,0.0
phahon yothin rd (ratchayothin-kaset) (fixed),13.834656_100.572700_FKjQmfnGLKI-vvhDZ_4FRQ_121_2024-11.jpg,SAFE,None,0.0,0.0,0.0
phahon yothin rd (ratchayothin-kaset) (fixed),13.834674_100.572529_6RpjidPObW4oIrPTn-EPqQ_300_2024-11.jpg,SAFE,None,0.0,0.0,0.0
phahon yothin rd (ratchayothin-kaset) (fixed),13.834737_100.572749_1-eS97ydKDO9Ry3uuxVQWw_121_2024-11.jpg,SAFE,None,0.0,0.0,0.0
phahon yothin rd (ratchayothin-kaset) (fixed),13.834752_100.572574_kaHqt5Qv3N6isetDP5cvuA_300_2024-11.jpg,WARNING,SURFACE DAMAGE,24.07,11.67,12.4
phahon yothin rd (ratchayothin-kaset) (fixed),13.834818_100.572798_3mO7aJfb1hC_bWKB0J1KPA_120_2024-11.jpg,SAFE,None,1.34,1.34,0.0
phahon yothin rd (ratchayothin-kaset) (fixed),13.834830_100.572620_rPBiH0AufJ86s6QcZVDv8A_300_2024-11.jpg,SAFE,None,0.0,0.0,0.0
phahon yothin rd (ratchayothin-kaset) (fixed),13.834901_100.572846_831BidfjLwmSO4ckKWLFHA_119_2024-11.jpg,SAFE,None,5.18,5.18,0.0
phahon yothin rd (ratchayothin-kaset) (fixed),13.834911_100.572667_P-ogusfUL6vuul68eRAycg_300_2024-11.jpg,SAFE,None,0.0,0.0,0.0
phahon yothin rd (ratchayothin-kaset) (fixed),13.834990_100.572896_QwdqH8JGhzxAWmfHc5aldQ_119_2024-11.jpg,SAFE,None,0.71,0.71,0.0
phahon yothin rd (ratchayothin-kaset) (fixed),13.834992_100.572715_RiKIB062vBCdxr4rw6_3Kw_300_2024-11.jpg,SAFE,None,13.71,0.0,13.71
phahon yothin rd (ratchayothin-kaset) (fixed),13.835071_100.572761_UzosBO9Q-DDjIiqaAlZpuQ_300_2024-11.jpg,SAFE,None,1.43,1.43,0.0
phahon yothin rd (ratchayothin-kaset) (fixed),13.835115_100.572969_xSYguS4H76fhhFrXZSXe9w_120_2024-11.jpg,SAFE,None,1.68,1.68,0.0
phahon yothin rd (ratchayothin-kaset) (fixed),13.835151_100.572806_fEhluHgXkRzUtRmS8dQMcg_300_2024-11.jpg,SAFE,None,2.05,2.05,0.0
phahon yothin rd (ratchayothin-kaset) (fixed),13.835221_100.573032_Zmqj_oavWxe4SCiN5CajWQ_121_2024-11.jpg,SAFE,None,8.03,8.03,0.0
phahon yothin rd (ratchayothin-kaset) (fixed),13.835231_100.572854_bq8C2oyiJ5xMSXECzl4I-w_300_2024-11.jpg,SAFE,None,0.0,0.0,0.0
phahon yothin rd (ratchayothin-kaset) (fixed),13.835295_100.573076_W7OdJiTdJAbKk9_mEKnlyg_120_2024-11.jpg,SAFE,None,0.0,0.0,0.0
phahon yothin rd (ratchayothin-kaset) (fixed),13.835311_100.572901_EfUc12oxeDLfEBwLiw7Krw_300_2024-11.jpg,SAFE,None,2.03,2.03,0.0
phahon yothin rd (ratchayothin-kaset) (fixed),13.835372_100.573122_9gyVpzn4xTfY-YLYhX048A_120_2024-11.jpg,SAFE,None,0.0,0.0,0.0
phahon yothin rd (ratchayothin-kaset) (fixed),13.835390_100.572947_ztHqFyL8r8JisSonSea78g_300_2024-11.jpg,SAFE,None,0.0,0.0,0.0
phahon yothin rd (ratchayothin-kaset) (fixed),13.835450_100.573168_n1QZaFPtyLam5tM2b6h7ig_120_2024-11.jpg,SAFE,None,0.0,0.0,0.0
phahon yothin rd (ratchayothin-kaset) (fixed),13.835470_100.572994_xyQo_viI9rixFBA1TH_c1w_300_2024-11.jpg,SAFE,None,4.92,2.78,2.14
phahon yothin rd (ratchayothin-kaset) (fixed),13.835528_100.573215_2lbiriqnZIaWyHj0HIbKmQ_120_2024-11.jpg,SAFE,None,3.44,3.44,0.0
phahon yothin rd (ratchayothin-kaset) (fixed),13.835549_100.573039_rcUYwvU-kamC-0V5YcH_aA_300_2024-11.jpg,SAFE,None,0.0,0.0,0.0
phahon yothin rd (ratchayothin-kaset) (fixed),13.835607_100.573262_qbKF2woa3WJz63wSHjl3Uw_120_2024-11.jpg,SAFE,None,4.73,4.73,0.0
phahon yothin rd (ratchayothin-kaset) (fixed),13.835629_100.573085_Cd1nU2uB_qJJjH2arsCyNQ_300_2024-11.jpg,SAFE,None,5.6,5.6,0.0
phahon yothin rd (ratchayothin-kaset) (fixed),13.835686_100.573308_dy8R-0xJffrlg2epgafigQ_120_2024-11.jpg,SAFE,None,0.0,0.0,0.0
phahon yothin rd (ratchayothin-kaset) (fixed),13.835708_100.573132_wVl-FU6rxjNgLrlP29ZGnQ_300_2024-11.jpg,SAFE,None,2.56,2.56,0.0
phahon yothin rd (ratchayothin-kaset) (fixed),13.835725_100.573331_E8aADjXizOhnrp-A6H8ahg_120_2024-11.jpg,SAFE,None,0.0,0.0,0.0
phahon yothin rd (ratchayothin-kaset) (fixed),13.835786_100.573178_USM8Ar73glcQl8_TBmgWQw_300_2024-11.jpg,WARNING,OBSTACLE,25.35,25.35,0.0
phahon yothin rd (ratchayothin-kaset) (fixed),13.835804_100.573377_2GngNCVpHBbVh99tjSc_Jw_120_2024-11.jpg,SAFE,None,0.0,0.0,0.0
phahon yothin rd (ratchayothin-kaset) (fixed),13.835864_100.573225_m7oZNM6oaVaTeWTnvvbrqw_301_2024-11.jpg,SAFE,None,0.0,0.0,0.0
phahon yothin rd (ratchayothin-kaset) (fixed),13.835881_100.573423_49Zd_jZahusbTFWQ6G60rQ_120_2024-11.jpg,SAFE,None,0.0,0.0,0.0
phahon yothin rd (ratchayothin-kaset) (fixed),13.835943_100.573273_ODvb-3_hFSSD__rfqOT4hg_301_2024-11.jpg,SAFE,None,4.45,4.45,0.0
phahon yothin rd (ratchayothin-kaset) (fixed),13.835960_100.573469_5wj2Aoav42toYPdhjuJ1wg_119_2024-11.jpg,SAFE,None,0.0,0.0,0.0
phahon yothin rd (ratchayothin-kaset) (fixed),13.836028_100.573394_joGWa4q023LYumICF7tgMQ_300_2025-01.jpg,SAFE,None,0.0,0.0,0.0
phahon yothin rd (ratchayothin-kaset) (fixed),13.836039_100.573513_i1C2RsMy0vHhs5oBLoU-2A_119_2024-11.jpg,SAFE,None,3.08,3.08,0.0
phahon yothin rd (ratchayothin-kaset) (fixed),13.836109_100.573441_aRbzmdUhP6m7jseNo3_G-A_300_2025-01.jpg,SAFE,None,1.02,1.02,0.0
phahon yothin rd (ratchayothin-kaset) (fixed),13.836119_100.573558_WOWj8TTGEUyGWqZhl7jGDA_119_2024-11.jpg,SAFE,None,0.0,0.0,0.0
phahon yothin rd (ratchayothin-kaset) (fixed),13.836189_100.573488_RyXspSLY2vvHIgVdr2WmyQ_300_2025-01.jpg,SAFE,None,4.48,4.48,0.0
phahon yothin rd (ratchayothin-kaset) (fixed),13.836201_100.573604_B9ZclZ1JHQEr_hDs6bzM8A_120_2024-11.jpg,SAFE,None,0.0,0.0,0.0
phahon yothin rd (ratchayothin-kaset) (fixed),13.836269_100.573534_ak6gDyJqfEusdC448hXyDA_300_2025-01.jpg,SAFE,None,5.28,5.28,0.0
phahon yothin rd (ratchayothin-kaset) (fixed),13.836284_100.573652_ybSCe9qfF1Wf01VtxqhhTA_120_2024-11.jpg,SAFE,None,9.81,9.81,0.0
phahon yothin rd (ratchayothin-kaset) (fixed),13.836348_100.573580_wwgMyeg1XczR_uK9aw2ayA_300_2025-01.jpg,SAFE,None,0.0,0.0,0.0
phahon yothin rd (ratchayothin-kaset) (fixed),13.836367_100.573701_77TnX3Ht40REwGwtvnTTbA_121_2024-11.jpg,WARNING,OBSTACLE,23.76,23.76,0.0
phahon yothin rd (ratchayothin-kaset) (fixed),13.836425_100.573624_-3rdrG4Xv0qzbXABx958Zw_300_2025-01.jpg,SAFE,None,0.0,0.0,0.0
phahon yothin rd (ratchayothin-kaset) (fixed),13.836488_100.573777_Rn19ABjEZAUpYNlLDb3eDQ_121_2024-11.jpg,SAFE,None,0.0,0.0,0.0
phahon yothin rd (ratchayothin-kaset) (fixed),13.836502_100.573669_DhiBwqLCHg2GvADK6dBsgQ_300_2025-01.jpg,SAFE,None,0.5,0.5,0.0
phahon yothin rd (ratchayothin-kaset) (fixed),13.836571_100.573827_G490kFdOc_naMZd8ZBVLKA_120_2024-11.jpg,SAFE,None,2.07,2.07,0.0
phahon yothin rd (ratchayothin-kaset) (fixed),13.836581_100.573714_r4BE8WaFeZSe9AgQqnHIkg_300_2025-01.jpg,SAFE,None,2.11,2.11,0.0
phahon yothin rd (ratchayothin-kaset) (fixed),13.836654_100.573875_olUDWkODbDZZzSjZSaCSVw_119_2024-11.jpg,SAFE,None,16.77,16.77,0.0
phahon yothin rd (ratchayothin-kaset) (fixed),13.836661_100.573760_eXQh9Kf0t-P68TH8AG9Uyw_300_2025-01.jpg,SAFE,None,5.72,5.72,0.0
phahon yothin rd (ratchayothin-kaset) (fixed),13.836735_100.573920_RWG9Ew-dmNdNiyQZpnLCPQ_119_2024-11.jpg,SAFE,None,0.0,0.0,0.0
phahon yothin rd (ratchayothin-kaset) (fixed),13.836741_100.573806_VNggrMl5W0NjoF54PGkHfQ_300_2025-01.jpg,SAFE,None,4.33,4.33,0.0
phahon yothin rd (ratchayothin-kaset) (fixed),13.836817_100.573967_9sTfW1UwYYoZTl24j4bOxw_120_2024-11.jpg,SAFE,None,0.0,0.0,0.0
phahon yothin rd (ratchayothin-kaset) (fixed),13.836821_100.573853_Ui-Rf-pFD4mYusEWB5yV4g_300_2025-01.jpg,SAFE,None,4.18,4.18,0.0
phahon yothin rd (ratchayothin-kaset) (fixed),13.836900_100.573901_vVmbhigHoeJiZE8QfNS8Lg_301_2025-01.jpg,SAFE,None,0.0,0.0,0.0
phahon yothin rd (ratchayothin-kaset) (fixed),13.836942_100.574039_JW7CVTzqKg2EVSfbbA7kHw_120_2024-11.jpg,SAFE,None,12.82,12.82,0.0
phahon yothin rd (ratchayothin-kaset) (fixed),13.836980_100.573949_PjN_57ktThfVgzHnlRNrKQ_301_2025-01.jpg,SAFE,None,0.66,0.66,0.0
phahon yothin rd (ratchayothin-kaset) (fixed),13.837018_100.574085_x0qVQxKYfiotVE2M64bR2w_120_2024-11.jpg,SAFE,None,0.0,0.0,0.0
phahon yothin rd (ratchayothin-kaset) (fixed),13.837061_100.573998_vzpvAW1MTKEEhlyX7AY4Ng_301_2025-01.jpg,SAFE,None,0.0,0.0,0.0
phahon yothin rd (ratchayothin-kaset) (fixed),13.837091_100.574129_KCvLZDSoCilH3H6iDBYIuQ_121_2024-11.jpg,SAFE,None,0.0,0.0,0.0
phahon yothin rd (ratchayothin-kaset) (fixed),13.837141_100.574045_ZYiOPWpqC7OW3vNMIQG9ew_300_2025-01.jpg,SAFE,None,7.13,7.13,0.0
phahon yothin rd (ratchayothin-kaset) (fixed),13.837164_100.574175_9zfcp9frxZyuVqWZPAutdA_121_2024-11.jpg,SAFE,None,5.74,5.74,0.0
phahon yothin rd (ratchayothin-kaset) (fixed),13.837220_100.574092_1J5SpEyGA9is48jnsG7fXw_300_2025-01.jpg,SAFE,None,7.92,7.92,0.0
phahon yothin rd (ratchayothin-kaset) (fixed),13.837242_100.574222_2UnQ4WswEyr4Px1KMH0aCA_121_2024-11.jpg,SAFE,None,0.87,0.87,0.0
phahon yothin rd (ratchayothin-kaset) (fixed),13.837321_100.574270_4aWtKnTgadyq7CgVEnW8pQ_121_2024-11.jpg,SAFE,None,4.67,4.67,0.0
phahon yothin rd (ratchayothin-kaset) (fixed),13.837338_100.574162_3LOM5YwzhIKmdEsd4cRrag_300_2025-01.jpg,SAFE,None,1.65,1.65,0.0
phahon yothin rd (ratchayothin-kaset) (fixed),13.837400_100.574318_lCNEBdrwYlcMud_wnYjVQw_121_2024-11.jpg,SAFE,None,0.0,0.0,0.0
phahon yothin rd (ratchayothin-kaset) (fixed),13.837418_100.574210_9hDJwiwjIdoPQS6YcFkzDA_301_2025-01.jpg,SAFE,None,0.0,0.0,0.0
phahon yothin rd (ratchayothin-kaset) (fixed),13.837478_100.574367_FGneE-lwxKmjlSOi-Qg1Sw_122_2024-11.jpg,SAFE,None,0.0,0.0,0.0
phahon yothin rd (ratchayothin-kaset) (fixed),13.837498_100.574258_JFKujdMBZTM-1HBfkEmOxg_300_2025-01.jpg,SAFE,None,0.0,0.0,0.0
phahon yothin rd (ratchayothin-kaset) (fixed),13.837556_100.574417_O5h58pWQzXVu92wOG-tKQQ_122_2024-11.jpg,SAFE,None,0.0,0.0,0.0
phahon yothin rd (ratchayothin-kaset) (fixed),13.837579_100.574306_TtgcOVg_nKeI0S90VCOhhw_300_2025-01.jpg,SAFE,None,0.0,0.0,0.0
phahon yothin rd (ratchayothin-kaset) (fixed),13.837636_100.574466_E1ArlYrLuZj-BaMjXD47vA_121_2024-11.jpg,SAFE,None,0.0,0.0,0.0
phahon yothin rd (ratchayothin-kaset) (fixed),13.837658_100.574352_tzt3UpBB2GulP_RdwrTKbg_300_2025-01.jpg,SAFE,None,0.0,0.0,0.0
phahon yothin rd (ratchayothin-kaset) (fixed),13.837718_100.574517_q0_m0lteT81rcZ6wVYh1Xw_121_2024-11.jpg,SAFE,None,4.57,4.57,0.0
phahon yothin rd (ratchayothin-kaset) (fixed),13.837739_100.574399_Av3fPm0-t-Th4syhgXLVlg_300_2025-01.jpg,SAFE,None,1.19,1.19,0.0
phahon yothin rd (ratchayothin-kaset) (fixed),13.837780_100.574423_f2AhO6GTXff9lAHuhC6Kew_300_2025-01.jpg,SAFE,None,0.0,0.0,0.0
phahon yothin rd (ratchayothin-kaset) (fixed),13.837798_100.574564_TgRJNjqWSUv7cpJ9aEhJBQ_120_2024-11.jpg,SAFE,None,0.0,0.0,0.0
phahon yothin rd (ratchayothin-kaset) (fixed),13.837861_100.574470_WD5L2BvoJuXh3mGmT38LjQ_300_2025-01.jpg,SAFE,None,0.0,0.0,0.0
phahon yothin rd (ratchayothin-kaset) (fixed),13.837875_100.574610_445EnjokR5b5h2egN4oP9g_120_2024-11.jpg,SAFE,None,0.0,0.0,0.0
phahon yothin rd (ratchayothin-kaset) (fixed),13.837952_100.574656_VsHjPN-zYzMIrY3AIKW7KA_121_2024-11.jpg,SAFE,None,0.0,0.0,0.0
phahon yothin rd (ratchayothin-kaset) (fixed),13.838024_100.574475_LytRU244ud5CAr16PIQPWg_300_2024-11.jpg,SAFE,None,0.0,0.0,0.0
phahon yothin rd (ratchayothin-kaset) (fixed),13.838028_100.574703_UUduhZgQlJ5KWPxj1CZ9TQ_121_2024-11.jpg,SAFE,None,0.0,0.0,0.0
phahon yothin rd (ratchayothin-kaset) (fixed),13.838104_100.574749_DMA2WwFY6HcHSNNHsNbIXg_121_2024-11.jpg,SAFE,None,0.0,0.0,0.0
phahon yothin rd (ratchayothin-kaset) (fixed),13.838106_100.574523_t5IDqjgaegIyL0Zd7JxaSQ_301_2024-11.jpg,SAFE,None,0.0,0.0,0.0
phahon yothin rd (ratchayothin-kaset) (fixed),13.838182_100.574796_MdU8qweljIH0m0p34oktIw_120_2024-11.jpg,SAFE,None,0.0,0.0,0.0
phahon yothin rd (ratchayothin-kaset) (fixed),13.838185_100.574572_ppzyJfjEgHRq2vcn3vwgTw_301_2024-11.jpg,SAFE,None,0.0,0.0,0.0
phahon yothin rd (ratchayothin-kaset) (fixed),13.838264_100.574622_htZgUSwvaGZjxbEBTRT7zA_303_2024-11.jpg,SAFE,None,1.02,1.02,0.0
phahon yothin rd (ratchayothin-kaset) (fixed),13.838302_100.574867_dSUb5An-aMvfli8mG5AOeQ_120_2024-11.jpg,SAFE,None,0.0,0.0,0.0
phahon yothin rd (ratchayothin-kaset) (fixed),13.838341_100.574674_LR0Gm2WSCaoM9HWkJeg_hg_304_2024-11.jpg,SAFE,None,0.0,0.0,0.0
phahon yothin rd (ratchayothin-kaset) (fixed),13.838382_100.574914_V8jhh6zrEW3gF6egNeRg9A_120_2024-11.jpg,SAFE,None,0.0,0.0,0.0
phahon yothin rd (ratchayothin-kaset) (fixed),13.838415_100.574724_fJAPcLxMAmo_u0taqSU2cA_303_2024-11.jpg,SAFE,None,0.0,0.0,0.0
phahon yothin rd (ratchayothin-kaset) (fixed),13.838462_100.574961_OpaWGWmbMoN8Nuf2l4PuBA_120_2024-11.jpg,SAFE,None,0.0,0.0,0.0
phahon yothin rd (ratchayothin-kaset) (fixed),13.838491_100.574774_oLUPlD5b7iTe1VOXDFcJhQ_302_2024-11.jpg,SAFE,None,0.0,0.0,0.0
phahon yothin rd (ratchayothin-kaset) (fixed),13.838543_100.575008_0x-cNEGk8wBWscwDr5xnVg_120_2024-11.jpg,SAFE,None,0.0,0.0,0.0
phahon yothin rd (ratchayothin-kaset) (fixed),13.838569_100.574823_aJKzl3_2MpLm2AmLUiwvnA_301_2024-11.jpg,SAFE,None,0.0,0.0,0.0
phahon yothin rd (ratchayothin-kaset) (fixed),13.838623_100.575057_6EfymcxTBB3BJwydlFHVBQ_120_2024-11.jpg,SAFE,None,1.3,1.3,0.0
phahon yothin rd (ratchayothin-kaset) (fixed),13.838653_100.574874_6TVRIyYzp6eZnOc4tDvpJw_300_2024-11.jpg,SAFE,None,1.93,1.93,0.0
phahon yothin rd (ratchayothin-kaset) (fixed),13.838736_100.574924_9TDwmHwFPOYDoJ8E1_wXkA_300_2024-11.jpg,SAFE,None,0.0,0.0,0.0
phahon yothin rd (ratchayothin-kaset) (fixed),13.838742_100.575125_4295c-RZvdAT2yTeXv7pQA_120_2024-11.jpg,SAFE,None,3.85,3.85,0.0
phahon yothin rd (ratchayothin-kaset) (fixed),13.838821_100.575172_O9-K5qPTWeuQWgIA4YxdKQ_120_2024-11.jpg,SAFE,None,1.54,1.54,0.0
phahon yothin rd (ratchayothin-kaset) (fixed),13.838853_100.574993_vGYpzcberLDhArTxdauBiQ_300_2024-11.jpg,SAFE,None,0.0,0.0,0.0
phahon yothin rd (ratchayothin-kaset) (fixed),13.838860_100.575196_YUV042W2QW5kSMqkQqDrTA_120_2024-11.jpg,SAFE,None,0.0,0.0,0.0
phahon yothin rd (ratchayothin-kaset) (fixed),13.838933_100.575042_9V590b3wdRoDA3ku53QGgw_301_2024-11.jpg,SAFE,None,0.0,0.0,0.0
phahon yothin rd (ratchayothin-kaset) (fixed),13.838941_100.575243_odPlBUAisl6aE47PPPHv8Q_120_2024-11.jpg,SAFE,None,0.0,0.0,0.0
phahon yothin rd (ratchayothin-kaset) (fixed),13.839021_100.575290_9VLDPg43r2o96BAl2-7m4w_119_2024-11.jpg,SAFE,None,0.0,0.0,0.0
phahon yothin rd (ratchayothin-kaset) (fixed),13.839049_100.575117_Fr7mxIoARjNjvWiwPYTJFQ_303_2024-11.jpg,SAFE,None,0.0,0.0,0.0
phahon yothin rd (ratchayothin-kaset) (fixed),13.839128_100.575171_nJHsO45oOYDgOG_mOtN5fQ_304_2024-11.jpg,SAFE,None,0.0,0.0,0.0
phahon yothin rd (ratchayothin-kaset) (fixed),13.839141_100.575357_PF4UghzARHyxRYJTvUUkDw_118_2024-11.jpg,SAFE,None,0.0,0.0,0.0
phahon yothin rd (ratchayothin-kaset) (fixed),13.839204_100.575223_YeqsqElVhaliUkBJKifOLg_303_2024-11.jpg,SAFE,None,0.0,0.0,0.0
phahon yothin rd (ratchayothin-kaset) (fixed),13.839224_100.575402_5jKTCgZ5T_LbIDsaPwRmjw_119_2024-11.jpg,SAFE,None,0.0,0.0,0.0
phahon yothin rd (ratchayothin-kaset) (fixed),13.839281_100.575272__k2kLdko0FfrXBXiBOIabA_302_2024-11.jpg,SAFE,None,0.0,0.0,0.0
phahon yothin rd (ratchayothin-kaset) (fixed),13.839304_100.575451_VaoOI850e-_W1jCcS-6yOg_125_2024-11.jpg,SAFE,None,0.0,0.0,0.0
phahon yothin rd (ratchayothin-kaset) (fixed),13.839358_100.575321_tkL6qJtJeVzZwV6g67uhFA_301_2024-11.jpg,SAFE,None,0.0,0.0,0.0
phahon yothin rd (ratchayothin-kaset) (fixed),13.839437_100.575370_kJ_Rp4eBZ_2aRCtfcJFLWg_301_2024-11.jpg,SAFE,None,1.16,1.16,0.0
phahon yothin rd (victory monument-saphankwai) (fixed),13.765889_100.538993_ojOGi2hYGFXuW9X8OhJ59Q_99_2024-11.jpg,SAFE,None,0.0,0.0,0.0
phahon yothin rd (victory monument-saphankwai) (fixed),13.765990_100.538798_gxkw-Vageuc2oo3a45HMOQ_301_2024-11.jpg,SAFE,None,0.0,0.0,0.0
phahon yothin rd (victory monument-saphankwai) (fixed),13.766003_100.539058_OoNF_Mo6IWeAkIhNy3sj5A_112_2024-11.jpg,SAFE,None,8.28,8.28,0.0
phahon yothin rd (victory monument-saphankwai) (fixed),13.766071_100.538845_TU19HNhZXRcqwVT4a9z96Q_301_2024-11.jpg,SAFE,None,5.83,5.83,0.0
phahon yothin rd (victory monument-saphankwai) (fixed),13.766080_100.539098_ChQm2_wvnCcY3x2UUva65A_115_2024-11.jpg,SAFE,None,0.0,0.0,0.0
phahon yothin rd (victory monument-saphankwai) (fixed),13.766146_100.538891_aKmmqCFcJtcd_tz6Q73myA_301_2024-11.jpg,SAFE,None,3.27,3.27,0.0
phahon yothin rd (victory monument-saphankwai) (fixed),13.766167_100.539138_oQzXOyV8JbFzuDjZ3xq35g_118_2024-11.jpg,CRITICAL,OBSTACLE,48.35,48.35,0.0
phahon yothin rd (victory monument-saphankwai) (fixed),13.766225_100.538941_87he5HRwfnaY7ddwC9vw-w_303_2024-11.jpg,SAFE,None,0.0,0.0,0.0
phahon yothin rd (victory monument-saphankwai) (fixed),13.766251_100.539180_6ESlK1HLv4sRWdTLpxlHfA_118_2024-11.jpg,SAFE,None,0.0,0.0,0.0
phahon yothin rd (victory monument-saphankwai) (fixed),13.766301_100.538989_zbhiXf7PtnLzrYUqKpiTCQ_303_2024-11.jpg,SAFE,None,0.5,0.5,0.0
phahon yothin rd (victory monument-saphankwai) (fixed),13.766328_100.539222_vdfqgJALqgO8OVB3jqS9bg_118_2024-11.jpg,SAFE,None,0.0,0.0,0.0
phahon yothin rd (victory monument-saphankwai) (fixed),13.766389_100.539036_2ini6NNqwe-WiX35nooqGw_297_2024-11.jpg,SAFE,None,0.0,0.0,0.0
phahon yothin rd (victory monument-saphankwai) (fixed),13.766409_100.539266_Ypo8ZNIZsp7-C4F5eLaS9Q_118_2024-11.jpg,SAFE,None,0.0,0.0,0.0
phahon yothin rd (victory monument-saphankwai) (fixed),13.766487_100.539310_EGBR7H_FoMFm-cT6Yoxlqg_118_2024-11.jpg,SAFE,None,0.0,0.0,0.0
phahon yothin rd (victory monument-saphankwai) (fixed),13.766530_100.539099_NFcEzP7xN0UqtTD0iXiLfQ_297_2024-08.jpg,SAFE,None,0.0,0.0,0.0
phahon yothin rd (victory monument-saphankwai) (fixed),13.766594_100.539157_siuiTwxPd5uMaIN0apBf9Q_298_2024-11.jpg,SAFE,None,0.0,0.0,0.0
phahon yothin rd (victory monument-saphankwai) (fixed),13.766703_100.539434_w2h7pka9qj1086BOUM2dJg_118_2024-11.jpg,SAFE,None,0.0,0.0,0.0
phahon yothin rd (victory monument-saphankwai) (fixed),13.766742_100.539456_A3T3iXQdHtZVOSO1Bx7JIA_118_2024-11.jpg,SAFE,None,0.0,0.0,0.0
phahon yothin rd (victory monument-saphankwai) (fixed),13.766753_100.539247_i2Cmc8QjveH1RJOZfUesTQ_298_2024-11.jpg,SAFE,None,5.31,5.31,0.0
phahon yothin rd (victory monument-saphankwai) (fixed),13.766820_100.539499__AQnZXBA2h4uGBwTg9ckZA_118_2024-11.jpg,SAFE,None,2.8,2.8,0.0
phahon yothin rd (victory monument-saphankwai) (fixed),13.766901_100.539541_af5t1lBXSs_IzeGnScTddA_118_2024-11.jpg,SAFE,None,9.17,9.17,0.0
phahon yothin rd (victory monument-saphankwai) (fixed),13.767023_100.539604_yibkixKr-61abElWbQrLQQ_118_2024-11.jpg,SAFE,None,0.45,0.45,0.0
phahon yothin rd (victory monument-saphankwai) (fixed),13.767025_100.539327_7n8NLUShwq94joQr6-eoQw_298_2024-08.jpg,SAFE,None,0.0,0.0,0.0
phahon yothin rd (victory monument-saphankwai) (fixed),13.767104_100.539645_sbG2UgrLqiDzRVymWBc0oA_118_2024-11.jpg,SAFE,None,4.74,4.74,0.0
phahon yothin rd (victory monument-saphankwai) (fixed),13.767117_100.539424_cYMVhEzqGqXdjILCbsH0CQ_298_2024-08.jpg,SAFE,None,0.62,0.62,0.0
phahon yothin rd (victory monument-saphankwai) (fixed),13.767187_100.539686_VOShueIp-Bv5xsNWSBucFQ_118_2024-11.jpg,SAFE,None,0.0,0.0,0.0
phahon yothin rd (victory monument-saphankwai) (fixed),13.767190_100.539482_0JhPjXThh704zmBMFGz8vw_298_2024-08.jpg,SAFE,None,0.91,0.91,0.0
phahon yothin rd (victory monument-saphankwai) (fixed),13.767269_100.539728_TeYG_gfia0vR_E5vVxtBNw_118_2024-11.jpg,SAFE,None,8.41,8.41,0.0
phahon yothin rd (victory monument-saphankwai) (fixed),13.767274_100.539535_pJdGv_E_t96BUjYndno8EQ_298_2024-08.jpg,SAFE,None,0.0,0.0,0.0
phahon yothin rd (victory monument-saphankwai) (fixed),13.767353_100.539767_yt90dES6xoHO9H_ISFon0A_118_2024-11.jpg,SAFE,None,0.0,0.0,0.0
phahon yothin rd (victory monument-saphankwai) (fixed),13.767356_100.539580_qGUX9CiE1AnZDc-g83MehA_298_2024-08.jpg,SAFE,None,0.0,0.0,0.0
phahon yothin rd (victory monument-saphankwai) (fixed),13.767434_100.539810_xB4O_x4cTjdVQZ7ZOZIxKA_118_2024-11.jpg,SAFE,None,10.17,10.17,0.0
phahon yothin rd (victory monument-saphankwai) (fixed),13.767437_100.539625_jnDmiAcHBaQpNejeaHTz7Q_298_2024-08.jpg,SAFE,None,0.51,0.51,0.0
phahon yothin rd (victory monument-saphankwai) (fixed),13.767516_100.539669_29HB7XK6Io_kpZYzFxBXlg_298_2024-08.jpg,SAFE,None,1.54,1.54,0.0
phahon yothin rd (victory monument-saphankwai) (fixed),13.767516_100.539849_aMlQ7O-ayPH49mB_AFV4mQ_118_2024-11.jpg,SAFE,None,0.0,0.0,0.0
phahon yothin rd (victory monument-saphankwai) (fixed),13.767598_100.539892__et7Zg7-Cpz9Rgs4tIBcJA_118_2024-11.jpg,SAFE,None,12.36,12.36,0.0
phahon yothin rd (victory monument-saphankwai) (fixed),13.767621_100.539727_Ta9AP0ptORfjN9jcd3V7tQ_298_2024-08.jpg,SAFE,None,1.96,1.96,0.0
phahon yothin rd (victory monument-saphankwai) (fixed),13.767679_100.539936_ahmkT9CuNd_KChkEGKs-pg_118_2024-11.jpg,SAFE,None,0.0,0.0,0.0
phahon yothin rd (victory monument-saphankwai) (fixed),13.767711_100.539777_y7wmfdUWT20yibtpj-PHpQ_298_2024-08.jpg,SAFE,None,5.6,5.6,0.0
phahon yothin rd (victory monument-saphankwai) (fixed),13.767760_100.539980_s25Kwfh_w5I38KSW-rjJJA_118_2024-11.jpg,SAFE,None,0.63,0.63,0.0
phahon yothin rd (victory monument-saphankwai) (fixed),13.767793_100.539821_cYr_dH7GbXYkhF5GZtq7tQ_298_2024-08.jpg,SAFE,None,0.0,0.0,0.0
phahon yothin rd (victory monument-saphankwai) (fixed),13.767841_100.540023_mCEKOzZgwpjTsX0PgUrfKA_118_2024-11.jpg,SAFE,None,0.0,0.0,0.0
phahon yothin rd (victory monument-saphankwai) (fixed),13.767872_100.539865_8MKCaopJTaBr_3p1REnzbw_298_2024-08.jpg,SAFE,None,4.58,4.58,0.0
phahon yothin rd (victory monument-saphankwai) (fixed),13.767881_100.540045_IDXpi0_vvsljB4DBKBABjg_118_2024-11.jpg,SAFE,None,0.66,0.66,0.0
phahon yothin rd (victory monument-saphankwai) (fixed),13.767910_100.539886_hPaD5v5o7QXTR8XaXUknsA_298_2024-08.jpg,SAFE,None,2.77,2.77,0.0
phahon yothin rd (victory monument-saphankwai) (fixed),13.767962_100.540088_Tps25970wP1xuZWVN8t6vA_118_2024-11.jpg,SAFE,None,4.41,4.41,0.0
phahon yothin rd (victory monument-saphankwai) (fixed),13.768021_100.539933_s3C674z8a2yvZ6wBkg4OUA_298_2024-08.jpg,SAFE,None,0.0,0.0,0.0
phahon yothin rd (victory monument-saphankwai) (fixed),13.768083_100.540152_eTUP09-nFT9ODluRaguDyg_118_2024-11.jpg,SAFE,None,1.88,1.88,0.0
phahon yothin rd (victory monument-saphankwai) (fixed),13.768115_100.540000_gvD4BAj5HxpbGUL7O0xQJA_298_2024-08.jpg,SAFE,None,0.0,0.0,0.0
phahon yothin rd (victory monument-saphankwai) (fixed),13.768164_100.540196__yz_PKGNP8Nq_COKcoGk9Q_118_2024-11.jpg,SAFE,None,0.0,0.0,0.0
phahon yothin rd (victory monument-saphankwai) (fixed),13.768198_100.540046_PVrTpuXAwYW3ZfCJToYxjg_298_2024-08.jpg,SAFE,None,1.45,1.45,0.0
phahon yothin rd (victory monument-saphankwai) (fixed),13.768246_100.540240_bjaW_XXHyXNp05Hp46Ixbw_118_2024-11.jpg,SAFE,None,0.0,0.0,0.0
phahon yothin rd (victory monument-saphankwai) (fixed),13.768277_100.540090_GKUK13WsMQk7vQakNfvBxg_298_2024-08.jpg,SAFE,None,5.7,5.7,0.0
phahon yothin rd (victory monument-saphankwai) (fixed),13.768300_100.540278_YwMdSLssj1PFJt2-l8hG3A_117_2024-11.jpg,SAFE,None,0.92,0.92,0.0
phahon yothin rd (victory monument-saphankwai) (fixed),13.768372_100.540317_eX1gnEpPzjVIYI3ZSdc6-w_117_2024-11.jpg,WARNING,OBSTACLE,22.09,22.09,0.0
phahon yothin rd (victory monument-saphankwai) (fixed),13.768380_100.540105_JK_wH8FMvu0a5e7U6JAgZA_298_2024-08.jpg,SAFE,None,0.0,0.0,0.0
phahon yothin rd (victory monument-saphankwai) (fixed),13.768393_100.540155_9U9VZs9H32ayACr3FYbLJQ_297_2024-08.jpg,SAFE,None,1.55,1.55,0.0
phahon yothin rd (victory monument-saphankwai) (fixed),13.768452_100.540361_-xZDI4vEM0jrwcl_phAqeg_117_2024-11.jpg,SAFE,None,1.88,1.88,0.0
phahon yothin rd (victory monument-saphankwai) (fixed),13.768471_100.540198_MjtDHOJkUG9kuSjlhY3VVg_297_2024-08.jpg,SAFE,None,1.19,1.19,0.0
phahon yothin rd (victory monument-saphankwai) (fixed),13.768574_100.540420__td60jc6mXn2kjT3ZbWIOg_117_2024-11.jpg,SAFE,None,13.05,13.05,0.0
phahon yothin rd (victory monument-saphankwai) (fixed),13.768583_100.540245_Hzbg8QamcwwKbxP6CcK2Cw_297_2024-08.jpg,SAFE,None,5.31,5.31,0.0
phahon yothin rd (victory monument-saphankwai) (fixed),13.768658_100.540466_E9gsj4QEIy6itypT1R9Waw_117_2024-11.jpg,SAFE,None,0.52,0.52,0.0
phahon yothin rd (victory monument-saphankwai) (fixed),13.768665_100.540289_Rzoi1B2fu0nVBFmJ414FNw_299_2024-08.jpg,SAFE,None,4.99,4.99,0.0
phahon yothin rd (victory monument-saphankwai) (fixed),13.768746_100.540335_rpahc7S260keRUdaJHuezg_299_2024-08.jpg,SAFE,None,6.18,6.18,0.0
phahon yothin rd (victory monument-saphankwai) (fixed),13.768786_100.540544_jVIk21v9Lndy-bKwyDU0YA_117_2024-11.jpg,SAFE,None,4.16,4.16,0.0
phahon yothin rd (victory monument-saphankwai) (fixed),13.768829_100.540381_l-GIiydkWsHq5UjLlk9H5Q_299_2024-08.jpg,SAFE,None,6.24,6.24,0.0
phahon yothin rd (victory monument-saphankwai) (fixed),13.768862_100.540590_HYLS9f73T5WduPjIdaP1zw_117_2024-11.jpg,WARNING,OBSTACLE,21.95,21.95,0.0
phahon yothin rd (victory monument-saphankwai) (fixed),13.768869_100.540404_DV_pjJpMOhJ2VXyK7tTeww_299_2024-08.jpg,SAFE,None,3.65,3.65,0.0
phahon yothin rd (victory monument-saphankwai) (fixed),13.768940_100.540634_7nfd8HEE3iPRmkgYZ8uAWg_119_2024-11.jpg,SAFE,None,0.5,0.5,0.0
phahon yothin rd (victory monument-saphankwai) (fixed),13.768948_100.540448_A6PlHmLTcuyG7XeIBvOlHQ_299_2024-08.jpg,SAFE,None,10.72,10.72,0.0
phahon yothin rd (victory monument-saphankwai) (fixed),13.769022_100.540678_XalcpWkRRvOZzD8sWrD-gw_118_2024-11.jpg,SAFE,None,0.0,0.0,0.0
phahon yothin rd (victory monument-saphankwai) (fixed),13.769029_100.540493_zwCfh_MXhEqW_rh75-oV9g_299_2024-08.jpg,SAFE,None,1.96,1.96,0.0
phahon yothin rd (victory monument-saphankwai) (fixed),13.769064_100.540701_O-IsRuL1lGQhMkMghmtqfQ_118_2024-11.jpg,SAFE,None,3.48,3.48,0.0
phahon yothin rd (victory monument-saphankwai) (fixed),13.769093_100.540534_tuGakAd3wxfe0nVrBREJgg_299_2024-08.jpg,SAFE,None,3.27,3.27,0.0
phahon yothin rd (victory monument-saphankwai) (fixed),13.769137_100.540735_r9IIpbZNXdZsDSgey0bBJA_118_2024-11.jpg,SAFE,None,14.2,14.2,0.0
phahon yothin rd (victory monument-saphankwai) (fixed),13.769186_100.540580_t5jmn8qudYYuNrUTXEH4pg_299_2024-08.jpg,SAFE,None,0.0,0.0,0.0
phahon yothin rd (victory monument-saphankwai) (fixed),13.769223_100.540787_gfGul9r4vQ8-BpWWe32Ucw_118_2024-11.jpg,WARNING,OBSTACLE,22.94,22.94,0.0
phahon yothin rd (victory monument-saphankwai) (fixed),13.769267_100.540625_rVYFdTwcYY5dbICQxwzdXA_299_2024-08.jpg,SAFE,None,0.0,0.0,0.0
phahon yothin rd (victory monument-saphankwai) (fixed),13.769306_100.540829_N_YbV1elMMrkH0puGdkyLQ_118_2024-11.jpg,SAFE,None,10.53,2.89,7.64
phahon yothin rd (victory monument-saphankwai) (fixed),13.769349_100.540672_ceMPQSLje3fYzFlYnlF4cg_299_2024-08.jpg,SAFE,None,1.64,1.64,0.0
phahon yothin rd (victory monument-saphankwai) (fixed),13.769394_100.540881_nRMU0utBq_UEx2-ezyXpkw_118_2024-11.jpg,SAFE,None,0.0,0.0,0.0
phahon yothin rd (victory monument-saphankwai) (fixed),13.769430_100.540718_FaCeDjtmnIcH1WOsSvdrwg_299_2024-08.jpg,SAFE,None,1.83,1.83,0.0
phahon yothin rd (victory monument-saphankwai) (fixed),13.769511_100.540765_7x6pRA9lPO2lMz5rvUEyyw_299_2024-08.jpg,SAFE,None,1.09,1.09,0.0
phahon yothin rd (victory monument-saphankwai) (fixed),13.769516_100.540913_RQysRozfAdHP26LlkCu5rg_118_2024-11.jpg,SAFE,None,0.0,0.0,0.0
phahon yothin rd (victory monument-saphankwai) (fixed),13.769590_100.540812_kbdTKX2CNy802Za0biV7zA_299_2024-08.jpg,SAFE,None,0.0,0.0,0.0
phahon yothin rd (victory monument-saphankwai) (fixed),13.769600_100.540959_s6wLKtL8YCsPizqDDtOiug_118_2024-11.jpg,WARNING,OBSTACLE,25.71,25.71,0.0
phahon yothin rd (victory monument-saphankwai) (fixed),13.769658_100.540850_VgNSdKrLI0aK7vr18Lr3qw_299_2024-08.jpg,SAFE,None,4.21,4.21,0.0
phahon yothin rd (victory monument-saphankwai) (fixed),13.769680_100.541005_g60YzXbPvr0Kq6MLT5K_jA_118_2024-11.jpg,SAFE,None,4.15,4.15,0.0
phahon yothin rd (victory monument-saphankwai) (fixed),13.769736_100.540889_KZSNykioMVZx_JrfY3BJqA_299_2024-11.jpg,SAFE,None,2.71,2.71,0.0
phahon yothin rd (victory monument-saphankwai) (fixed),13.769760_100.541050_5cm256F0pJky7oW5nD-Gyw_118_2024-11.jpg,SAFE,None,0.0,0.0,0.0
phahon yothin rd (victory monument-saphankwai) (fixed),13.769818_100.540932_bZMOgCrRBfj7DnFeTo1tRw_295_2024-11.jpg,SAFE,None,0.89,0.89,0.0
phahon yothin rd (victory monument-saphankwai) (fixed),13.769841_100.541094_SqU-MCD816INZGCJgBCdJw_117_2024-11.jpg,SAFE,None,0.0,0.0,0.0
phahon yothin rd (victory monument-saphankwai) (fixed),13.769898_100.540975_f0Rz32h_jXAIIe8sN4ik-w_295_2024-11.jpg,SAFE,None,0.4,0.4,0.0
phahon yothin rd (victory monument-saphankwai) (fixed),13.769922_100.541136_lDN0fCc9QR8QhgbV_TDY7Q_117_2024-11.jpg,SAFE,None,0.0,0.0,0.0
phahon yothin rd (victory monument-saphankwai) (fixed),13.769977_100.541018_xrMPpfwc22ui3YTm8x1d3Q_295_2024-11.jpg,SAFE,None,0.0,0.0,0.0
phahon yothin rd (victory monument-saphankwai) (fixed),13.770003_100.541178_XdjVijmWFFeIz9hcoptNng_116_2024-11.jpg,SAFE,None,0.0,0.0,0.0
phahon yothin rd (victory monument-saphankwai) (fixed),13.770054_100.541060_DR9NfSBrilnHSgXo67OcPg_295_2024-11.jpg,SAFE,None,6.7,6.7,0.0
phahon yothin rd (victory monument-saphankwai) (fixed),13.770084_100.541218_uklpXTvB83oLpuXIYhoAdw_116_2024-11.jpg,SAFE,None,0.0,0.0,0.0
phahon yothin rd (victory monument-saphankwai) (fixed),13.770136_100.541101_UpMjI1gQIfc47Wu98BIt4A_293_2024-11.jpg,SAFE,None,0.38,0.38,0.0
phahon yothin rd (victory monument-saphankwai) (fixed),13.770167_100.541257_wLpI4LVJFjWwO1ZGC8BVag_114_2024-11.jpg,SAFE,None,3.07,3.07,0.0
phahon yothin rd (victory monument-saphankwai) (fixed),13.770223_100.541143_K8nSETjkT8ryPFSHtHXmTw_293_2024-11.jpg,SAFE,None,3.88,3.88,0.0
phahon yothin rd (victory monument-saphankwai) (fixed),13.770252_100.541293_LAbSqz_qzO5zH1QL_CI8-g_114_2024-11.jpg,SAFE,None,1.79,1.79,0.0
phahon yothin rd (victory monument-saphankwai) (fixed),13.770311_100.541181_AKx0KTMN77vJPt4af4qYCg_293_2024-11.jpg,SAFE,None,0.0,0.0,0.0
phahon yothin rd (victory monument-saphankwai) (fixed),13.770338_100.541325_6WFjjORP8Z7WZSpMPKteUg_113_2024-11.jpg,SAFE,None,0.53,0.53,0.0
phahon yothin rd (victory monument-saphankwai) (fixed),13.770399_100.541215_kdjVeLs90krGjuSZ9nOVrQ_290_2024-11.jpg,SAFE,None,0.35,0.35,0.0
phahon yothin rd (victory monument-saphankwai) (fixed),13.770424_100.541357_DTWMRDvqedzwCrdOlDaMtw_112_2024-11.jpg,SAFE,None,0.68,0.68,0.0
phahon yothin rd (victory monument-saphankwai) (fixed),13.770489_100.541249_X5iucr1R9YwfhtWG4Z1iRw_290_2024-11.jpg,SAFE,None,2.12,2.12,0.0
phahon yothin rd (victory monument-saphankwai) (fixed),13.770508_100.541387_LvMn4A0EBwVlIVxfEyD4jg_112_2024-11.jpg,SAFE,None,0.9,0.9,0.0
phahon yothin rd (victory monument-saphankwai) (fixed),13.770577_100.541282_voT6BwUrcRflXPowwoVP3A_290_2024-11.jpg,SAFE,None,0.96,0.96,0.0
phahon yothin rd (victory monument-saphankwai) (fixed),13.770596_100.541418_kfXVTa950bzw-2L0heJl-g_111_2024-11.jpg,SAFE,None,1.5,1.5,0.0
phahon yothin rd (victory monument-saphankwai) (fixed),13.770620_100.541297_ehTeFJc3r1veJxX1Oz5xqQ_290_2024-11.jpg,SAFE,None,0.0,0.0,0.0
phahon yothin rd (victory monument-saphankwai) (fixed),13.770681_100.541449_KkZA8tMa5MsUaYyuWw8W4Q_111_2024-11.jpg,SAFE,None,13.01,10.0,3.01
phahon yothin rd (victory monument-saphankwai) (fixed),13.770709_100.541328_h6nxwpo4MdLCrqjNzQfMDw_290_2024-11.jpg,SAFE,None,0.0,0.0,0.0
phahon yothin rd (victory monument-saphankwai) (fixed),13.770768_100.541481_jFwfgdhOt8T1CsBUfkFwkg_110_2024-11.jpg,SAFE,None,2.27,2.27,0.0
phahon yothin rd (victory monument-saphankwai) (fixed),13.770795_100.541359_CI2hdjVFhixb1DytjRvFOQ_290_2024-11.jpg,SAFE,None,1.65,1.65,0.0
phahon yothin rd (victory monument-saphankwai) (fixed),13.770858_100.541514_f-EAyFlOiYAPaSOrav_SgA_110_2024-11.jpg,SAFE,None,1.6,1.6,0.0
phahon yothin rd (victory monument-saphankwai) (fixed),13.770881_100.541390_NluMIJvCm9WDepRK7SbyRA_290_2024-11.jpg,SAFE,None,7.49,7.49,0.0
phahon yothin rd (victory monument-saphankwai) (fixed),13.770948_100.541546_4uyk9wL49Srq1-guHSSAzA_111_2024-11.jpg,SAFE,None,1.09,1.09,0.0
phahon yothin rd (victory monument-saphankwai) (fixed),13.770968_100.541420_2ycBW4y6LkM0Ss0-XC8Pwg_290_2024-11.jpg,SAFE,None,4.17,4.17,0.0
phahon yothin rd (victory monument-saphankwai) (fixed),13.771040_100.541579_TIe5nAk-nfgK23nbrUIJ5A_111_2024-11.jpg,SAFE,None,0.91,0.91,0.0
phahon yothin rd (victory monument-saphankwai) (fixed),13.771055_100.541452_7E0sQpykZppn_7TvNA867Q_290_2024-11.jpg,SAFE,None,0.0,0.0,0.0
phahon yothin rd (victory monument-saphankwai) (fixed),13.771130_100.541612_q0pnhWktH-IDcj6ouVKGOQ_111_2024-11.jpg,SAFE,None,3.43,3.43,0.0
phahon yothin rd (victory monument-saphankwai) (fixed),13.771141_100.541483_gtIJSZXIr7nXhUKxRZUQJw_290_2024-11.jpg,SAFE,None,0.0,0.0,0.0
phahon yothin rd (victory monument-saphankwai) (fixed),13.771223_100.541645_sPhZdXU1bXj7Do4ZQh0N7Q_111_2024-11.jpg,SAFE,None,7.86,7.86,0.0
phahon yothin rd (victory monument-saphankwai) (fixed),13.771228_100.541514_1pf3CBimt6i3k_uudG9ZcA_290_2024-11.jpg,SAFE,None,0.0,0.0,0.0
phahon yothin rd (victory monument-saphankwai) (fixed),13.771314_100.541546_2BuEdelrTKrZJFDfkegKTQ_290_2024-11.jpg,SAFE,None,0.0,0.0,0.0
phahon yothin rd (victory monument-saphankwai) (fixed),13.771315_100.541679_3LmTcJLBHlTkvJ11bg9oGw_111_2024-11.jpg,SAFE,None,0.6,0.6,0.0
phahon yothin rd (victory monument-saphankwai) (fixed),13.771399_100.541577_1pYhk2RZt6IPtP0wHYdn7g_290_2024-11.jpg,SAFE,None,0.57,0.57,0.0
phahon yothin rd (victory monument-saphankwai) (fixed),13.771405_100.541712_JnuyqAQscQ2QIhnfVYkwDw_111_2024-11.jpg,SAFE,None,1.84,1.84,0.0
phahon yothin rd (victory monument-saphankwai) (fixed),13.771485_100.541741_VbKJpACtYlvElFeqYRDBjg_111_2024-11.jpg,SAFE,None,2.26,2.26,0.0
phahon yothin rd (victory monument-saphankwai) (fixed),13.771486_100.541609_6Ysr_iFzgUJS7l3akkFZfg_290_2024-11.jpg,SAFE,None,5.53,5.53,0.0
phahon yothin rd (victory monument-saphankwai) (fixed),13.771565_100.541770_deGSZhSbBiqpnz9j_SONPQ_110_2024-11.jpg,SAFE,None,5.06,5.06,0.0
phahon yothin rd (victory monument-saphankwai) (fixed),13.771572_100.541640_pSJpD0Ly5g1GVbqaRLPIKQ_290_2024-11.jpg,SAFE,None,0.27,0.27,0.0
phahon yothin rd (victory monument-saphankwai) (fixed),13.771658_100.541672_x4eIRp_Mw6CXR5bp8n4ZbQ_290_2024-11.jpg,SAFE,None,6.57,6.57,0.0
phahon yothin rd (victory monument-saphankwai) (fixed),13.771735_100.541832_pCZU_w86yxKxgWICPkzcTg_110_2024-11.jpg,SAFE,None,5.94,5.94,0.0
phahon yothin rd (victory monument-saphankwai) (fixed),13.771745_100.541703_EHQX_DfYHFI8HDLjtxmMxA_290_2024-11.jpg,SAFE,None,0.0,0.0,0.0
phahon yothin rd (victory monument-saphankwai) (fixed),13.771788_100.541719_EJD-pjkltN1agq_DfSg7qg_290_2024-11.jpg,SAFE,None,0.0,0.0,0.0
phahon yothin rd (victory monument-saphankwai) (fixed),13.771819_100.541863_JHnH0B4hxnL0_2Cmn-j4Dg_110_2024-11.jpg,SAFE,None,7.76,7.76,0.0
phahon yothin rd (victory monument-saphankwai) (fixed),13.771873_100.541750_yjli-bd29Q9MCH6D36TzXQ_290_2024-11.jpg,SAFE,None,0.84,0.84,0.0
phahon yothin rd (victory monument-saphankwai) (fixed),13.771903_100.541894_l6Ah1rpAfYuGPD6jNdBZiQ_110_2024-11.jpg,SAFE,None,2.28,2.28,0.0
phahon yothin rd (victory monument-saphankwai) (fixed),13.771959_100.541782_jkt_xkWVrzUvTd6dmpnrJw_290_2024-11.jpg,SAFE,None,1.5,1.5,0.0
phahon yothin rd (victory monument-saphankwai) (fixed),13.771985_100.541924_4jOaTiAcPFGsshY8GrUR1w_110_2024-11.jpg,SAFE,None,2.1,2.1,0.0
phahon yothin rd (victory monument-saphankwai) (fixed),13.772045_100.541814_gz_NuAt4l1U8II-JJErAJQ_290_2024-11.jpg,WARNING,OBSTACLE,26.06,26.06,0.0
phahon yothin rd (victory monument-saphankwai) (fixed),13.772069_100.541955_aJs-RRYkNuODSUpyi60fFQ_110_2024-11.jpg,SAFE,None,2.9,2.9,0.0
phahon yothin rd (victory monument-saphankwai) (fixed),13.772132_100.541847_fteX3FPLToUWdQoMiogX4w_290_2024-11.jpg,SAFE,None,15.66,15.66,0.0
phahon yothin rd (victory monument-saphankwai) (fixed),13.772154_100.541986_d9gMrG82hDLbdAqP8WoTnw_110_2024-11.jpg,SAFE,None,0.0,0.0,0.0
phahon yothin rd (victory monument-saphankwai) (fixed),13.772218_100.541879_ap1y3BLC81pAKN5kWG7NjA_290_2024-11.jpg,SAFE,None,1.0,1.0,0.0
phahon yothin rd (victory monument-saphankwai) (fixed),13.772240_100.542017_V_5EEKMIHnM8GDMf4600Qw_110_2024-11.jpg,SAFE,None,18.02,18.02,0.0
phahon yothin rd (victory monument-saphankwai) (fixed),13.772305_100.541911_EBhNLoHvWGYbvV9LeWRg0Q_110_2024-11.jpg,SAFE,None,0.0,0.0,0.0
phahon yothin rd (victory monument-saphankwai) (fixed),13.772325_100.542048_WbnPBJajcN-1msD_GZh6aw_110_2024-11.jpg,SAFE,None,0.0,0.0,0.0
phahon yothin rd (victory monument-saphankwai) (fixed),13.772410_100.542080_8cg1VhWBxbM_mtj1mirj_Q_110_2024-11.jpg,SAFE,None,0.56,0.56,0.0
phahon yothin rd (victory monument-saphankwai) (fixed),13.772436_100.541957_qBOUh4U4VN4g6VfSwhkm_w_290_2024-11.jpg,SAFE,None,1.39,1.39,0.0
phahon yothin rd (victory monument-saphankwai) (fixed),13.772496_100.542111_3NsQSJI322PR-b99KcgzVA_110_2024-11.jpg,SAFE,None,0.45,0.45,0.0
phahon yothin rd (victory monument-saphankwai) (fixed),13.772565_100.542003_4uQEdz5_ZQZ0mAxZ3yEYCw_289_2024-11.jpg,SAFE,None,6.12,6.12,0.0
phahon yothin rd (victory monument-saphankwai) (fixed),13.772582_100.542143_lFRhqTACv7QkAR18sgEuxg_110_2024-11.jpg,SAFE,None,6.45,6.45,0.0
phahon yothin rd (victory monument-saphankwai) (fixed),13.772650_100.542034_AmDA3R8RqbqdkQbfThtjPA_289_2024-11.jpg,SAFE,None,0.0,0.0,0.0
phahon yothin rd (victory monument-saphankwai) (fixed),13.772668_100.542174_yKGYpx2c6TRqChUutZoGtg_110_2024-11.jpg,SAFE,None,7.13,7.13,0.0
phahon yothin rd (victory monument-saphankwai) (fixed),13.772736_100.542064_Luk8CiZShLF9IHmYDljEJg_289_2024-11.jpg,SAFE,None,0.0,0.0,0.0
phahon yothin rd (victory monument-saphankwai) (fixed),13.772754_100.542205_jmRlwXcDXSiZhwTCMtuSCg_110_2024-11.jpg,SAFE,None,3.12,3.12,0.0
phahon yothin rd (victory monument-saphankwai) (fixed),13.772822_100.542095_A-XrqplHAXsd16UtHzJJ1A_289_2024-11.jpg,SAFE,None,0.0,0.0,0.0
phahon yothin rd (victory monument-saphankwai) (fixed),13.772840_100.542236_CcHQLYAwePD8rtabaILn5w_110_2024-11.jpg,SAFE,None,0.2,0.2,0.0
phahon yothin rd (victory monument-saphankwai) (fixed),13.772910_100.542124_l-z4AQbgLiESOAW_Xt2adQ_289_2024-11.jpg,SAFE,None,0.39,0.39,0.0
phahon yothin rd (victory monument-saphankwai) (fixed),13.772926_100.542268_LlTtvHitDOwriTO8mBUjOQ_110_2024-11.jpg,SAFE,None,1.07,1.07,0.0
phahon yothin rd (victory monument-saphankwai) (fixed),13.772999_100.542154_fU78-saCKYcN2Gl8IMdqUg_288_2024-11.jpg,SAFE,None,3.65,3.65,0.0
phahon yothin rd (victory monument-saphankwai) (fixed),13.773012_100.542299_ajLN1CZTgUQAVe1Odl0CLg_110_2024-11.jpg,SAFE,None,5.82,5.82,0.0
phahon yothin rd (victory monument-saphankwai) (fixed),13.773087_100.542183_c_Bfo899VMjqEBqCxbT2vg_288_2024-11.jpg,SAFE,None,5.0,5.0,0.0
phahon yothin rd (victory monument-saphankwai) (fixed),13.773098_100.542331_8_Ssz4N9ofplSuYG1PRqNA_110_2024-11.jpg,SAFE,None,2.73,2.73,0.0
phahon yothin rd (victory monument-saphankwai) (fixed),13.773174_100.542211_EeVK2nch-XyHiQbjSNCvbA_288_2024-11.jpg,SAFE,None,3.23,3.23,0.0
phahon yothin rd (victory monument-saphankwai) (fixed),13.773182_100.542361_agW7toSX8Ibk6XCpLJ6EpQ_110_2024-11.jpg,SAFE,None,0.0,0.0,0.0
phahon yothin rd (victory monument-saphankwai) (fixed),13.773268_100.542392_evD3K-L-ZqUXbQP_y2WHDw_110_2024-11.jpg,SAFE,None,2.84,2.84,0.0
phahon yothin rd (victory monument-saphankwai) (fixed),13.773345_100.542267_NaBjY-U4KCppMguH6_g_4A_289_2024-11.jpg,SAFE,None,0.0,0.0,0.0
phahon yothin rd (victory monument-saphankwai) (fixed),13.773354_100.542423_cx7LHhVN3yA2da3Dp_rznw_110_2024-11.jpg,SAFE,None,1.92,1.92,0.0
phahon yothin rd (victory monument-saphankwai) (fixed),13.773431_100.542295_P0byqMUiIaEb9hSCsB-JVw_110_2024-11.jpg,SAFE,None,0.87,0.87,0.0
phahon yothin rd (victory monument-saphankwai) (fixed),13.773442_100.542454_Z3uXL7IaJLjq962XSnBTXw_110_2024-11.jpg,SAFE,None,0.0,0.0,0.0
phahon yothin rd (victory monument-saphankwai) (fixed),13.773516_100.542322_rnc4wMJ04o3CCnpIyAH27w_289_2024-11.jpg,SAFE,None,3.01,3.01,0.0
phahon yothin rd (victory monument-saphankwai) (fixed),13.773531_100.542485_EhVvw0tzhMFB80O9lW0Z-g_109_2024-11.jpg,WARNING,OBSTACLE,24.29,24.29,0.0
phahon yothin rd (victory monument-saphankwai) (fixed),13.773600_100.542349_HUAKfaVQW4XNPtDGfvenpw_290_2024-11.jpg,SAFE,None,0.8,0.8,0.0
phahon yothin rd (victory monument-saphankwai) (fixed),13.773619_100.542516_bplSSJ3vub-GGmcUJdERqQ_108_2024-11.jpg,SAFE,None,0.53,0.53,0.0
phahon yothin rd (victory monument-saphankwai) (fixed),13.773685_100.542378_Xn86lbv5kM7QnId4Xtdb5A_290_2024-11.jpg,SAFE,None,1.23,1.23,0.0
phahon yothin rd (victory monument-saphankwai) (fixed),13.773706_100.542547_2adNQLAmcOIw-dQGtaxGNA_108_2024-11.jpg,SAFE,None,10.36,10.36,0.0
phahon yothin rd (victory monument-saphankwai) (fixed),13.773771_100.542408_KxZU3qXYybqi-GV_bUXmHQ_290_2024-11.jpg,SAFE,None,17.91,17.91,0.0
phahon yothin rd (victory monument-saphankwai) (fixed),13.773792_100.542579_sPnc8teXsiwXDdz764s6oQ_108_2024-11.jpg,SAFE,None,12.96,12.96,0.0
phahon yothin rd (victory monument-saphankwai) (fixed),13.773858_100.542439_HjJTY2NCh61AYLty2QHNqw_290_2024-11.jpg,SAFE,None,9.48,9.48,0.0
phahon yothin rd (victory monument-saphankwai) (fixed),13.773879_100.542610_3yhPDfAKmoExjT9-Y6B2jg_108_2024-11.jpg,SAFE,None,4.19,4.19,0.0
phahon yothin rd (victory monument-saphankwai) (fixed),13.773944_100.542471_kZ4b6d6NhJo-yBW7-NT7jA_290_2024-11.jpg,SAFE,None,0.0,0.0,0.0
phahon yothin rd (victory monument-saphankwai) (fixed),13.773966_100.542642_F2Je8f6OdKiuQeVq4rtWVA_108_2024-11.jpg,SAFE,None,17.79,17.79,0.0
phahon yothin rd (victory monument-saphankwai) (fixed),13.774030_100.542501_i1e27NxNi6-nbMtE0CvnUA_290_2024-11.jpg,SAFE,None,5.73,5.73,0.0
phahon yothin rd (victory monument-saphankwai) (fixed),13.774053_100.542674_aKMBh0ZomkgchNmQR17kKw_108_2024-11.jpg,SAFE,None,12.13,12.13,0.0
phahon yothin rd (victory monument-saphankwai) (fixed),13.774118_100.542533_nSRzbVhbfe6kGrtdvfr0YA_290_2024-11.jpg,SAFE,None,0.0,0.0,0.0
phahon yothin rd (victory monument-saphankwai) (fixed),13.774140_100.542705_GNhc1YOtO_QMMS7TXJoH2A_108_2024-11.jpg,SAFE,None,0.95,0.95,0.0
phahon yothin rd (victory monument-saphankwai) (fixed),13.774205_100.542564__5T2ugafGCIgGeBjNTB-DA_290_2024-11.jpg,SAFE,None,9.97,9.97,0.0
phahon yothin rd (victory monument-saphankwai) (fixed),13.774227_100.542737_O9-7g9Diu9BiOuuNXNdCcg_108_2024-11.jpg,WARNING,OBSTACLE,21.93,21.93,0.0
phahon yothin rd (victory monument-saphankwai) (fixed),13.774292_100.542596_LiCPuqI5s244P3gg5kGYsA_290_2024-11.jpg,SAFE,None,2.09,2.09,0.0
phahon yothin rd (victory monument-saphankwai) (fixed),13.774315_100.542769_vrZ0qQJJt6GlG9bG2T4uNA_108_2024-11.jpg,SAFE,None,12.56,12.56,0.0
phahon yothin rd (victory monument-saphankwai) (fixed),13.774315_100.542769_vrZ0qQJJt6GlG9bG2T4uNA_109_2024-11.jpg,SAFE,None,13.05,13.05,0.0
phahon yothin rd (victory monument-saphankwai) (fixed),13.774408_100.542803_SVxlY2PAIjGoHqxkBeUK8g_109_2024-11.jpg,WARNING,OBSTACLE,30.86,30.86,0.0
phahon yothin rd (victory monument-saphankwai) (fixed),13.774420_100.542642_jNkcu3wpk2XRudLed9UMCA_289_2024-11.jpg,SAFE,None,8.98,8.98,0.0
phahon yothin rd (victory monument-saphankwai) (fixed),13.774500_100.542837_UbAUf_Sg-XHZR3FXoyKOGA_109_2024-11.jpg,SAFE,None,1.47,1.47,0.0
phahon yothin rd (victory monument-saphankwai) (fixed),13.774506_100.542673_irfD9K7sPp1yPwuGpmqo9A_289_2024-11.jpg,SAFE,None,6.48,6.48,0.0
phahon yothin rd (victory monument-saphankwai) (fixed),13.774587_100.542867_HHVDvIocmbOCPnGS61UOaA_109_2024-11.jpg,SAFE,None,1.91,1.91,0.0
phahon yothin rd (victory monument-saphankwai) (fixed),13.774593_100.542704_D_Eo69jEHgKxEg5M5l6JLw_289_2024-11.jpg,SAFE,None,3.81,3.81,0.0
phahon yothin rd (victory monument-saphankwai) (fixed),13.774673_100.542897_5YT21LH-TnP9NglP4fJHeQ_109_2024-11.jpg,SAFE,None,0.0,0.0,0.0
phahon yothin rd (victory monument-saphankwai) (fixed),13.774680_100.542735_Q635kAzaRxeRonvD-QvjCw_289_2024-11.jpg,SAFE,None,0.0,0.0,0.0
phahon yothin rd (victory monument-saphankwai) (fixed),13.774759_100.542927_fDMDPLVjXn1NFA5OElIIPw_109_2024-11.jpg,SAFE,None,7.01,7.01,0.0
phahon yothin rd (victory monument-saphankwai) (fixed),13.774764_100.542766_NpSMRO_SpreP4BHz1h0K5Q_289_2024-11.jpg,SAFE,None,0.0,0.0,0.0
phahon yothin rd (victory monument-saphankwai) (fixed),13.774846_100.542959_XaTgQaJF1QoDivgg0fi9HA_109_2024-11.jpg,SAFE,None,3.6,3.6,0.0
phahon yothin rd (victory monument-saphankwai) (fixed),13.774851_100.542798_5up4k1p1ChuS2kMb0nmHUQ_289_2024-11.jpg,SAFE,None,18.39,18.39,0.0
phahon yothin rd (victory monument-saphankwai) (fixed),13.774932_100.542990_Lrs6L7xtP5VHl6uuCoYjeA_109_2024-11.jpg,SAFE,None,6.84,6.84,0.0
phahon yothin rd (victory monument-saphankwai) (fixed),13.774937_100.542828_b4-ygzDIstcxU5sicvbLJQ_289_2024-11.jpg,SAFE,None,0.0,0.0,0.0
phahon yothin rd (victory monument-saphankwai) (fixed),13.775022_100.543023_LwQLvrH5Eqk0o3lO6Kv_1w_109_2024-11.jpg,SAFE,None,9.99,9.99,0.0
phahon yothin rd (victory monument-saphankwai) (fixed),13.775026_100.542860_fJgP15CIkAhO_qau1_KAQA_289_2024-11.jpg,SAFE,None,0.0,0.0,0.0
phahon yothin rd (victory monument-saphankwai) (fixed),13.775111_100.542891_5uwM3iOeHgBVg6sMGkGX6A_289_2024-11.jpg,SAFE,None,0.0,0.0,0.0
phahon yothin rd (victory monument-saphankwai) (fixed),13.775119_100.543060_K_r0D2-o21Ov6ZzMfLnCew_109_2024-11.jpg,SAFE,None,4.5,4.5,0.0
phahon yothin rd (victory monument-saphankwai) (fixed),13.775200_100.542924_Rg02NUrXeVWL6vkHyxt_4g_289_2024-11.jpg,SAFE,None,0.21,0.21,0.0
phahon yothin rd (victory monument-saphankwai) (fixed),13.775209_100.543093_5NNF4tkn4OgP1ZF4tren_A_109_2024-11.jpg,SAFE,None,0.0,0.0,0.0
phahon yothin rd (victory monument-saphankwai) (fixed),13.775286_100.543121_XUYTwZSc8sbh68lcvEdcNg_109_2024-11.jpg,SAFE,None,13.73,13.73,0.0
phahon yothin rd (victory monument-saphankwai) (fixed),13.775288_100.542956_oYjWOMvHrxtNvfKqD8HXAA_289_2024-11.jpg,SAFE,None,6.74,6.74,0.0
phahon yothin rd (victory monument-saphankwai) (fixed),13.775370_100.543150_OaMSg_D3ohEL9lYSXfmpZw_109_2024-11.jpg,SAFE,None,3.16,3.16,0.0
phahon yothin rd (victory monument-saphankwai) (fixed),13.775374_100.542988_ugjgK6bWusjqZPLJp4Xhxg_289_2024-11.jpg,CRITICAL,OBSTACLE,105.98,105.98,0.0
phahon yothin rd (victory monument-saphankwai) (fixed),13.775455_100.543179_XT82BQwJKffHB318G3atTw_109_2024-11.jpg,SAFE,None,0.9,0.9,0.0
phahon yothin rd (victory monument-saphankwai) (fixed),13.775459_100.543019_2UjtxT3F3ZCLhpivVfbZbA_289_2024-11.jpg,WARNING,OBSTACLE,22.49,22.49,0.0
phahon yothin rd (victory monument-saphankwai) (fixed),13.775545_100.543050_6iRcLMypRcJUziDvMJQ7_Q_289_2024-11.jpg,SAFE,None,11.16,11.16,0.0
phahon yothin rd (victory monument-saphankwai) (fixed),13.775632_100.543081_yJhK8cqaKyj1_3I05YYtcg_289_2024-11.jpg,SAFE,None,0.0,0.0,0.0
phahon yothin rd (victory monument-saphankwai) (fixed),13.775718_100.543113_ZD2Xfm8Tw2TCP637qk88ZA_291_2024-11.jpg,SAFE,None,2.81,2.81,0.0
phahon yothin rd (victory monument-saphankwai) (fixed),13.775755_100.543286_itpkQSuzD0NNojtmVKQrNg_109_2024-11.jpg,SAFE,None,0.0,0.0,0.0
phahon yothin rd (victory monument-saphankwai) (fixed),13.775804_100.543145_JEoNqKLBr4EXhsn0dvIwRg_290_2024-11.jpg,SAFE,None,6.36,6.36,0.0
phahon yothin rd (victory monument-saphankwai) (fixed),13.775841_100.543317_8ozSixzwKc29EHnDDB3RKQ_109_2024-11.jpg,SAFE,None,0.0,0.0,0.0
phahon yothin rd (victory monument-saphankwai) (fixed),13.775891_100.543178_WasLHKPotSeSodV__qBLtg_289_2024-11.jpg,SAFE,None,0.0,0.0,0.0
phahon yothin rd (victory monument-saphankwai) (fixed),13.775927_100.543348_H234L5A2dCNZ15flQkZtWw_109_2024-11.jpg,SAFE,None,1.08,1.08,0.0
phahon yothin rd (victory monument-saphankwai) (fixed),13.775977_100.543211_kMemz9gMjoXgaIItaMgLuQ_289_2024-11.jpg,SAFE,None,14.34,14.34,0.0
phahon yothin rd (victory monument-saphankwai) (fixed),13.776011_100.543378_gNUpTky8VXZHDdb34iPIxA_109_2024-11.jpg,SAFE,None,3.57,3.57,0.0
phahon yothin rd (victory monument-saphankwai) (fixed),13.776065_100.543243_HQTfsNDZ4oC1aUqrewG1ZA_289_2024-11.jpg,SAFE,None,5.28,5.28,0.0
phahon yothin rd (victory monument-saphankwai) (fixed),13.776096_100.543408_SZs_ak8UxxE_Bis61p1qfQ_109_2024-11.jpg,SAFE,None,0.0,0.0,0.0
phahon yothin rd (victory monument-saphankwai) (fixed),13.776152_100.543276_wtCRfmnhlNhjibadoUg6wQ_289_2024-11.jpg,SAFE,None,7.55,7.55,0.0
phahon yothin rd (victory monument-saphankwai) (fixed),13.776183_100.543439_z79hta_WnG2esTGTqCJypQ_109_2024-11.jpg,SAFE,None,0.9,0.9,0.0
phahon yothin rd (victory monument-saphankwai) (fixed),13.776237_100.543308_KpKbwEveYhs9GJycDCHHaA_289_2024-11.jpg,SAFE,None,0.93,0.93,0.0
phahon yothin rd (victory monument-saphankwai) (fixed),13.776269_100.543470_zbwaZDI2CSUQwK6L978JbA_109_2024-11.jpg,SAFE,None,3.41,3.41,0.0
phahon yothin rd (victory monument-saphankwai) (fixed),13.776323_100.543341_twRR-ALOMZBj4NEGXMCh5g_289_2024-11.jpg,SAFE,None,0.0,0.0,0.0
phahon yothin rd (victory monument-saphankwai) (fixed),13.776354_100.543501_BXFiMU4PFDO2YSQpirmQlQ_109_2024-11.jpg,SAFE,None,0.19,0.19,0.0
phahon yothin rd (victory monument-saphankwai) (fixed),13.776410_100.543373_snfolrnyOzHJG9i7iBNIeg_289_2024-11.jpg,SAFE,None,1.04,1.04,0.0
phahon yothin rd (victory monument-saphankwai) (fixed),13.776485_100.543548_LXAb_NI2hwCU5g-QCqAkRw_111_2024-11.jpg,SAFE,None,1.77,1.77,0.0
phahon yothin rd (victory monument-saphankwai) (fixed),13.776497_100.543405_UJJaQDcToPk_LlRPYyiTSg_289_2024-11.jpg,SAFE,None,3.01,3.01,0.0
phahon yothin rd (victory monument-saphankwai) (fixed),13.776575_100.543580_cYmJMHPYsXXeJM1M3F7I6w_109_2024-11.jpg,SAFE,None,0.0,0.0,0.0
phahon yothin rd (victory monument-saphankwai) (fixed),13.776582_100.543436_A2HAFmgixop_FEOYKUtRkQ_290_2024-11.jpg,SAFE,None,5.38,5.38,0.0
phahon yothin rd (victory monument-saphankwai) (fixed),13.776664_100.543611_u-_2jmxo96In_W6HraOKHw_109_2024-11.jpg,SAFE,None,0.0,0.0,0.0
phahon yothin rd (victory monument-saphankwai) (fixed),13.776667_100.543467_CHVY-qz0a5CTfZ8Qrxk2fg_290_2024-11.jpg,SAFE,None,0.43,0.43,0.0
phahon yothin rd (victory monument-saphankwai) (fixed),13.776751_100.543498_XztoxyLWL5coG285O6JU_Q_290_2024-11.jpg,SAFE,None,0.0,0.0,0.0
phahon yothin rd (victory monument-saphankwai) (fixed),13.776753_100.543644_TipyIcmFck_1BaRCixP1tA_109_2024-11.jpg,SAFE,None,0.0,0.0,0.0
phahon yothin rd (victory monument-saphankwai) (fixed),13.776835_100.543530_om0gq85t8WSUj_2EPTWshQ_290_2024-11.jpg,SAFE,None,0.73,0.73,0.0
phahon yothin rd (victory monument-saphankwai) (fixed),13.776847_100.543678_WWjlpsj7pTdwwE2x5BlmnQ_109_2024-11.jpg,SAFE,None,4.91,4.91,0.0
phahon yothin rd (victory monument-saphankwai) (fixed),13.776951_100.543717_7hJnwIloCEGIa5_ylVVkyQ_109_2024-11.jpg,SAFE,None,13.23,7.97,5.26
phahon yothin rd (victory monument-saphankwai) (fixed),13.776963_100.543580_6Nj1hfvVldd8Z9RbSTKQwA_290_2024-11.jpg,SAFE,None,11.73,11.73,0.0
phahon yothin rd (victory monument-saphankwai) (fixed),13.777052_100.543611_g0pIUTfDiorwfqHX2ulkUQ_290_2024-11.jpg,SAFE,None,7.76,7.76,0.0
phahon yothin rd (victory monument-saphankwai) (fixed),13.777056_100.543757_YF9M-Mqp8Xuo9OeiVX-ObQ_109_2024-11.jpg,SAFE,None,0.28,0.28,0.0
phahon yothin rd (victory monument-saphankwai) (fixed),13.777137_100.543787_3uW-sg-eeqniJkie7Hd_qQ_109_2024-11.jpg,SAFE,None,0.94,0.94,0.0
phahon yothin rd (victory monument-saphankwai) (fixed),13.777141_100.543640_xggmTwwygIa35Q5wzy3MFg_290_2024-11.jpg,SAFE,None,0.0,0.0,0.0
phahon yothin rd (victory monument-saphankwai) (fixed),13.777220_100.543816_f53VGJhLb0DITIysUzitgw_109_2024-11.jpg,SAFE,None,0.14,0.14,0.0
phahon yothin rd (victory monument-saphankwai) (fixed),13.777228_100.543668_ye9jOfBHLnkRgpT6ftMdig_290_2024-11.jpg,SAFE,None,7.31,7.31,0.0
phahon yothin rd (victory monument-saphankwai) (fixed),13.777302_100.543845_2b97g4Fojfk6K-KcnRLoKQ_109_2024-11.jpg,SAFE,None,0.0,0.0,0.0
phahon yothin rd (victory monument-saphankwai) (fixed),13.777316_100.543696_FBrMoCzIAPuZoUlsxeQSKg_290_2024-11.jpg,WARNING,OBSTACLE,23.49,23.49,0.0
phahon yothin rd (victory monument-saphankwai) (fixed),13.777386_100.543874_-B-rDfIRc3kxEeVPR3cOOA_108_2024-11.jpg,SAFE,None,7.6,7.6,0.0
phahon yothin rd (victory monument-saphankwai) (fixed),13.777404_100.543724_F-xuCo7P0D2er-HGohJDPA_290_2024-11.jpg,CRITICAL,SURFACE DAMAGE,60.09,3.21,56.88
phahon yothin rd (victory monument-saphankwai) (fixed),13.777469_100.543904_LuKRePDHKAmPlSs0V4Blcw_108_2024-11.jpg,SAFE,None,0.0,0.0,0.0
phahon yothin rd (victory monument-saphankwai) (fixed),13.777491_100.543753_XtJDprTMu_YJmLFLroCPbA_290_2024-11.jpg,SAFE,None,5.16,5.16,0.0
phahon yothin rd (victory monument-saphankwai) (fixed),13.777555_100.543934_2fsxUKeXuYGYHI6TjhHmoQ_108_2024-11.jpg,SAFE,None,1.7,1.7,0.0
phahon yothin rd (victory monument-saphankwai) (fixed),13.777576_100.543784_w3rp_1DW32gTTMVfrmiggw_290_2024-11.jpg,SAFE,None,5.63,5.63,0.0
phahon yothin rd (victory monument-saphankwai) (fixed),13.777641_100.543965_9DHDxiZXtyBzeaifXhwKng_108_2024-11.jpg,SAFE,None,8.46,8.46,0.0
phahon yothin rd (victory monument-saphankwai) (fixed),13.777661_100.543815_OLYWwJDMRp8jozkaAqlbNw_290_2024-11.jpg,SAFE,None,1.86,1.86,0.0
phahon yothin rd (victory monument-saphankwai) (fixed),13.777727_100.543995_EmqGgg3LHSiRGq2PyMMWeg_108_2024-11.jpg,SAFE,None,10.3,10.3,0.0
phahon yothin rd (victory monument-saphankwai) (fixed),13.777746_100.543848_yURwVoDArIYklmFeemXvyg_290_2024-11.jpg,SAFE,None,6.43,6.43,0.0
phahon yothin rd (victory monument-saphankwai) (fixed),13.777814_100.544026_nJC2lD4prUkoYxTkaQOryQ_108_2024-11.jpg,SAFE,None,0.0,0.0,0.0
phahon yothin rd (victory monument-saphankwai) (fixed),13.777828_100.543879_Q7RaJt3OJqVn4IG2zIWgWA_288_2024-11.jpg,SAFE,None,3.12,3.12,0.0
phahon yothin rd (victory monument-saphankwai) (fixed),13.777912_100.543908_e6LNoU2OCK5iBvAl6CX-rA_288_2024-11.jpg,WARNING,OBSTACLE,29.48,29.48,0.0
phahon yothin rd (victory monument-saphankwai) (fixed),13.777945_100.544073_NrIDN_5EEELhK3C5UqmXpQ_108_2024-11.jpg,SAFE,None,0.18,0.18,0.0
phahon yothin rd (victory monument-saphankwai) (fixed),13.777998_100.543936_JdWmkxAZJWQIIjKYE3Xw7g_290_2024-11.jpg,SAFE,None,2.39,2.39,0.0
phahon yothin rd (victory monument-saphankwai) (fixed),13.778089_100.543965_3eh2QrD8SuiQHlcn06u_nA_290_2024-11.jpg,SAFE,None,0.0,0.0,0.0
phahon yothin rd (victory monument-saphankwai) (fixed),13.778120_100.544138_s1npH3bVi2vn6pNS2vCVsA_108_2024-11.jpg,SAFE,None,0.0,0.0,0.0
phahon yothin rd (victory monument-saphankwai) (fixed),13.778145_100.543994_T96qcTQyXz9Tgf3xX8mY4g_291_2024-11.jpg,SAFE,None,0.76,0.76,0.0
phahon yothin rd (victory monument-saphankwai) (fixed),13.778207_100.544170_Vr2YCmYjJYvTFlwr-WKAjQ_109_2024-11.jpg,SAFE,None,0.06,0.06,0.0
phahon yothin rd (victory monument-saphankwai) (fixed),13.778232_100.544021_BhPUVxP-WyCA-3vjygtovA_291_2024-11.jpg,SAFE,None,8.52,8.52,0.0
phahon yothin rd (victory monument-saphankwai) (fixed),13.778294_100.544203_r6vfRuNc_A4M953wBcG4fg_110_2024-11.jpg,SAFE,None,13.95,13.95,0.0
phahon yothin rd (victory monument-saphankwai) (fixed),13.778314_100.544047_A9Y9wade94mq48p4c_aoqQ_291_2024-11.jpg,SAFE,None,1.97,1.97,0.0
phahon yothin rd (victory monument-saphankwai) (fixed),13.778384_100.544235_gDFzb4fZvaJDN779BUaQ8Q_109_2024-11.jpg,SAFE,None,9.52,9.52,0.0
phahon yothin rd (victory monument-saphankwai) (fixed),13.778384_100.544235_gDFzb4fZvaJDN779BUaQ8Q_110_2024-11.jpg,SAFE,None,7.84,7.84,0.0
phahon yothin rd (victory monument-saphankwai) (fixed),13.778399_100.544074_PNASDTKbI1XUKdZeHGRj3g_291_2024-11.jpg,SAFE,None,1.02,1.02,0.0
phahon yothin rd (victory monument-saphankwai) (fixed),13.778477_100.544269_oXBoeNj4QJLIls2wahZUxA_109_2024-11.jpg,SAFE,None,0.0,0.0,0.0
phahon yothin rd (victory monument-saphankwai) (fixed),13.778488_100.544103_mcrtdOqGnuPKq1mOEusm4Q_289_2024-11.jpg,SAFE,None,0.0,0.0,0.0
phahon yothin rd (victory monument-saphankwai) (fixed),13.778580_100.544137_TYHq7S-2VAlZROXZpW4s4g_289_2024-11.jpg,CRITICAL,OBSTACLE,39.33,39.33,0.0
phahon yothin rd (victory monument-saphankwai) (fixed),13.778709_100.544193_lCROce1e0yOZbEJbJqqDew_289_2024-11.jpg,SAFE,None,5.23,5.23,0.0
phahon yothin rd (victory monument-saphankwai) (fixed),13.778730_100.544359_yaOe1IcYy4Wkq8E53cSomw_110_2024-11.jpg,SAFE,None,0.0,0.0,0.0
phahon yothin rd (victory monument-saphankwai) (fixed),13.778794_100.544230_QKfsmOA8xQz3RH8_9nwseA_289_2024-11.jpg,SAFE,None,3.9,3.9,0.0
phahon yothin rd (victory monument-saphankwai) (fixed),13.778813_100.544389_XklltG0WAYTbC7EaQJUAdg_108_2024-11.jpg,SAFE,None,0.62,0.62,0.0
phahon yothin rd (victory monument-saphankwai) (fixed),13.778881_100.544266_COLMic9cZUagJnlB0UwR3A_289_2024-11.jpg,SAFE,None,5.65,5.65,0.0
phahon yothin rd (victory monument-saphankwai) (fixed),13.778895_100.544420_O-pd01DKLJ6Zgt0SpGM-Mg_108_2024-11.jpg,SAFE,None,0.0,0.0,0.0
phahon yothin rd (victory monument-saphankwai) (fixed),13.778965_100.544301_I4C_rVdIjhg8YwEc_e1fsQ_289_2024-11.jpg,SAFE,None,6.55,6.55,0.0
phahon yothin rd (victory monument-saphankwai) (fixed),13.778982_100.544451_Hb8VYqfFMLB5iakEhAELVg_108_2024-11.jpg,SAFE,None,0.41,0.41,0.0
phahon yothin rd (victory monument-saphankwai) (fixed),13.779052_100.544335_Nm4EMykCTJv67L5bO0zmvg_289_2024-11.jpg,SAFE,None,3.59,3.59,0.0
phahon yothin rd (victory monument-saphankwai) (fixed),13.779069_100.544482_rA-pXlBSejmWuD9MS85OnQ_108_2024-11.jpg,SAFE,None,0.0,0.0,0.0
phahon yothin rd (victory monument-saphankwai) (fixed),13.779154_100.544513_IxX_MfP1sOI7wFdAh7OkmA_108_2024-11.jpg,SAFE,None,0.0,0.0,0.0
phahon yothin rd (victory monument-saphankwai) (fixed),13.779181_100.544385_ICr1LtKHdMKJEB_7_4E-EA_289_2024-11.jpg,SAFE,None,1.83,1.83,0.0
phahon yothin rd (victory monument-saphankwai) (fixed),13.779239_100.544545__ZC1fPVdk7lAGXYN5FQdzQ_108_2024-11.jpg,SAFE,None,10.56,10.56,0.0
phahon yothin rd (victory monument-saphankwai) (fixed),13.779267_100.544417_KVLNBKuiKeXQrnmIjG6YGg_289_2024-11.jpg,SAFE,None,3.31,3.31,0.0
phahon yothin rd (victory monument-saphankwai) (fixed),13.779326_100.544577_oKDw3loqWrkdthLBW9eJwQ_108_2024-11.jpg,SAFE,None,5.22,5.22,0.0
phahon yothin rd (victory monument-saphankwai) (fixed),13.779353_100.544449_5lEwOgU2l5ITkubNqfZqtw_289_2024-11.jpg,SAFE,None,4.07,4.07,0.0
phahon yothin rd (victory monument-saphankwai) (fixed),13.779411_100.544608_gKwNIkj2KaKgnd0BSuCMOA_108_2024-11.jpg,SAFE,None,0.51,0.51,0.0
phahon yothin rd (victory monument-saphankwai) (fixed),13.779440_100.544481_Nh1Pzxb33DDQlY11SbVcWw_289_2024-11.jpg,SAFE,None,2.59,2.59,0.0
phahon yothin rd (victory monument-saphankwai) (fixed),13.779497_100.544637_jrcg1homXT7bwUkR2-kWBA_108_2024-11.jpg,SAFE,None,0.0,0.0,0.0
phahon yothin rd (victory monument-saphankwai) (fixed),13.779527_100.544512_iFZMuO-G25SE2295c-O2IQ_288_2024-11.jpg,SAFE,None,8.06,8.06,0.0
phahon yothin rd (victory monument-saphankwai) (fixed),13.779586_100.544668_kD_PhOvzQ47fSm-p5Gf2CQ_108_2024-11.jpg,SAFE,None,0.0,0.0,0.0
phahon yothin rd (victory monument-saphankwai) (fixed),13.779614_100.544543_CK54Pab5Xsbepro8IoUZsg_288_2024-11.jpg,SAFE,None,0.0,0.0,0.0
phahon yothin rd (victory monument-saphankwai) (fixed),13.779679_100.544699_opnnkzNkhdBpJKG_ntjoKg_108_2024-11.jpg,SAFE,None,2.37,2.37,0.0
phahon yothin rd (victory monument-saphankwai) (fixed),13.779703_100.544576_zqErU6fJ5e5ZF9EYi_EmkQ_289_2024-11.jpg,SAFE,None,2.34,2.34,0.0
phahon yothin rd (victory monument-saphankwai) (fixed),13.779746_100.544591_wcKLXTr5HpfDnfVhkXx45w_290_2024-11.jpg,SAFE,None,0.0,0.0,0.0
phahon yothin rd (victory monument-saphankwai) (fixed),13.779772_100.544732_B34cLStO2sL-m99vZNhS4g_108_2024-11.jpg,SAFE,None,1.49,1.49,0.0
phahon yothin rd (victory monument-saphankwai) (fixed),13.779856_100.544634_N8ulQfgSg7p47YwqJ6ehFg_289_2024-11.jpg,SAFE,None,1.12,1.12,0.0
phahon yothin rd (victory monument-saphankwai) (fixed),13.779899_100.544780_2Al5vS4b7KITWk_0xKUxNQ_108_2024-11.jpg,SAFE,None,0.85,0.85,0.0
phahon yothin rd (victory monument-saphankwai) (fixed),13.779939_100.544662_hsAXeBtZLOaxJ76hkFXxLQ_289_2024-11.jpg,SAFE,None,0.0,0.0,0.0
phahon yothin rd (victory monument-saphankwai) (fixed),13.779943_100.544796_4juMlmbXaLVGwhxvGg1G8w_108_2024-11.jpg,SAFE,None,1.64,1.64,0.0
phahon yothin rd (victory monument-saphankwai) (fixed),13.780027_100.544693_DUABA5szTMhO5w6viSCDCA_289_2024-11.jpg,SAFE,None,0.0,0.0,0.0
phahon yothin rd (victory monument-saphankwai) (fixed),13.780029_100.544825_yi5LVy73zYDWFIK-QzCNXg_108_2024-11.jpg,SAFE,None,0.0,0.0,0.0
phahon yothin rd (victory monument-saphankwai) (fixed),13.780115_100.544724_ifhLa_gOwSbX3CDTwDT1Pg_289_2024-11.jpg,SAFE,None,1.0,1.0,0.0
phahon yothin rd (victory monument-saphankwai) (fixed),13.780116_100.544857_JX6fcEdAyhV6UeNQ4nHL-A_108_2024-11.jpg,SAFE,None,0.0,0.0,0.0
phahon yothin rd (victory monument-saphankwai) (fixed),13.780204_100.544888_qF3pP-WiyAMPyNABxmxRmQ_108_2024-11.jpg,SAFE,None,8.79,8.79,0.0
phahon yothin rd (victory monument-saphankwai) (fixed),13.780205_100.544757_XpETIc3lBkGxYN0-Thogzg_289_2024-11.jpg,SAFE,None,5.86,5.86,0.0
phahon yothin rd (victory monument-saphankwai) (fixed),13.780284_100.544930_lnT8CVttj96o2KeRH_ZW0A_108_2024-11.jpg,SAFE,None,1.56,1.56,0.0
phahon yothin rd (victory monument-saphankwai) (fixed),13.780290_100.544787_mi9kkEsmkQWzqT_UmrTyrQ_289_2024-11.jpg,SAFE,None,10.32,10.32,0.0
phahon yothin rd (victory monument-saphankwai) (fixed),13.780373_100.544817_hT-v5A_J8lQdi1tlD6c5OA_289_2024-11.jpg,SAFE,None,6.25,6.25,0.0
phahon yothin rd (victory monument-saphankwai) (fixed),13.780378_100.544951_IpXRMecQAT0At4u7Ubk39w_109_2024-11.jpg,SAFE,None,12.41,12.41,0.0
phahon yothin rd (victory monument-saphankwai) (fixed),13.780461_100.544999_b7ID5LRL9CjVYL57WaU5gQ_109_2024-11.jpg,SAFE,None,0.0,0.0,0.0
phahon yothin rd (victory monument-saphankwai) (fixed),13.780499_100.544861_DHpLTSZWnW1nnBOdmYD-Cg_289_2024-11.jpg,SAFE,None,0.0,0.0,0.0
phahon yothin rd (victory monument-saphankwai) (fixed),13.780551_100.545031_BrcIwI2klfQ2lN89yOnfMQ_111_2024-11.jpg,SAFE,None,2.48,2.48,0.0
phahon yothin rd (victory monument-saphankwai) (fixed),13.780585_100.544888_k4X5otrwZ93KB83SkAB1ow_289_2024-11.jpg,SAFE,None,3.0,3.0,0.0
phahon yothin rd (victory monument-saphankwai) (fixed),13.780642_100.545045_8pvO7wMFb23tjWtDXika0A_111_2024-11.jpg,SAFE,None,5.04,5.04,0.0
phahon yothin rd (victory monument-saphankwai) (fixed),13.780670_100.544912_-Md3qW623b-MaOdE3L9oNw_289_2024-11.jpg,SAFE,None,0.0,0.0,0.0
phahon yothin rd (victory monument-saphankwai) (fixed),13.780729_100.545075_P5eSI2iD6qMSr1YcyIvRNw_108_2024-11.jpg,SAFE,None,0.0,0.0,0.0
phahon yothin rd (victory monument-saphankwai) (fixed),13.780903_100.545139_rxR9lAIgAW0yj8ZznDRvrw_109_2024-11.jpg,SAFE,None,5.49,5.49,0.0
phahon yothin rd (victory monument-saphankwai) (fixed),13.780926_100.544952_-VE9MURfF7srouAyMWoygA_289_2024-11.jpg,SAFE,None,0.0,0.0,0.0
phahon yothin rd (victory monument-saphankwai) (fixed),13.781003_100.545014__citOp6Be4BFE39LC6RCJw_289_2024-11.jpg,SAFE,None,17.68,10.14,7.54
phahon yothin rd (victory monument-saphankwai) (fixed),13.781008_100.545206_0kSdcBVcBdX5ZJYm5qqyYQ_109_2024-11.jpg,SAFE,None,18.0,5.94,12.06
phahon yothin rd (victory monument-saphankwai) (fixed),13.781090_100.545238_Id2iElTJkxrI_mfPPW1FcQ_109_2024-11.jpg,SAFE,None,5.19,5.19,0.0
phahon yothin rd (victory monument-saphankwai) (fixed),13.781139_100.545064_IEOuEspkZftUPMO_v7V8Og_289_2024-11.jpg,SAFE,None,2.78,2.78,0.0
phahon yothin rd (victory monument-saphankwai) (fixed),13.781175_100.545267_iVivrVzKuXFM-BivHS29KA_109_2024-11.jpg,SAFE,None,0.49,0.49,0.0
phahon yothin rd (victory monument-saphankwai) (fixed),13.781227_100.545097_zK045rIN_PNA1CyzimvjHA_289_2024-11.jpg,SAFE,None,11.21,11.21,0.0
phahon yothin rd (victory monument-saphankwai) (fixed),13.781260_100.545300_2lgwxHIVKjYMXvIuktxHuA_109_2024-11.jpg,SAFE,None,0.0,0.0,0.0
phahon yothin rd (victory monument-saphankwai) (fixed),13.781314_100.545128_hgWmo5fHr30wQ7Fc1IX5Yw_289_2024-11.jpg,SAFE,None,2.0,2.0,0.0
phahon yothin rd (victory monument-saphankwai) (fixed),13.781345_100.545330_7O_j5tHbFqCYgBF58qsyyg_108_2024-11.jpg,SAFE,None,0.0,0.0,0.0
phahon yothin rd (victory monument-saphankwai) (fixed),13.781401_100.545158_7Cj72UZbhlZdIAGBSp2Xow_289_2024-11.jpg,SAFE,None,10.68,10.68,0.0
phahon yothin rd (victory monument-saphankwai) (fixed),13.781431_100.545360_XCU9HjX3B28pYswmrcHDKg_108_2024-11.jpg,SAFE,None,0.0,0.0,0.0
phahon yothin rd (victory monument-saphankwai) (fixed),13.781488_100.545187_Q7i0Dk9OTx2-bN0oIutFLw_289_2024-11.jpg,SAFE,None,9.02,9.02,0.0
phahon yothin rd (victory monument-saphankwai) (fixed),13.781518_100.545390_P_ITpbIzDUS2EWqqRJ7Tkw_109_2024-11.jpg,SAFE,None,1.81,1.81,0.0
phahon yothin rd (victory monument-saphankwai) (fixed),13.781576_100.545217_XznzfvCR3BgKHrykQlHFrg_289_2024-11.jpg,SAFE,None,0.0,0.0,0.0
phahon yothin rd (victory monument-saphankwai) (fixed),13.781605_100.545420_LoMNBgbYWvomm8njkEbBPA_109_2024-11.jpg,SAFE,None,12.84,12.84,0.0
phahon yothin rd (victory monument-saphankwai) (fixed),13.781661_100.545248_lHYDs-TGl2waMsqE9XIVWw_289_2024-11.jpg,SAFE,None,5.78,5.78,0.0
phahon yothin rd (victory monument-saphankwai) (fixed),13.781690_100.545452_z8wevBXIaW35-P1qiNPq8A_109_2024-11.jpg,SAFE,None,2.59,2.59,0.0
phahon yothin rd (victory monument-saphankwai) (fixed),13.781747_100.545278_GE3TuKFyF9ZI0pJpR_owjA_289_2024-11.jpg,SAFE,None,0.0,0.0,0.0
phahon yothin rd (victory monument-saphankwai) (fixed),13.781776_100.545484_96ssnLXYeOGYTFry1V5rbw_109_2024-11.jpg,SAFE,None,15.09,15.09,0.0
phahon yothin rd (victory monument-saphankwai) (fixed),13.781834_100.545309_NNRFJGOguuvLQRw9zIGmpg_289_2024-11.jpg,SAFE,None,7.77,7.77,0.0
phahon yothin rd (victory monument-saphankwai) (fixed),13.781862_100.545515_nTzs5Bx_SEow618TuPwWLQ_109_2024-11.jpg,WARNING,OBSTACLE,23.77,23.77,0.0
phahon yothin rd (victory monument-saphankwai) (fixed),13.781921_100.545341_-1mbGONZbYQ34S5U5Qarbw_289_2024-11.jpg,SAFE,None,1.09,1.09,0.0
phahon yothin rd (victory monument-saphankwai) (fixed),13.781947_100.545545_xciQxIQxjPZR2Q4u6-koEg_110_2024-11.jpg,WARNING,OBSTACLE,28.32,28.32,0.0
phahon yothin rd (victory monument-saphankwai) (fixed),13.782009_100.545373_5MDjPDoQnw9vInrZAM782A_289_2024-11.jpg,SAFE,None,0.0,0.0,0.0
phahon yothin rd (victory monument-saphankwai) (fixed),13.782033_100.545573_2IploD-yK7Vcs_SfY1acug_111_2024-11.jpg,SAFE,None,13.68,13.68,0.0
phahon yothin rd (victory monument-saphankwai) (fixed),13.782096_100.545405_D18AKyd2-7WlIaiwQmb0Jg_289_2024-11.jpg,SAFE,None,0.0,0.0,0.0
phahon yothin rd (victory monument-saphankwai) (fixed),13.782120_100.545602_rXYWZJLOAK_oV189_3wkGg_111_2024-11.jpg,SAFE,None,0.92,0.92,0.0
phahon yothin rd (victory monument-saphankwai) (fixed),13.782183_100.545437_N5YNtK7a04gwPL9jNbeAHw_289_2024-11.jpg,SAFE,None,0.92,0.92,0.0
phahon yothin rd (victory monument-saphankwai) (fixed),13.782209_100.545631_xLweH4xU3i2PbLIlivl9zw_109_2024-11.jpg,SAFE,None,0.0,0.0,0.0
phahon yothin rd (victory monument-saphankwai) (fixed),13.782209_100.545631_xLweH4xU3i2PbLIlivl9zw_111_2024-11.jpg,SAFE,None,0.0,0.0,0.0
phahon yothin rd (victory monument-saphankwai) (fixed),13.782270_100.545469_YYvmQLQZNIoWQyN2Qcd_dg_289_2024-11.jpg,SAFE,None,3.69,3.69,0.0
phahon yothin rd (victory monument-saphankwai) (fixed),13.782297_100.545659_PuC8rFCaI0o7UINdlWReHw_109_2024-11.jpg,SAFE,None,2.34,2.34,0.0
phahon yothin rd (victory monument-saphankwai) (fixed),13.782357_100.545501_0313wUFTdOos3hxCgzJNig_289_2024-11.jpg,SAFE,None,3.2,3.2,0.0
phahon yothin rd (victory monument-saphankwai) (fixed),13.782384_100.545687_IlbdqwLgUOAkQkEI5bSCcw_109_2024-11.jpg,SAFE,None,0.72,0.72,0.0
phahon yothin rd (victory monument-saphankwai) (fixed),13.782444_100.545533_1euCwX2rpqa0MiiqGFEauQ_289_2024-11.jpg,SAFE,None,1.77,1.77,0.0
phahon yothin rd (victory monument-saphankwai) (fixed),13.782475_100.545716_Ons0c-jq-pPVnzlv7jC4Qw_109_2024-11.jpg,SAFE,None,2.63,2.63,0.0
phahon yothin rd (victory monument-saphankwai) (fixed),13.782531_100.545564_e3BWQHrbK_qhUWeMWR5ngA_289_2024-11.jpg,SAFE,None,11.07,11.07,0.0
phahon yothin rd (victory monument-saphankwai) (fixed),13.782571_100.545746_3niyo4xvvi6m8lX14YvTVw_109_2024-11.jpg,SAFE,None,0.76,0.76,0.0
phahon yothin rd (victory monument-saphankwai) (fixed),13.782618_100.545595_q8SvBlVgU-M0wreCmtfjUg_289_2024-11.jpg,SAFE,None,0.0,0.0,0.0
phahon yothin rd (victory monument-saphankwai) (fixed),13.782662_100.545776_nXab7Ks-LUrnUZJoz40Izg_109_2024-11.jpg,SAFE,None,0.0,0.0,0.0
phahon yothin rd (victory monument-saphankwai) (fixed),13.782705_100.545626_bwRYxmg_9beM54Uu55p4Pg_289_2024-11.jpg,SAFE,None,0.84,0.84,0.0
phahon yothin rd (victory monument-saphankwai) (fixed),13.782713_100.545799_5MXzJm5a7SrcRbyDydNInA_111_2024-11.jpg,SAFE,None,0.0,0.0,0.0
phahon yothin rd (victory monument-saphankwai) (fixed),13.782793_100.545657_Fn0JQXMOS-9eGEX5vreycg_289_2024-11.jpg,SAFE,None,0.0,0.0,0.0
phahon yothin rd (victory monument-saphankwai) (fixed),13.782799_100.545830_uq-bpz7cE422yyzE46QfVw_111_2024-11.jpg,SAFE,None,1.25,1.25,0.0
phahon yothin rd (victory monument-saphankwai) (fixed),13.782878_100.545688_dsAtecFfb6QckHS_0xIFIA_289_2024-11.jpg,SAFE,None,0.0,0.0,0.0
phahon yothin rd (victory monument-saphankwai) (fixed),13.782885_100.545861_eknviqkIsHn6qSZJiJzNxw_111_2024-11.jpg,SAFE,None,2.39,2.39,0.0
phahon yothin rd (victory monument-saphankwai) (fixed),13.782965_100.545719_RBiuTBl8XmuNmHRorTaegg_289_2024-11.jpg,SAFE,None,3.41,3.41,0.0
phahon yothin rd (victory monument-saphankwai) (fixed),13.782973_100.545894_G1eYICYmSiLpW_a1HC3pdg_110_2024-11.jpg,SAFE,None,1.27,1.27,0.0
phahon yothin rd (victory monument-saphankwai) (fixed),13.783052_100.545748_thE86NDj0Buxad4SAk88ug_289_2024-11.jpg,SAFE,None,1.24,1.24,0.0
phahon yothin rd (victory monument-saphankwai) (fixed),13.783057_100.545923_zc5x_Jy5I7D40wcq5HQeMw_109_2024-11.jpg,SAFE,None,0.56,0.56,0.0
phahon yothin rd (victory monument-saphankwai) (fixed),13.783138_100.545958_sficb7g19lcpszbRUIN03g_109_2024-11.jpg,SAFE,None,0.0,0.0,0.0
phahon yothin rd (victory monument-saphankwai) (fixed),13.783139_100.545780_7hc2iRY5LqIiunBPhc-Kbw_289_2024-11.jpg,SAFE,None,0.42,0.42,0.0
phahon yothin rd (victory monument-saphankwai) (fixed),13.783224_100.545811_kADz_aRphgsiE0iEw6b60Q_289_2024-11.jpg,SAFE,None,4.18,4.18,0.0
phahon yothin rd (victory monument-saphankwai) (fixed),13.783224_100.545997_AKtMEeA2lMrglFz5fEzsRg_109_2024-11.jpg,SAFE,None,1.52,1.52,0.0
phahon yothin rd (victory monument-saphankwai) (fixed),13.783310_100.546031_LnwHvL7sGVSnuMOCT6jm1A_109_2024-11.jpg,SAFE,None,1.4,1.4,0.0
phahon yothin rd (victory monument-saphankwai) (fixed),13.783311_100.545842_yoSr64KbkDT5pSXTBKystA_289_2024-11.jpg,WARNING,OBSTACLE,32.59,20.59,12.0
phahon yothin rd (victory monument-saphankwai) (fixed),13.783397_100.545874_Pw1gDoyWqxr8s-Ks6Nwf0g_288_2024-11.jpg,SAFE,None,0.0,0.0,0.0
phahon yothin rd (victory monument-saphankwai) (fixed),13.783413_100.546075_457VbjTdljdOPt9l-WehIg_108_2024-11.jpg,SAFE,None,0.0,0.0,0.0
phahon yothin rd (victory monument-saphankwai) (fixed),13.783483_100.545906_oHmtHYzYOHdnkkn7Guh_rg_288_2024-11.jpg,SAFE,None,7.17,7.17,0.0
phahon yothin rd (victory monument-saphankwai) (fixed),13.783570_100.545938_WArvCy38x3-30SBURLKyAw_288_2024-11.jpg,SAFE,None,16.98,16.98,0.0
phahon yothin rd (victory monument-saphankwai) (fixed),13.783574_100.546128_N_HSlmustvTLwC5xjm__RA_108_2024-11.jpg,SAFE,None,3.45,3.45,0.0
phahon yothin rd (victory monument-saphankwai) (fixed),13.783653_100.546159_t0J9WDswu9zIoxf_fLnNFg_109_2024-11.jpg,SAFE,None,0.67,0.67,0.0
phahon yothin rd (victory monument-saphankwai) (fixed),13.783737_100.546189_BIVZ7jJD0FWbY74_PtJ0NA_109_2024-11.jpg,SAFE,None,0.0,0.0,0.0
phahon yothin rd (victory monument-saphankwai) (fixed),13.783743_100.545999_k0YdjWc1t4b868KlhzmGUA_290_2024-11.jpg,SAFE,None,1.35,1.35,0.0
phahon yothin rd (victory monument-saphankwai) (fixed),13.783824_100.546220_C840gd6irjVzTVkb0ZVXaQ_109_2024-11.jpg,SAFE,None,1.64,1.64,0.0
phahon yothin rd (victory monument-saphankwai) (fixed),13.783830_100.546030_zXITuM6e03DDAhjchXYOpg_290_2024-11.jpg,CRITICAL,OBSTACLE,77.32,77.32,0.0
phahon yothin rd (victory monument-saphankwai) (fixed),13.783916_100.546058_3Ti00vDiibvcydiiHM5NIQ_290_2024-11.jpg,CRITICAL,OBSTACLE,47.23,47.23,0.0
phahon yothin rd (victory monument-saphankwai) (fixed),13.783995_100.546281_VwnPKo4MKOfwNsIYITIIbw_109_2024-11.jpg,SAFE,None,0.0,0.0,0.0
phahon yothin rd (victory monument-saphankwai) (fixed),13.784001_100.546089_ukpk6EepNjtGA4SHVRNAOQ_289_2024-11.jpg,SAFE,None,3.04,1.21,1.83
phahon yothin rd (victory monument-saphankwai) (fixed),13.784082_100.546314__9xyz4FoL8cRFsGOTksRRg_109_2024-11.jpg,SAFE,None,1.82,1.82,0.0
phahon yothin rd (victory monument-saphankwai) (fixed),13.784088_100.546119_QRyFbrPIkEYUQYB_KvU7aw_289_2024-11.jpg,SAFE,None,0.0,0.0,0.0
phahon yothin rd (victory monument-saphankwai) (fixed),13.784173_100.546151_2xW1jgEBC29QobmMf_0BGw_289_2024-11.jpg,SAFE,None,1.67,1.67,0.0
phahon yothin rd (victory monument-saphankwai) (fixed),13.784176_100.546347_9tsCS950bvFCU-PAcls0eA_109_2024-11.jpg,SAFE,None,0.0,0.0,0.0
phahon yothin rd (victory monument-saphankwai) (fixed),13.784259_100.546182_2yU8pTGYNg_mD-ehHeFf3Q_289_2024-11.jpg,SAFE,None,0.32,0.32,0.0
phahon yothin rd (victory monument-saphankwai) (fixed),13.784262_100.546377_EvA18Bm0ZYinPh6tzDUitQ_109_2024-11.jpg,CRITICAL,OBSTACLE,47.49,47.49,0.0
phahon yothin rd (victory monument-saphankwai) (fixed),13.784345_100.546213_Wd047vFkGxTltD9FuP32pg_289_2024-11.jpg,SAFE,None,0.52,0.52,0.0
phahon yothin rd (victory monument-saphankwai) (fixed),13.784346_100.546410_gBlZKG-wPMNLaAzzKEbYLw_109_2024-11.jpg,SAFE,None,2.31,2.31,0.0
phahon yothin rd (victory monument-saphankwai) (fixed),13.784432_100.546244_AYM7lV5zuvSiXjNIFSajHA_289_2024-11.jpg,SAFE,None,4.76,4.76,0.0
phahon yothin rd (victory monument-saphankwai) (fixed),13.784436_100.546442_5KqJ3-lT9TV2Nn__xeHfQQ_109_2024-11.jpg,SAFE,None,0.0,0.0,0.0
phahon yothin rd (victory monument-saphankwai) (fixed),13.784478_100.546458_PunWsSsy8WD5SUwgmPNvmQ_110_2024-11.jpg,SAFE,None,11.55,11.55,0.0
phahon yothin rd (victory monument-saphankwai) (fixed),13.784563_100.546290_vTkMiyGRPDSo3BB35J6wqA_290_2024-11.jpg,SAFE,None,0.0,0.0,0.0
phahon yothin rd (victory monument-saphankwai) (fixed),13.784563_100.546488_NA0ODliZB4WTBJaJUXKF4Q_110_2024-11.jpg,CRITICAL,OBSTACLE,51.23,51.23,0.0
phahon yothin rd (victory monument-saphankwai) (fixed),13.784647_100.546518_0eqQp2J-cCOW5hLA9gv7gA_110_2024-11.jpg,CRITICAL,OBSTACLE,45.88,45.88,0.0
phahon yothin rd (victory monument-saphankwai) (fixed),13.784650_100.546321_FElxg29Du-khIS9ojJQ2RQ_290_2024-11.jpg,SAFE,None,2.96,2.96,0.0
phahon yothin rd (victory monument-saphankwai) (fixed),13.784736_100.546550__a7GgOMUDHByiU4FMdjmsQ_109_2024-11.jpg,SAFE,None,0.66,0.66,0.0
phahon yothin rd (victory monument-saphankwai) (fixed),13.784737_100.546352_mUK-sWyNoH0s0m9cQ6c1aA_290_2024-11.jpg,SAFE,None,15.68,15.68,0.0
phahon yothin rd (victory monument-saphankwai) (fixed),13.784823_100.546383_1aFDDRnjPCilPcRBG1Rcwg_290_2024-11.jpg,SAFE,None,2.35,0.0,2.35
phahon yothin rd (victory monument-saphankwai) (fixed),13.784825_100.546572_PdDMjLMrk6rqxyHxAr_AfA_109_2024-11.jpg,SAFE,None,1.3,1.3,0.0
phahon yothin rd (victory monument-saphankwai) (fixed),13.784908_100.546413_OCG3PG_A4DXBAGIN1sa7RQ_290_2024-11.jpg,CRITICAL,OBSTACLE,43.35,43.35,0.0
phahon yothin rd (victory monument-saphankwai) (fixed),13.784984_100.546638_6XN-duQ-6-0vz7M1RmTHGA_109_2024-11.jpg,SAFE,None,3.72,3.72,0.0
phahon yothin rd (victory monument-saphankwai) (fixed),13.784995_100.546445_vmnhkRLb9hNikAnareUbEA_290_2024-11.jpg,SAFE,None,18.03,18.03,0.0
phahon yothin rd (victory monument-saphankwai) (fixed),13.785069_100.546669_dCpYn-pZKzrkpUD8zTaFGQ_109_2024-11.jpg,SAFE,None,1.57,1.57,0.0
phahon yothin rd (victory monument-saphankwai) (fixed),13.785082_100.546476_ralIUfufwyweCCCJOHgqqA_290_2024-11.jpg,CRITICAL,OBSTACLE,48.53,47.65,0.88
phahon yothin rd (victory monument-saphankwai) (fixed),13.785168_100.546508_Ra3IBUBUMonudkScOpAnLA_288_2024-11.jpg,SAFE,None,0.0,0.0,0.0
phahon yothin rd (victory monument-saphankwai) (fixed),13.785239_100.546731_QWDRpehLzLyIxPDsR8wGqg_111_2024-11.jpg,CRITICAL,OBSTACLE,39.2,39.2,0.0
phahon yothin rd (victory monument-saphankwai) (fixed),13.785255_100.546539_IsY-ivsR_K2d03WVxppVvQ_289_2024-11.jpg,SAFE,None,5.68,2.82,2.85
phahon yothin rd (victory monument-saphankwai) (fixed),13.785324_100.546762_97_9VTlZn32VeJ5U6oQ-EQ_111_2024-11.jpg,SAFE,None,0.0,0.0,0.0
phahon yothin rd (victory monument-saphankwai) (fixed),13.785340_100.546570_mOZLiZMoBPkw_iIdl5wHlw_289_2024-11.jpg,SAFE,None,0.68,0.68,0.0
phahon yothin rd (victory monument-saphankwai) (fixed),13.785411_100.546793_YvmQHwsI7_9bKGnSs7Nrug_111_2024-11.jpg,SAFE,None,0.0,0.0,0.0
phahon yothin rd (victory monument-saphankwai) (fixed),13.785426_100.546601_sw2sDe2QUC5hG2dAl1TMAw_289_2024-11.jpg,CRITICAL,BOTH,41.88,20.59,21.29
phahon yothin rd (victory monument-saphankwai) (fixed),13.785497_100.546824_NDHuD4Le2OikLiWzy3IHNg_111_2024-11.jpg,WARNING,OBSTACLE,27.2,27.2,0.0
phahon yothin rd (victory monument-saphankwai) (fixed),13.785512_100.546633_uocdah-tJlLH2z75-y3Upw_289_2024-11.jpg,SAFE,None,3.37,3.37,0.0
phahon yothin rd (victory monument-saphankwai) (fixed),13.785584_100.546855_ts1OQMlsFR89Xc_gzLM2xQ_111_2024-11.jpg,SAFE,None,4.42,4.42,0.0
phahon yothin rd (victory monument-saphankwai) (fixed),13.785598_100.546664_WeTlgQdYiV7LwGaEkMdfuA_289_2024-11.jpg,SAFE,None,0.0,0.0,0.0
phahon yothin rd (victory monument-saphankwai) (fixed),13.785673_100.546886_GcdpPDSjtHl93fT6PPSW_Q_109_2024-11.jpg,SAFE,None,0.0,0.0,0.0
phahon yothin rd (victory monument-saphankwai) (fixed),13.785684_100.546695_f30ZlfZgWw_RCCELykFmFg_289_2024-11.jpg,WARNING,OBSTACLE,27.62,27.62,0.0
phahon yothin rd (victory monument-saphankwai) (fixed),13.785761_100.546917_2RlbJ7dkknoicvG_rMXFtA_109_2024-11.jpg,SAFE,None,1.12,1.12,0.0
phahon yothin rd (victory monument-saphankwai) (fixed),13.785770_100.546726__V__pBKPjJA0g8QscRGR0w_289_2024-11.jpg,SAFE,None,2.24,2.24,0.0
phahon yothin rd (victory monument-saphankwai) (fixed),13.785847_100.546947_RdsNGvcXll3UaR4eLdE9bg_109_2024-11.jpg,SAFE,None,0.45,0.45,0.0
phahon yothin rd (victory monument-saphankwai) (fixed),13.785857_100.546757_XqafJNflgVcNAsAa4_Xu6w_289_2024-11.jpg,SAFE,None,3.02,3.02,0.0
phahon yothin rd (victory monument-saphankwai) (fixed),13.785933_100.546978_t1jESPl1146YqytomKNQvA_109_2024-11.jpg,CRITICAL,BOTH,210.66,29.38,181.28
phahon yothin rd (victory monument-saphankwai) (fixed),13.785942_100.546789_3yfMIt52SedMwcmmKFc5ng_289_2024-11.jpg,WARNING,OBSTACLE,24.33,24.33,0.0
phahon yothin rd (victory monument-saphankwai) (fixed),13.786018_100.547010_6iv_1J5bdDK_oBjrnKm_kg_109_2024-11.jpg,SAFE,None,0.0,0.0,0.0
phahon yothin rd (victory monument-saphankwai) (fixed),13.786029_100.546820_NhUrcrLQKOWo5wNJM_ppxQ_289_2024-11.jpg,SAFE,None,1.0,1.0,0.0
phahon yothin rd (victory monument-saphankwai) (fixed),13.786104_100.547040_Ggs0Yv1D-qlmLQPF52kQ7A_109_2024-11.jpg,SAFE,None,1.41,1.41,0.0
phahon yothin rd (victory monument-saphankwai) (fixed),13.786190_100.547070_sv6F4Plu6W_CMd4Em1fF3A_109_2024-11.jpg,SAFE,None,1.8,1.8,0.0
phahon yothin rd (victory monument-saphankwai) (fixed),13.786245_100.546897_OD6Y1kOX-l0wTMo76YKV2A_288_2024-11.jpg,SAFE,None,1.14,1.14,0.0
phahon yothin rd (victory monument-saphankwai) (fixed),13.786276_100.547101_JVCGDSHipPsdw6EH5F7Cdg_109_2024-11.jpg,SAFE,None,0.0,0.0,0.0
phahon yothin rd (victory monument-saphankwai) (fixed),13.786329_100.546927_PAyJDt0nH-1OUvY_1ZiC6A_288_2024-11.jpg,SAFE,None,1.11,1.11,0.0
phahon yothin rd (victory monument-saphankwai) (fixed),13.786364_100.547131_g9gnWYhvoSUPIvFNi48Sow_109_2024-11.jpg,SAFE,None,6.65,6.65,0.0
phahon yothin rd (victory monument-saphankwai) (fixed),13.786409_100.546957_BI9dp3jAwdN3Meyt1_HFHA_288_2024-11.jpg,SAFE,None,3.28,3.28,0.0
phahon yothin rd (victory monument-saphankwai) (fixed),13.786451_100.547162_BDNZtBnunGOwU4D9FnzIgQ_109_2024-11.jpg,SAFE,None,0.38,0.38,0.0
phahon yothin rd (victory monument-saphankwai) (fixed),13.786495_100.546988_dRMRXDDdqyK_9NATi3-YdQ_288_2024-11.jpg,SAFE,None,0.0,0.0,0.0
phahon yothin rd (victory monument-saphankwai) (fixed),13.786538_100.547194_XEI_nwm_sBTTHStISXsd7Q_109_2024-11.jpg,SAFE,None,6.45,6.45,0.0
phahon yothin rd (victory monument-saphankwai) (fixed),13.786584_100.547020_fHMf3H2EwfSQSyxa2KUnJA_288_2024-11.jpg,SAFE,None,0.95,0.95,0.0
phahon yothin rd (victory monument-saphankwai) (fixed),13.786625_100.547225_cLwnQ8o2naDe4uSFnc_BHg_109_2024-11.jpg,SAFE,None,0.0,0.0,0.0
phahon yothin rd (victory monument-saphankwai) (fixed),13.786671_100.547052_OFrn8RXzXVA92_mM_2lmMw_288_2024-11.jpg,SAFE,None,2.74,2.74,0.0
phahon yothin rd (victory monument-saphankwai) (fixed),13.786713_100.547256_dJa21SH2Lky5ZogExYf01Q_109_2024-11.jpg,SAFE,None,7.2,7.2,0.0
phahon yothin rd (victory monument-saphankwai) (fixed),13.786758_100.547082_pO_6rh3Q_mpXajZyXPkayQ_288_2024-11.jpg,SAFE,None,1.6,1.6,0.0
phahon yothin rd (victory monument-saphankwai) (fixed),13.786803_100.547289_ydJLLWd3S5bzus5Q4lJXkg_109_2024-11.jpg,SAFE,None,0.0,0.0,0.0
phahon yothin rd (victory monument-saphankwai) (fixed),13.786844_100.547114_-dxwiliFKzfgfwnb3X9YKQ_288_2024-11.jpg,SAFE,None,0.5,0.5,0.0
phahon yothin rd (victory monument-saphankwai) (fixed),13.786890_100.547321_FmSV0gkmH_4qCNvJlQdktQ_109_2024-11.jpg,WARNING,OBSTACLE,20.72,20.72,0.0
phahon yothin rd (victory monument-saphankwai) (fixed),13.786935_100.547147_NxUEBqlgaWxru5UPKW2l7g_288_2024-11.jpg,SAFE,None,0.73,0.73,0.0
phahon yothin rd (victory monument-saphankwai) (fixed),13.787025_100.547178_kHsTIBxw85rll-0O5KGB9w_290_2024-11.jpg,SAFE,None,0.0,0.0,0.0
phahon yothin rd (victory monument-saphankwai) (fixed),13.787113_100.547209_wewVSvqquMJwW2xXozcrQQ_290_2024-11.jpg,SAFE,None,7.02,7.02,0.0
phahon yothin rd (victory monument-saphankwai) (fixed),13.787121_100.547406_Cl4GztGeAf16w5iINBZc6w_109_2024-11.jpg,SAFE,None,14.69,14.69,0.0
phahon yothin rd (victory monument-saphankwai) (fixed),13.787201_100.547238_CuCDCBt16Hi2qD_h7UIp8Q_290_2024-11.jpg,SAFE,None,0.0,0.0,0.0
phahon yothin rd (victory monument-saphankwai) (fixed),13.787287_100.547464_tbxkrn3parE_Dn3jrNtdzA_109_2024-11.jpg,WARNING,OBSTACLE,20.08,20.08,0.0
phahon yothin rd (victory monument-saphankwai) (fixed),13.787289_100.547269_ni1MtFCzAfleKU7f9ChG_w_290_2024-11.jpg,SAFE,None,1.32,1.32,0.0
phahon yothin rd (victory monument-saphankwai) (fixed),13.787368_100.547494_L3OQaXbKJBYXI8Q0mzpqFQ_109_2024-11.jpg,WARNING,OBSTACLE,23.19,23.19,0.0
phahon yothin rd (victory monument-saphankwai) (fixed),13.787375_100.547300_D6AOwRwsBw3UcBKyIRJNNw_290_2024-11.jpg,SAFE,None,1.47,1.47,0.0
phahon yothin rd (victory monument-saphankwai) (fixed),13.787453_100.547524_nNKI23XSfjH_K8aLmtj_xg_109_2024-11.jpg,SAFE,None,0.0,0.0,0.0
phahon yothin rd (victory monument-saphankwai) (fixed),13.787460_100.547331_JSdM1RxQqoS9zfiSbhd0Yg_290_2024-11.jpg,SAFE,None,0.0,0.0,0.0
phahon yothin rd (victory monument-saphankwai) (fixed),13.787539_100.547556_Z25Ybts0or9UUwLliosvdQ_109_2024-11.jpg,WARNING,OBSTACLE,24.73,24.73,0.0
phahon yothin rd (victory monument-saphankwai) (fixed),13.787545_100.547363_Ezfn-V9z0Ykz-lS3iaLNKQ_290_2024-11.jpg,SAFE,None,3.04,3.04,0.0
phahon yothin rd (victory monument-saphankwai) (fixed),13.787627_100.547588_r0EP1JyUpZuqR7tpPeSjMA_109_2024-11.jpg,SAFE,None,0.0,0.0,0.0
phahon yothin rd (victory monument-saphankwai) (fixed),13.787634_100.547394_OrSZYUzHJ9qcUh5SfRu6HQ_290_2024-11.jpg,SAFE,None,1.54,1.54,0.0
phahon yothin rd (victory monument-saphankwai) (fixed),13.787721_100.547426_Cx7a_NmfoFnnRwUvlgn0Gg_290_2024-11.jpg,SAFE,None,1.02,1.02,0.0
phahon yothin rd (victory monument-saphankwai) (fixed),13.787801_100.547648_-2Ik-YJ8nFfvap_daw8bPg_109_2024-11.jpg,SAFE,None,2.97,2.97,0.0
phahon yothin rd (victory monument-saphankwai) (fixed),13.787808_100.547457_RDWX4XhFRAi7CtZeBODbBA_290_2024-11.jpg,SAFE,None,0.43,0.43,0.0
phahon yothin rd (victory monument-saphankwai) (fixed),13.787894_100.547488_dy1TZC5TtFLSXrBmWhku2w_290_2024-11.jpg,SAFE,None,0.0,0.0,0.0
phahon yothin rd (victory monument-saphankwai) (fixed),13.787896_100.547683_WVBWIJopeFfbb0ofe9_qzA_110_2024-11.jpg,SAFE,None,0.97,0.97,0.0
phahon yothin rd (victory monument-saphankwai) (fixed),13.787936_100.547504_62aG6OqC_tAyHTr-H4JcMw_289_2024-11.jpg,SAFE,None,1.54,1.54,0.0
phahon yothin rd (victory monument-saphankwai) (fixed),13.787982_100.547716_LRDLmBS9Oid3taEg65XCEg_111_2024-11.jpg,WARNING,OBSTACLE,21.0,21.0,0.0
phahon yothin rd (victory monument-saphankwai) (fixed),13.788021_100.547535_VF4h9pUDrsBOrAQrZSkAsA_289_2024-11.jpg,SAFE,None,9.88,9.88,0.0
phahon yothin rd (victory monument-saphankwai) (fixed),13.788081_100.547753_PdlIhAZXQqRA9Gqtplc7xw_109_2024-11.jpg,SAFE,None,0.0,0.0,0.0
phahon yothin rd (victory monument-saphankwai) (fixed),13.788105_100.547567_3kGWiy86njuA6liCvYHMbQ_289_2024-11.jpg,SAFE,None,14.6,14.6,0.0
phahon yothin rd (victory monument-saphankwai) (fixed),13.788188_100.547793_WsG0RF0nrDxS7yNPQ-cRng_109_2024-11.jpg,SAFE,None,17.28,17.28,0.0
phahon yothin rd (victory monument-saphankwai) (fixed),13.788189_100.547596_lXhALJqRgf4JKUHkwr_XMw_289_2024-11.jpg,CRITICAL,OBSTACLE,36.28,36.28,0.0
phahon yothin rd (victory monument-saphankwai) (fixed),13.788272_100.547626_SCJ3a_emaaFl-o9Znmb08g_289_2024-11.jpg,SAFE,None,2.12,2.12,0.0
phahon yothin rd (victory monument-saphankwai) (fixed),13.788273_100.547823_rNJ-Cu30eiFxNFf1wFxUbw_109_2024-11.jpg,SAFE,None,1.14,1.14,0.0
phahon yothin rd (victory monument-saphankwai) (fixed),13.788356_100.547654_7LTtj_QVtybTTC4P8vuszg_289_2024-11.jpg,SAFE,None,2.91,2.91,0.0
phahon yothin rd (victory monument-saphankwai) (fixed),13.788361_100.547854_WwliOyJTR710vkBji0qZYw_109_2024-11.jpg,CRITICAL,OBSTACLE,115.7,115.7,0.0
phahon yothin rd (victory monument-saphankwai) (fixed),13.788444_100.547685_PrKV3MQsJgf_22w4mLivxA_289_2024-11.jpg,SAFE,None,0.36,0.36,0.0
phahon yothin rd (victory monument-saphankwai) (fixed),13.788449_100.547885_69R40o0YOxFwMUVh4ZYPig_109_2024-11.jpg,SAFE,None,0.0,0.0,0.0
phahon yothin rd (victory monument-saphankwai) (fixed),13.788532_100.547716_3lBlYyqLnsuqHXbjm1AKYg_289_2024-11.jpg,SAFE,None,0.53,0.53,0.0
phahon yothin rd (victory monument-saphankwai) (fixed),13.788537_100.547916_JdykZGYAxAmi4ix4P_QuCQ_109_2024-11.jpg,SAFE,None,3.1,3.1,0.0
phahon yothin rd (victory monument-saphankwai) (fixed),13.788619_100.547748_3AI-JDK_Elo4SJrUsniYbg_289_2024-11.jpg,SAFE,None,0.0,0.0,0.0
phahon yothin rd (victory monument-saphankwai) (fixed),13.788625_100.547948_2Blse0Q7MaPkrNCniRiUOg_109_2024-11.jpg,SAFE,None,0.88,0.88,0.0
phahon yothin rd (victory monument-saphankwai) (fixed),13.788704_100.547780_Ei2pObLm38zQZqFaNlXNsQ_289_2024-11.jpg,SAFE,None,2.26,1.13,1.13
phahon yothin rd (victory monument-saphankwai) (fixed),13.788711_100.547979_kqzAVwU5qxQJWdgWdQlPLQ_110_2024-11.jpg,SAFE,None,0.0,0.0,0.0
phahon yothin rd (victory monument-saphankwai) (fixed),13.788780_100.547809_n3NhMyBUAWPw15cm5_NLLA_289_2024-11.jpg,SAFE,None,0.0,0.0,0.0
phahon yothin rd (victory monument-saphankwai) (fixed),13.788798_100.548011_b_yHg4LNwUpXfoooP5gu9Q_113_2024-11.jpg,SAFE,None,0.0,0.0,0.0
phahon yothin rd (victory monument-saphankwai) (fixed),13.788891_100.548044_qr5RY7chIP02ynLp86gV5w_109_2024-11.jpg,SAFE,None,0.0,0.0,0.0
phahon yothin rd (victory monument-saphankwai) (fixed),13.788905_100.547855_xo6Vxvp9E8AT5S2JsgXWnA_289_2024-11.jpg,SAFE,None,0.0,0.0,0.0
phahon yothin rd (victory monument-saphankwai) (fixed),13.788950_100.547871_69pgTVbkRhNhndSNSsuarQ_288_2024-11.jpg,SAFE,None,0.0,0.0,0.0
phahon yothin rd (victory monument-saphankwai) (fixed),13.788972_100.548071_XG6RfYR2NEBZMjoXMoJh7w_109_2024-11.jpg,SAFE,None,10.8,10.8,0.0
phahon yothin rd (victory monument-saphankwai) (fixed),13.789036_100.547903_OeBW2bdJwaAv-k4OPrOnIQ_288_2024-11.jpg,CRITICAL,OBSTACLE,47.91,47.91,0.0
phahon yothin rd (victory monument-saphankwai) (fixed),13.789059_100.548103_mvzk489xsY_xpTrOo5bnSA_109_2024-11.jpg,SAFE,None,2.79,2.79,0.0
phahon yothin rd (victory monument-saphankwai) (fixed),13.789123_100.547935_qtqgi5b_sNjCQfpacvNAbQ_290_2024-11.jpg,SAFE,None,1.92,1.92,0.0
phahon yothin rd (victory monument-saphankwai) (fixed),13.789154_100.548136_806DoxzAF-gXyxSEq5SJHw_109_2024-11.jpg,WARNING,OBSTACLE,24.69,24.69,0.0
phahon yothin rd (victory monument-saphankwai) (fixed),13.789211_100.547967_IKs8Jt2JbeJgBqN5N1eozg_290_2024-11.jpg,SAFE,None,3.1,3.1,0.0
phahon yothin rd (victory monument-saphankwai) (fixed),13.789238_100.548166_KpbL5qLHB-GEM2ftYgvGIA_109_2024-11.jpg,SAFE,None,14.52,14.52,0.0
phahon yothin rd (victory monument-saphankwai) (fixed),13.789301_100.547999_WjY0vkMDYkNFaVcdJY54zA_290_2024-11.jpg,WARNING,OBSTACLE,34.19,34.19,0.0
phahon yothin rd (victory monument-saphankwai) (fixed),13.789320_100.548198_qmH-_wiwGTJ5Ys1o7BTusg_109_2024-11.jpg,SAFE,None,0.99,0.99,0.0
phahon yothin rd (victory monument-saphankwai) (fixed),13.789388_100.548031_ilWtgbt36r1wiIkJAnG1CA_290_2024-11.jpg,SAFE,None,4.74,4.74,0.0
phahon yothin rd (victory monument-saphankwai) (fixed),13.789399_100.548198_w3ow6DU7vnaacjmB0fzYxg_109_2024-11.jpg,SAFE,None,0.0,0.0,0.0
phahon yothin rd (victory monument-saphankwai) (fixed),13.789474_100.548062_EhlT5b1YJVuf8rnFHduQDQ_290_2024-11.jpg,SAFE,None,1.51,1.51,0.0
phahon yothin rd (victory monument-saphankwai) (fixed),13.789479_100.548227_nj749p8JLDaiS-6HM5CiLg_110_2024-11.jpg,SAFE,None,0.0,0.0,0.0
phahon yothin rd (victory monument-saphankwai) (fixed),13.789523_100.548243_4U6V-rPA2XAXA5BGsP2k7w_110_2024-11.jpg,SAFE,None,5.02,5.02,0.0
phahon yothin rd (victory monument-saphankwai) (fixed),13.789557_100.548093_bLW5WSXAgsl1M7UY1xBncg_290_2024-11.jpg,SAFE,None,1.14,1.14,0.0
phahon yothin rd (victory monument-saphankwai) (fixed),13.789611_100.548275_SaASQCtDQSPruLElRnsIxw_108_2024-11.jpg,SAFE,None,1.34,1.34,0.0
phahon yothin rd (victory monument-saphankwai) (fixed),13.789685_100.548123_75rxJXGLnfA37r3AR4-8qg_290_2024-11.jpg,SAFE,None,0.2,0.2,0.0
prasertmanukitch(kaset-lad pla kao) (fixed),13.839510_100.575643_gU_I76C8xengSWH7h_GYQg_149_2024-11.jpg,SAFE,None,0.78,0.78,0.0
prasertmanukitch(kaset-lad pla kao) (fixed),13.839534_100.575734_f5PrzBp50edBlRiurBe79Q_163_2024-11.jpg,SAFE,None,0.0,0.0,0.0
prasertmanukitch(kaset-lad pla kao) (fixed),13.839548_100.575824_Kt5Y0lNEny3-mq9TDypisw_167_2024-11.jpg,SAFE,None,0.0,0.0,0.0
prasertmanukitch(kaset-lad pla kao) (fixed),13.839565_100.575922_I_-SrZIO9csxnPTvP24GYw_163_2024-11.jpg,SAFE,None,1.86,1.86,0.0
prasertmanukitch(kaset-lad pla kao) (fixed),13.839592_100.576057_c5DrwOZ6ygbZqfgo6xMA-g_164_2024-11.jpg,SAFE,None,0.0,0.0,0.0
prasertmanukitch(kaset-lad pla kao) (fixed),13.839613_100.576144_h-qitpevJavPVa-_8DKcxA_164_2024-11.jpg,SAFE,None,2.21,2.21,0.0
prasertmanukitch(kaset-lad pla kao) (fixed),13.839613_100.576144_h-qitpevJavPVa-_8DKcxA_166_2024-11.jpg,SAFE,None,0.8,0.8,0.0
prasertmanukitch(kaset-lad pla kao) (fixed),13.839638_100.576242_GueiniKR6ZjPkHSG3Mxe6g_166_2024-11.jpg,SAFE,None,0.84,0.84,0.0
prasertmanukitch(kaset-lad pla kao) (fixed),13.839661_100.576336_8Xtrlsooji_MQZ2xyatnZg_166_2024-11.jpg,SAFE,None,2.05,2.05,0.0
prasertmanukitch(kaset-lad pla kao) (fixed),13.839683_100.576429_1sX1FWbIR4NrhLVb0Y0ZqQ_166_2024-11.jpg,SAFE,None,0.0,0.0,0.0
prasertmanukitch(kaset-lad pla kao) (fixed),13.839712_100.576529_VZUt2X-CALaAhS0TsOVOEA_166_2024-11.jpg,SAFE,None,2.46,2.46,0.0
prasertmanukitch(kaset-lad pla kao) (fixed),13.839737_100.576618_h3UH_NBtrKPK7c_04D8KtA_166_2024-11.jpg,SAFE,None,1.91,1.91,0.0
prasertmanukitch(kaset-lad pla kao) (fixed),13.839762_100.576715_lE0XtMdCGoxHcBEgz7Z6NQ_166_2024-11.jpg,SAFE,None,0.0,0.0,0.0
prasertmanukitch(kaset-lad pla kao) (fixed),13.839788_100.576823_uz2u1VchFIvzJqOLIdaUVw_166_2024-11.jpg,SAFE,None,1.11,1.11,0.0
prasertmanukitch(kaset-lad pla kao) (fixed),13.839809_100.576914_d1Sf4HNLNoBYjAaVEnWjLA_166_2024-11.jpg,SAFE,None,0.0,0.0,0.0
prasertmanukitch(kaset-lad pla kao) (fixed),13.839831_100.577005_yUS8d7Wh7Rs-zztB2ZMw0w_166_2024-11.jpg,SAFE,None,0.0,0.0,0.0
prasertmanukitch(kaset-lad pla kao) (fixed),13.839852_100.577097_7qQoYkGvXqsdX5vspVwygw_166_2024-11.jpg,SAFE,None,0.0,0.0,0.0
prasertmanukitch(kaset-lad pla kao) (fixed),13.839876_100.577198_wQGa-Q29ZmcWUsceKQxOaw_166_2024-11.jpg,SAFE,None,0.66,0.66,0.0
prasertmanukitch(kaset-lad pla kao) (fixed),13.839909_100.577338_yj6t-toli9qfUPP5yqzr1A_168_2024-11.jpg,SAFE,None,0.27,0.27,0.0
prasertmanukitch(kaset-lad pla kao) (fixed),13.839929_100.577424_ntDfbYkICbSN7kXuZwQ7LA_168_2024-11.jpg,SAFE,None,0.0,0.0,0.0
prasertmanukitch(kaset-lad pla kao) (fixed),13.839978_100.577647_QfkvBKwp9oKS0am27_btDw_168_2024-11.jpg,SAFE,None,0.0,0.0,0.0
prasertmanukitch(kaset-lad pla kao) (fixed),13.839996_100.577737_SIrtGGIuF88gJsCb370-Aw_168_2024-11.jpg,SAFE,None,5.78,5.78,0.0
prasertmanukitch(kaset-lad pla kao) (fixed),13.840013_100.577829_g-m6bgA_EmPfW1-Z2oZX_A_168_2024-11.jpg,SAFE,None,0.8,0.8,0.0
prasertmanukitch(kaset-lad pla kao) (fixed),13.840024_100.576312_y_Al1Vjo4zSimG2hheoYFg_350_2024-11.jpg,SAFE,None,0.0,0.0,0.0
prasertmanukitch(kaset-lad pla kao) (fixed),13.840031_100.577920_nYtAZ2U3BFrrY-MO5O-okg_168_2024-11.jpg,SAFE,None,0.0,0.0,0.0
prasertmanukitch(kaset-lad pla kao) (fixed),13.840043_100.576409_b9ybEud4JmMJsZL-cNKaUQ_348_2024-11.jpg,SAFE,None,1.34,1.34,0.0
prasertmanukitch(kaset-lad pla kao) (fixed),13.840049_100.578012_XdbNb8HD61dUs4YYZm7sgw_168_2024-11.jpg,SAFE,None,0.0,0.0,0.0
prasertmanukitch(kaset-lad pla kao) (fixed),13.840067_100.578103_8NGG4BPOYsJ3JrC00K74GA_168_2024-11.jpg,SAFE,None,0.96,0.96,0.0
prasertmanukitch(kaset-lad pla kao) (fixed),13.840074_100.576548_EZhpgUvMllKzXqWhULX9fg_347_2024-11.jpg,SAFE,None,0.0,0.0,0.0
prasertmanukitch(kaset-lad pla kao) (fixed),13.840084_100.578194_GjkiLDcYvauIqWZ9RSTYfg_168_2024-11.jpg,SAFE,None,0.0,0.0,0.0
prasertmanukitch(kaset-lad pla kao) (fixed),13.840101_100.578286_Cq63NQIHFqOx6LUhdHicsA_169_2024-11.jpg,SAFE,None,0.0,0.0,0.0
prasertmanukitch(kaset-lad pla kao) (fixed),13.840106_100.576687_pCdn_XqjkfXPzLO7BNPk6g_347_2024-11.jpg,SAFE,None,0.0,0.0,0.0
prasertmanukitch(kaset-lad pla kao) (fixed),13.840118_100.578377_dO3Q1Nn-NyqjL3_c3p2TmQ_169_2024-11.jpg,SAFE,None,0.67,0.67,0.0
prasertmanukitch(kaset-lad pla kao) (fixed),13.840127_100.576779_boPW9w4ZNgPD3-vKl1giTg_347_2024-11.jpg,SAFE,None,1.01,1.01,0.0
prasertmanukitch(kaset-lad pla kao) (fixed),13.840135_100.578470_FzeNOafgj9_rV0AvCoEQ5Q_169_2024-11.jpg,SAFE,None,0.0,0.0,0.0
prasertmanukitch(kaset-lad pla kao) (fixed),13.840148_100.576871_32jG0b_iqQgYiqCq4Sufqg_347_2024-11.jpg,SAFE,None,0.0,0.0,0.0
prasertmanukitch(kaset-lad pla kao) (fixed),13.840154_100.578563__l1-q6YYkBXQmA0j_u-GZg_169_2024-11.jpg,SAFE,None,6.83,6.83,0.0
prasertmanukitch(kaset-lad pla kao) (fixed),13.840168_100.576963_b54hKK62DBr5Hp_H6TjEXw_347_2024-11.jpg,SAFE,None,0.0,0.0,0.0
prasertmanukitch(kaset-lad pla kao) (fixed),13.840172_100.578655_W0lot5Q0bPjmoPrm3UI-KA_169_2024-11.jpg,SAFE,None,0.0,0.0,0.0
prasertmanukitch(kaset-lad pla kao) (fixed),13.840181_100.577167_wepzIR68FimCHHrq8hDzTg_345_2024-11.jpg,SAFE,None,0.0,0.0,0.0
prasertmanukitch(kaset-lad pla kao) (fixed),13.840189_100.577054_kQ2HoZ7ENkEhInJbkrn6Lg_347_2024-11.jpg,SAFE,None,0.9,0.9,0.0
prasertmanukitch(kaset-lad pla kao) (fixed),13.840191_100.578747_Dh47VPr4_k-WMerX2BWRAA_169_2024-11.jpg,SAFE,None,0.0,0.0,0.0
prasertmanukitch(kaset-lad pla kao) (fixed),13.840212_100.578838_OFuxYlnmZjqxYRxqCxdZIQ_169_2024-11.jpg,SAFE,None,0.72,0.72,0.0
prasertmanukitch(kaset-lad pla kao) (fixed),13.840229_100.577239_QVdrLYTNEJojpgUVrtSa3g_348_2024-11.jpg,SAFE,None,1.24,1.24,0.0
prasertmanukitch(kaset-lad pla kao) (fixed),13.840231_100.578929_v9x2IKZxkX03rFp5IKYJVA_169_2024-11.jpg,SAFE,None,1.17,1.17,0.0
prasertmanukitch(kaset-lad pla kao) (fixed),13.840246_100.579022_Y9p0SuLnyz2Ujacnflqaxg_168_2024-11.jpg,SAFE,None,0.0,0.0,0.0
prasertmanukitch(kaset-lad pla kao) (fixed),13.840248_100.577331_Z1xDlp15cYR6W4qlpe_Xnw_348_2024-11.jpg,SAFE,None,0.0,0.0,0.0
prasertmanukitch(kaset-lad pla kao) (fixed),13.840264_100.579113_JPKWoAkssJktPwWY-tEYBQ_168_2024-11.jpg,SAFE,None,1.9,1.9,0.0
prasertmanukitch(kaset-lad pla kao) (fixed),13.840268_100.577423_m6RpmSaAM2sYkqO1oqF5Qw_348_2024-11.jpg,SAFE,None,0.0,0.0,0.0
prasertmanukitch(kaset-lad pla kao) (fixed),13.840285_100.579204_BXTtvSOJ2wdDvju3N8VkUQ_168_2024-11.jpg,SAFE,None,1.63,1.63,0.0
prasertmanukitch(kaset-lad pla kao) (fixed),13.840287_100.577515_xQs_U83cG0ni9jGRIY-I_A_348_2024-11.jpg,SAFE,None,1.12,1.12,0.0
prasertmanukitch(kaset-lad pla kao) (fixed),13.840301_100.579298_-nLOOnnAB_4dBc11FHYTQw_168_2024-11.jpg,SAFE,None,0.0,0.0,0.0
prasertmanukitch(kaset-lad pla kao) (fixed),13.840306_100.577607_OXUPWSneKRDcXeUEStWEvA_348_2024-11.jpg,SAFE,None,0.0,0.0,0.0
prasertmanukitch(kaset-lad pla kao) (fixed),13.840312_100.579393_SnVYq6gv6Le2DfmPP0rI5g_168_2024-11.jpg,SAFE,None,0.99,0.99,0.0
prasertmanukitch(kaset-lad pla kao) (fixed),13.840324_100.577701_fHdrG5FK68Buj4zp6K6SZA_349_2024-11.jpg,CRITICAL,SURFACE DAMAGE,54.46,0.0,54.46
prasertmanukitch(kaset-lad pla kao) (fixed),13.840324_100.579488_vV-hh2A2z2-2Wg15ShXcWg_168_2024-11.jpg,SAFE,None,2.99,2.99,0.0
prasertmanukitch(kaset-lad pla kao) (fixed),13.840336_100.579584_JBlk6xNaL9ZjSomAwwid1Q_168_2024-11.jpg,SAFE,None,0.0,0.0,0.0
prasertmanukitch(kaset-lad pla kao) (fixed),13.840341_100.577793_oAwWOcc2DRa5fTrviMgvSg_349_2024-11.jpg,SAFE,None,1.51,1.51,0.0
prasertmanukitch(kaset-lad pla kao) (fixed),13.840354_100.579731_rXavPiRo6ZpCerQ9F2edmg_174_2024-11.jpg,SAFE,None,2.75,2.75,0.0
prasertmanukitch(kaset-lad pla kao) (fixed),13.840358_100.577885_Bh0KKi6bX5R8jWW_BsPKcA_350_2024-11.jpg,SAFE,None,0.0,0.0,0.0
prasertmanukitch(kaset-lad pla kao) (fixed),13.840368_100.579835_SnjMQfzQS0QNJy4hQ90fXQ_174_2024-11.jpg,SAFE,None,2.73,2.73,0.0
prasertmanukitch(kaset-lad pla kao) (fixed),13.840373_100.577979_dTVogwbBtk4q59hwRwXSzQ_350_2024-11.jpg,SAFE,None,0.88,0.88,0.0
prasertmanukitch(kaset-lad pla kao) (fixed),13.840386_100.580059_7lM97w69xho8P0M1rkE2gw_175_2024-11.jpg,SAFE,None,10.28,10.28,0.0
prasertmanukitch(kaset-lad pla kao) (fixed),13.840389_100.578072_6XSLFY9u2esj3rMMt_OmWQ_351_2024-11.jpg,SAFE,None,1.06,1.06,0.0
prasertmanukitch(kaset-lad pla kao) (fixed),13.840395_100.580147_iWwJnwccrB3YzAaXMGEUPw_175_2024-11.jpg,SAFE,None,2.3,2.3,0.0
prasertmanukitch(kaset-lad pla kao) (fixed),13.840403_100.580237_g7sR7WiwbFoe0FDnnr9H0A_175_2024-11.jpg,SAFE,None,7.44,7.44,0.0
prasertmanukitch(kaset-lad pla kao) (fixed),13.840404_100.578165_U4x-P6-Zy0S863IHLeKOMg_351_2024-11.jpg,SAFE,None,0.44,0.44,0.0
prasertmanukitch(kaset-lad pla kao) (fixed),13.840409_100.580330_U3J4IJ6c320Bhbpj5BFzOQ_175_2024-11.jpg,SAFE,None,7.44,7.44,0.0
prasertmanukitch(kaset-lad pla kao) (fixed),13.840416_100.580423_Up5oYPf9zuM4qphCfidZEQ_177_2024-11.jpg,SAFE,None,6.03,6.03,0.0
prasertmanukitch(kaset-lad pla kao) (fixed),13.840419_100.578259_nRGjf2fTi-ofhu-3yU-Qbg_351_2024-11.jpg,SAFE,None,0.0,0.0,0.0
prasertmanukitch(kaset-lad pla kao) (fixed),13.840425_100.580517_Xs-h-ZZt12LDgovW8u40zQ_177_2024-11.jpg,SAFE,None,1.16,1.16,0.0
prasertmanukitch(kaset-lad pla kao) (fixed),13.840428_100.580613_tY0SksQb_XpJnD7v98IWbQ_178_2024-11.jpg,SAFE,None,0.72,0.72,0.0
prasertmanukitch(kaset-lad pla kao) (fixed),13.840433_100.578352_lxXX3QzQMxj9zR43shXWJg_351_2024-11.jpg,CRITICAL,OBSTACLE,35.57,35.57,0.0
prasertmanukitch(kaset-lad pla kao) (fixed),13.840434_100.580707_7LuZ32kNe7nn8ymD2_rIgA_178_2024-11.jpg,SAFE,None,11.6,11.6,0.0
prasertmanukitch(kaset-lad pla kao) (fixed),13.840439_100.580801_wxHMJlsDh52MzBDSNNn6Ww_178_2024-11.jpg,SAFE,None,11.91,11.91,0.0
prasertmanukitch(kaset-lad pla kao) (fixed),13.840443_100.580894_yugVfNfcTJhNZZ1sYlxgLw_179_2024-11.jpg,SAFE,None,12.76,12.76,0.0
prasertmanukitch(kaset-lad pla kao) (fixed),13.840447_100.580987_vcwGXCY1qJfXAh8ORvremQ_179_2024-11.jpg,SAFE,None,1.95,1.95,0.0
prasertmanukitch(kaset-lad pla kao) (fixed),13.840448_100.578445_fR-TlRP2kT3QPjt2OcpEdA_351_2024-11.jpg,SAFE,None,0.0,0.0,0.0
prasertmanukitch(kaset-lad pla kao) (fixed),13.840449_100.581084_X-5dLqh1f3EoiByWVOuCkA_179_2024-11.jpg,SAFE,None,0.35,0.35,0.0
prasertmanukitch(kaset-lad pla kao) (fixed),13.840451_100.581183_H4EZkW09HYus2Jq7zuUiAw_179_2024-11.jpg,SAFE,None,6.2,6.2,0.0
prasertmanukitch(kaset-lad pla kao) (fixed),13.840453_100.581287_j9E3ndFAAi7JvOyo4hxbDQ_179_2024-11.jpg,SAFE,None,2.83,2.83,0.0
prasertmanukitch(kaset-lad pla kao) (fixed),13.840461_100.581386_l4Dpmil_D92lsn9JxfuvQg_179_2024-11.jpg,SAFE,None,0.0,0.0,0.0
prasertmanukitch(kaset-lad pla kao) (fixed),13.840465_100.581469_A2k3aPqDC98Y5LusnCmLEA_179_2024-11.jpg,SAFE,None,9.59,0.69,8.9
prasertmanukitch(kaset-lad pla kao) (fixed),13.840465_100.581558_WtYLaNbjG802AVnM3zSLsw_179_2024-11.jpg,SAFE,None,10.55,10.55,0.0
prasertmanukitch(kaset-lad pla kao) (fixed),13.840468_100.578586_qyjie3GmOsn2sYmLpQw6lw_352_2024-11.jpg,SAFE,None,0.0,0.0,0.0
prasertmanukitch(kaset-lad pla kao) (fixed),13.840468_100.581739_qlixXEAb6uJlnIKjPG2Kdg_179_2024-11.jpg,SAFE,None,2.38,0.17,2.22
prasertmanukitch(kaset-lad pla kao) (fixed),13.840469_100.581647_NYO7_wCbo6H2AiIbCas4EA_179_2024-11.jpg,SAFE,None,6.19,6.19,0.0
prasertmanukitch(kaset-lad pla kao) (fixed),13.840472_100.581832_yjWHlxvOKoK71SSbdeeorA_179_2024-11.jpg,SAFE,None,5.51,5.51,0.0
prasertmanukitch(kaset-lad pla kao) (fixed),13.840473_100.581925_zDBS0mUHtOLsZjCHPhlyKA_179_2024-11.jpg,SAFE,None,6.84,0.0,6.84
prasertmanukitch(kaset-lad pla kao) (fixed),13.840473_100.582018_AdVW7GFMeOylunzS23--RQ_179_2024-11.jpg,SAFE,None,3.37,3.37,0.0
prasertmanukitch(kaset-lad pla kao) (fixed),13.840473_100.582258_5H56EvYbgR5JlUT0r_HdiQ_179_2024-11.jpg,SAFE,None,0.0,0.0,0.0
prasertmanukitch(kaset-lad pla kao) (fixed),13.840474_100.582537_k6RNelgFNR_VgNJSE3QYVw_179_2024-11.jpg,SAFE,None,18.6,18.6,0.0
prasertmanukitch(kaset-lad pla kao) (fixed),13.840474_100.582630_s8gZbcQlKUa6ANkkXg7G7w_179_2024-11.jpg,SAFE,None,0.29,0.29,0.0
prasertmanukitch(kaset-lad pla kao) (fixed),13.840474_100.582723_HAJ0rORlJ1FJt8wV0MkyIw_179_2024-11.jpg,SAFE,None,11.35,11.35,0.0
prasertmanukitch(kaset-lad pla kao) (fixed),13.840475_100.578632_TEykSkhGxQkNz77RKH-2ew_352_2024-11.jpg,SAFE,None,0.0,0.0,0.0
prasertmanukitch(kaset-lad pla kao) (fixed),13.840475_100.582114_D1S_g2D2jYkJk94m_AmPMA_179_2024-11.jpg,SAFE,None,0.0,0.0,0.0
prasertmanukitch(kaset-lad pla kao) (fixed),13.840475_100.582371_i_29Co-HnKSgvMMrTPhf3A_179_2024-11.jpg,SAFE,None,8.97,8.97,0.0
prasertmanukitch(kaset-lad pla kao) (fixed),13.840475_100.582460_aJZVpXYQPXzQfYfb3qa2ZQ_179_2024-11.jpg,SAFE,None,9.93,9.93,0.0
prasertmanukitch(kaset-lad pla kao) (fixed),13.840475_100.582908_rpK2mPAvh0QTbCYi6eqa9A_179_2024-11.jpg,SAFE,None,4.24,0.66,3.59
prasertmanukitch(kaset-lad pla kao) (fixed),13.840476_100.582815_ZZz4OKKMDwbBzUBD5_Lbdg_179_2024-11.jpg,SAFE,None,0.84,0.84,0.0
prasertmanukitch(kaset-lad pla kao) (fixed),13.840478_100.583001_rfMgJpzNdygTmLAT6fUgIQ_179_2024-11.jpg,SAFE,None,2.28,2.28,0.0
prasertmanukitch(kaset-lad pla kao) (fixed),13.840481_100.583094_RkGEwbl0cYeb_luy82g8tg_179_2024-11.jpg,SAFE,None,0.87,0.87,0.0
prasertmanukitch(kaset-lad pla kao) (fixed),13.840486_100.583187_O8ohaGJUos_EmVXxtHtPow_179_2024-11.jpg,WARNING,SURFACE DAMAGE,21.4,0.58,20.82
prasertmanukitch(kaset-lad pla kao) (fixed),13.840487_100.583282_V0FVy5uIsASFrtRIbkstXg_179_2024-11.jpg,SAFE,None,11.22,11.22,0.0
prasertmanukitch(kaset-lad pla kao) (fixed),13.840489_100.578726_M7C_pm-6Uzh2sAEWjTK36Q_352_2024-11.jpg,SAFE,None,1.0,1.0,0.0
prasertmanukitch(kaset-lad pla kao) (fixed),13.840490_100.583376_3vPvatwxyZMVJGMIco03Dw_179_2024-11.jpg,SAFE,None,18.17,18.17,0.0
prasertmanukitch(kaset-lad pla kao) (fixed),13.840494_100.583469_6WxhGOUa0cCjAT1ICyJwRg_179_2024-11.jpg,SAFE,None,3.77,3.77,0.0
prasertmanukitch(kaset-lad pla kao) (fixed),13.840494_100.583562_GqFZkUYoAbJsRaOl1T8IwA_179_2024-11.jpg,SAFE,None,5.36,5.36,0.0
prasertmanukitch(kaset-lad pla kao) (fixed),13.840495_100.583655_zVyeoS8Yhx2odmu3RUTAPA_179_2024-11.jpg,SAFE,None,15.45,15.45,0.0
prasertmanukitch(kaset-lad pla kao) (fixed),13.840496_100.583750_wFhpWHr1Rdk3rm6QT_wyYg_179_2024-11.jpg,SAFE,None,2.43,2.43,0.0
prasertmanukitch(kaset-lad pla kao) (fixed),13.840497_100.583844_8Y70vMzwUvuFtcRw0YVBLQ_179_2024-11.jpg,SAFE,None,2.84,2.84,0.0
prasertmanukitch(kaset-lad pla kao) (fixed),13.840498_100.583939_SYIEVuRuYTM7ZoydS9rpFw_179_2024-11.jpg,SAFE,None,3.88,3.88,0.0
prasertmanukitch(kaset-lad pla kao) (fixed),13.840499_100.584046_WkFHLL_68sK5OHqW6sGglw_179_2024-11.jpg,SAFE,None,0.0,0.0,0.0
prasertmanukitch(kaset-lad pla kao) (fixed),13.840501_100.578819_x93kxEjOlO6tnnotKmChqQ_352_2024-11.jpg,SAFE,None,0.0,0.0,0.0
prasertmanukitch(kaset-lad pla kao) (fixed),13.840503_100.584139_IkkQjiXUmuI-AsZ4GknTCQ_179_2024-11.jpg,SAFE,None,7.43,0.3,7.13
prasertmanukitch(kaset-lad pla kao) (fixed),13.840506_100.584233_UuYDut3q3sm0YsqConzmrg_177_2024-11.jpg,SAFE,None,1.07,1.07,0.0
prasertmanukitch(kaset-lad pla kao) (fixed),13.840510_100.584327_LMQAhAmGz7CVl7Orel7A3Q_177_2024-11.jpg,SAFE,None,1.99,1.99,0.0
prasertmanukitch(kaset-lad pla kao) (fixed),13.840511_100.578913_ih69a47jOoHHeRqYMKlGiQ_352_2024-11.jpg,SAFE,None,0.0,0.0,0.0
prasertmanukitch(kaset-lad pla kao) (fixed),13.840516_100.584420_LTHjcBhOL4WilhL1G6h_mA_177_2024-11.jpg,SAFE,None,0.95,0.95,0.0
prasertmanukitch(kaset-lad pla kao) (fixed),13.840521_100.584513_U46R9uqWmp2bPQBGzr6PyA_177_2024-11.jpg,SAFE,None,2.9,2.9,0.0
prasertmanukitch(kaset-lad pla kao) (fixed),13.840523_100.579006_CDNQ_ormvBxcnb_my-spiw_353_2024-11.jpg,SAFE,None,4.98,4.98,0.0
prasertmanukitch(kaset-lad pla kao) (fixed),13.840526_100.584606_7bFy7ovEd0KrXoj9VeGqXw_177_2024-11.jpg,WARNING,OBSTACLE,24.8,24.8,0.0
prasertmanukitch(kaset-lad pla kao) (fixed),13.840532_100.584699_vppjHintjenNB3XHlaFr0A_174_2024-11.jpg,SAFE,None,6.04,6.04,0.0
prasertmanukitch(kaset-lad pla kao) (fixed),13.840535_100.579587_Uu9BRL5QMi3Yjhu1c_aLDg_352_2025-04.jpg,SAFE,None,0.0,0.0,0.0
prasertmanukitch(kaset-lad pla kao) (fixed),13.840538_100.579099_NX2-DN8ldGBfNbJHuW4u_A_353_2024-11.jpg,SAFE,None,3.41,3.41,0.0
prasertmanukitch(kaset-lad pla kao) (fixed),13.840538_100.584793_oLzEnAPc7KfKbWEM1VIPUA_174_2024-11.jpg,SAFE,None,6.02,6.02,0.0
prasertmanukitch(kaset-lad pla kao) (fixed),13.840546_100.584886_Z7XdIfgixHKD-b-5s6Xvlw_174_2024-11.jpg,SAFE,None,1.47,1.47,0.0
prasertmanukitch(kaset-lad pla kao) (fixed),13.840547_100.579193_hMmI4bMnEKL6ZViuJw59aQ_353_2024-11.jpg,SAFE,None,2.21,2.21,0.0
prasertmanukitch(kaset-lad pla kao) (fixed),13.840548_100.579679_jR24x4nGVctUl5el4T_vBw_352_2025-04.jpg,SAFE,None,0.0,0.0,0.0
prasertmanukitch(kaset-lad pla kao) (fixed),13.840554_100.584981_YyMSt01a14fJo4LGg-vcPg_174_2024-11.jpg,SAFE,None,10.36,3.93,6.42
prasertmanukitch(kaset-lad pla kao) (fixed),13.840559_100.579773_oCYNcpf7MbKyX_KfmvFgIg_353_2025-04.jpg,SAFE,None,0.0,0.0,0.0
prasertmanukitch(kaset-lad pla kao) (fixed),13.840559_100.585073_rlBWoLW2cgkaSfaY7Kz3mA_174_2024-11.jpg,SAFE,None,1.96,1.96,0.0
prasertmanukitch(kaset-lad pla kao) (fixed),13.840562_100.579285_yrNGBIZ0_8NOHXyTqgU-Aw_353_2024-11.jpg,SAFE,None,1.01,1.01,0.0
prasertmanukitch(kaset-lad pla kao) (fixed),13.840567_100.585201_RpSZJewC2ZBAG4wM8nmTqw_174_2024-11.jpg,SAFE,None,0.45,0.45,0.0
prasertmanukitch(kaset-lad pla kao) (fixed),13.840570_100.579867_wyC7dztWGNv4FlkcJCN7cg_353_2025-04.jpg,SAFE,None,0.0,0.0,0.0
prasertmanukitch(kaset-lad pla kao) (fixed),13.840571_100.579379_KqPz1Jt3bx8xmLwmlkO0Zg_353_2024-11.jpg,SAFE,None,1.43,1.43,0.0
prasertmanukitch(kaset-lad pla kao) (fixed),13.840575_100.585296_HkaNG-V-r7OMsi_0oJXDnw_174_2024-11.jpg,SAFE,None,0.0,0.0,0.0
prasertmanukitch(kaset-lad pla kao) (fixed),13.840581_100.579961_AgwF5AgXFmb2kHDKsnk1DQ_353_2025-04.jpg,SAFE,None,0.0,0.0,0.0
prasertmanukitch(kaset-lad pla kao) (fixed),13.840585_100.579472_R8b4r7wV951hmD23EJluZg_353_2024-11.jpg,SAFE,None,1.75,1.75,0.0
prasertmanukitch(kaset-lad pla kao) (fixed),13.840585_100.585388_6NNUc1av0ThDhzRwpbYHFw_174_2024-11.jpg,SAFE,None,0.0,0.0,0.0
prasertmanukitch(kaset-lad pla kao) (fixed),13.840593_100.580054_445a7Wq7g20KZm7IEH3e6w_353_2025-04.jpg,SAFE,None,0.0,0.0,0.0
prasertmanukitch(kaset-lad pla kao) (fixed),13.840594_100.585482_7rhcxsEKZAnlR5GM50lreg_174_2024-11.jpg,WARNING,OBSTACLE,21.45,21.45,0.0
prasertmanukitch(kaset-lad pla kao) (fixed),13.840603_100.580146_0T2TQQzwo2cA-ECmTc8fNQ_354_2025-04.jpg,SAFE,None,0.0,0.0,0.0
prasertmanukitch(kaset-lad pla kao) (fixed),13.840604_100.585574_TVsb-OAUmFI0cGztJZR9Mg_174_2024-11.jpg,SAFE,None,12.12,9.48,2.64
prasertmanukitch(kaset-lad pla kao) (fixed),13.840612_100.580239_AHdUmt6Ng2uMaKKFbZVOeA_354_2025-04.jpg,SAFE,None,2.25,2.25,0.0
prasertmanukitch(kaset-lad pla kao) (fixed),13.840614_100.585665_HEf7gfmG4CGjIkQFJyhMNg_174_2024-11.jpg,SAFE,None,0.0,0.0,0.0
prasertmanukitch(kaset-lad pla kao) (fixed),13.840621_100.580332_dC3643-cKK6suCYpq8MuaQ_354_2025-04.jpg,SAFE,None,1.03,1.03,0.0
prasertmanukitch(kaset-lad pla kao) (fixed),13.840624_100.585759_q07dsvj32FC6teFnKY7KgA_174_2024-11.jpg,SAFE,None,0.0,0.0,0.0
prasertmanukitch(kaset-lad pla kao) (fixed),13.840630_100.580425_TRdNKfsGjhSigkIEpuWh9Q_355_2025-04.jpg,SAFE,None,0.51,0.51,0.0
prasertmanukitch(kaset-lad pla kao) (fixed),13.840636_100.585852_mHoLhx47B5B20vi3bXkVIA_174_2024-11.jpg,SAFE,None,0.8,0.8,0.0
prasertmanukitch(kaset-lad pla kao) (fixed),13.840638_100.580518_BWclEUv_QO03Zr8WJ6k55A_355_2025-04.jpg,SAFE,None,0.0,0.0,0.0
prasertmanukitch(kaset-lad pla kao) (fixed),13.840642_100.585899_Yqol4uvFP5xfi5zSPZ-khg_172_2024-11.jpg,SAFE,None,13.79,7.7,6.09
prasertmanukitch(kaset-lad pla kao) (fixed),13.840647_100.580611_AnuM8jZMO3DVmXtyHWhb_Q_355_2025-04.jpg,SAFE,None,0.17,0.17,0.0
prasertmanukitch(kaset-lad pla kao) (fixed),13.840655_100.580704_KB4vvT_Q1NiOyd97OuEo1g_355_2025-04.jpg,SAFE,None,1.74,1.74,0.0
prasertmanukitch(kaset-lad pla kao) (fixed),13.840655_100.585991_03OwBzxRDpD4ILDLLJYW4A_172_2024-11.jpg,SAFE,None,3.78,0.0,3.78
prasertmanukitch(kaset-lad pla kao) (fixed),13.840662_100.580798_vZGu_M9hdbGmkTx9H6Wzjg_356_2025-04.jpg,SAFE,None,1.25,1.25,0.0
prasertmanukitch(kaset-lad pla kao) (fixed),13.840668_100.586082_4lVn_7uRaF-P3mvrH4pbsg_172_2024-11.jpg,SAFE,None,8.05,8.05,0.0
prasertmanukitch(kaset-lad pla kao) (fixed),13.840670_100.580891_X8dN8yrEJQPsZeHQMtc1jA_356_2025-04.jpg,SAFE,None,2.04,2.04,0.0
prasertmanukitch(kaset-lad pla kao) (fixed),13.840672_100.586148_vwlqs1iq5Rog_47pl0JPpQ_171_2024-11.jpg,SAFE,None,1.85,1.85,0.0
prasertmanukitch(kaset-lad pla kao) (fixed),13.840679_100.581029_B-aXn8oY09qCgEijYgulWQ_357_2025-04.jpg,SAFE,None,4.28,4.28,0.0
prasertmanukitch(kaset-lad pla kao) (fixed),13.840686_100.581169_mftj-UlJmtRGyUq_EsORBQ_357_2025-04.jpg,SAFE,None,8.79,8.79,0.0
prasertmanukitch(kaset-lad pla kao) (fixed),13.840687_100.586242_Uf2xmz1DvRnFGn4VS17LYA_171_2024-11.jpg,SAFE,None,1.63,1.63,0.0
prasertmanukitch(kaset-lad pla kao) (fixed),13.840690_100.581264__oxUzyxQpVT2kF0WN0MDQg_358_2025-04.jpg,SAFE,None,1.88,1.88,0.0
prasertmanukitch(kaset-lad pla kao) (fixed),13.840693_100.581358_I2SUevoMrQ9HwGi5_Hf9kA_358_2025-04.jpg,SAFE,None,2.74,2.74,0.0
prasertmanukitch(kaset-lad pla kao) (fixed),13.840697_100.581497_dh7q5-8vK9OAikKaIqYtQA_359_2025-04.jpg,SAFE,None,0.56,0.56,0.0
prasertmanukitch(kaset-lad pla kao) (fixed),13.840698_100.581544_d4UsqDtUAarb2LfRQj6lUA_359_2025-04.jpg,SAFE,None,9.09,9.09,0.0
prasertmanukitch(kaset-lad pla kao) (fixed),13.840700_100.581638_hjDNPkZ1prCxtZjgxLdPEg_359_2025-04.jpg,SAFE,None,0.0,0.0,0.0
prasertmanukitch(kaset-lad pla kao) (fixed),13.840700_100.586334_OiRd1xp4fNirbPM-Qw_fHQ_171_2024-11.jpg,SAFE,None,7.13,7.13,0.0
prasertmanukitch(kaset-lad pla kao) (fixed),13.840702_100.581731_FyUrPiDpS9eFQQmVNCXlhA_359_2025-04.jpg,SAFE,None,7.1,7.1,0.0
prasertmanukitch(kaset-lad pla kao) (fixed),13.840703_100.581826_3adgK9-0ibB02baWoinF3A_359_2025-04.jpg,SAFE,None,0.0,0.0,0.0
prasertmanukitch(kaset-lad pla kao) (fixed),13.840706_100.581967_6I-72T7Uz_fmvcdMbIaIIA_359_2025-04.jpg,SAFE,None,6.09,6.09,0.0
prasertmanukitch(kaset-lad pla kao) (fixed),13.840706_100.582014_TEj48H5ZfUZzUoHnDIVOmg_359_2025-04.jpg,SAFE,None,3.01,3.01,0.0
prasertmanukitch(kaset-lad pla kao) (fixed),13.840707_100.582109_lDrmOd-TLp1s9s0x4u_YFw_359_2025-04.jpg,SAFE,None,0.37,0.37,0.0
prasertmanukitch(kaset-lad pla kao) (fixed),13.840708_100.582203_qhfrzxVCtnU4y0PyoXIIiA_359_2025-04.jpg,SAFE,None,5.39,5.39,0.0
prasertmanukitch(kaset-lad pla kao) (fixed),13.840709_100.582297_OSczxbI0PDxLz1L_nzzDbw_359_2025-04.jpg,SAFE,None,0.0,0.0,0.0
prasertmanukitch(kaset-lad pla kao) (fixed),13.840710_100.582391_kn5o3vug_5hkU0lmF1S37A_359_2025-04.jpg,SAFE,None,11.67,11.67,0.0
prasertmanukitch(kaset-lad pla kao) (fixed),13.840712_100.582484_LldPot4QckEEjU27Wue84A_359_2025-04.jpg,SAFE,None,0.0,0.0,0.0
prasertmanukitch(kaset-lad pla kao) (fixed),13.840714_100.582578_aLhpNOoHclVx2zSsW4YHIA_359_2025-04.jpg,SAFE,None,0.0,0.0,0.0
prasertmanukitch(kaset-lad pla kao) (fixed),13.840716_100.582672_age9ukfSdPd1YYpG0cf8Iw_359_2025-04.jpg,SAFE,None,4.24,4.24,0.0
prasertmanukitch(kaset-lad pla kao) (fixed),13.840716_100.586428_omvVR-tx7UktcNa7ONjTXQ_171_2024-11.jpg,SAFE,None,5.91,5.91,0.0
prasertmanukitch(kaset-lad pla kao) (fixed),13.840718_100.582767_n2tc1Fd1r2PnTskTc-75Cw_359_2025-04.jpg,SAFE,None,2.55,2.55,0.0
prasertmanukitch(kaset-lad pla kao) (fixed),13.840719_100.582860_aeWIoVpKs28NkCEs9fXdyQ_359_2025-04.jpg,SAFE,None,0.85,0.85,0.0
prasertmanukitch(kaset-lad pla kao) (fixed),13.840720_100.582955_Xp4s-PZARg7HwRiAcmDA3g_359_2025-04.jpg,SAFE,None,0.77,0.77,0.0
prasertmanukitch(kaset-lad pla kao) (fixed),13.840721_100.583048_RDgtZc9CCR9a6lY5lyB-5Q_359_2025-04.jpg,SAFE,None,2.96,2.96,0.0
prasertmanukitch(kaset-lad pla kao) (fixed),13.840722_100.583141_xblITMy9hRNwqVpzoetYYQ_359_2025-04.jpg,SAFE,None,1.87,1.87,0.0
prasertmanukitch(kaset-lad pla kao) (fixed),13.840723_100.583235_jLZoDdQeAGsBj4qJ28NrZQ_360_2025-04.jpg,SAFE,None,12.38,12.38,0.0
prasertmanukitch(kaset-lad pla kao) (fixed),13.840724_100.583330_XLHhu08f7Opb7P2hpLxSwg_359_2025-04.jpg,SAFE,None,4.32,4.32,0.0
prasertmanukitch(kaset-lad pla kao) (fixed),13.840725_100.583425_PdjCtst2JfQYRqA3HzozQw_359_2025-04.jpg,SAFE,None,0.0,0.0,0.0
prasertmanukitch(kaset-lad pla kao) (fixed),13.840725_100.583519_i8tdvea5tRtkYyToUBuEDQ_359_2025-04.jpg,SAFE,None,0.0,0.0,0.0
prasertmanukitch(kaset-lad pla kao) (fixed),13.840727_100.583659_mVyxokMEeDDB3i3lkAWZlA_359_2025-04.jpg,SAFE,None,3.56,3.56,0.0
prasertmanukitch(kaset-lad pla kao) (fixed),13.840728_100.583707_t-8xqob4yvIPWVGMxHqDNQ_359_2025-04.jpg,SAFE,None,0.0,0.0,0.0
prasertmanukitch(kaset-lad pla kao) (fixed),13.840729_100.583801_iBLP4rfN9PDTz84rx1n7xg_359_2025-04.jpg,SAFE,None,0.75,0.75,0.0
prasertmanukitch(kaset-lad pla kao) (fixed),13.840729_100.586519_BLbUVFjBezOfQ8l6G_CxlA_171_2024-11.jpg,SAFE,None,17.56,17.56,0.0
prasertmanukitch(kaset-lad pla kao) (fixed),13.840731_100.583895_eIa2L_2XgXZnVN1u-vWlkg_359_2025-04.jpg,SAFE,None,0.0,0.0,0.0
prasertmanukitch(kaset-lad pla kao) (fixed),13.840736_100.584036_jGzU7vpCtgtCULEWR9OFqQ_358_2025-04.jpg,SAFE,None,9.61,9.61,0.0
prasertmanukitch(kaset-lad pla kao) (fixed),13.840737_100.584084_Zw-D-t1T3wapW9A5U3nY1Q_358_2025-04.jpg,SAFE,None,5.04,5.04,0.0
prasertmanukitch(kaset-lad pla kao) (fixed),13.840740_100.584177_RouJvF80O8i8ZCnWFiiluQ_358_2025-04.jpg,SAFE,None,5.73,5.73,0.0
prasertmanukitch(kaset-lad pla kao) (fixed),13.840744_100.586610_aShwS_HsgtwaU_bsEB73cA_171_2024-11.jpg,SAFE,None,0.0,0.0,0.0
prasertmanukitch(kaset-lad pla kao) (fixed),13.840745_100.584317_cHSdB_NbxXEYwu-0soH0og_358_2025-04.jpg,SAFE,None,0.0,0.0,0.0
prasertmanukitch(kaset-lad pla kao) (fixed),13.840749_100.584410_m_Q5dvaQC8dUF0qWAkxWCg_357_2025-04.jpg,SAFE,None,10.93,10.93,0.0
prasertmanukitch(kaset-lad pla kao) (fixed),13.840755_100.584504_CvjAFgZaTNPI6V25hXt6Nw_356_2025-04.jpg,SAFE,None,6.89,1.99,4.9
prasertmanukitch(kaset-lad pla kao) (fixed),13.840760_100.586703_LXkjIf73lIjyw4A9rjfF3A_171_2024-11.jpg,SAFE,None,1.67,1.67,0.0
prasertmanukitch(kaset-lad pla kao) (fixed),13.840762_100.584597_Ws2DyPZUL0Chc85raFbo_w_355_2025-04.jpg,SAFE,None,9.14,9.14,0.0
prasertmanukitch(kaset-lad pla kao) (fixed),13.840771_100.584691_Et39VPYJlfft6qRER5Tb0g_354_2025-04.jpg,SAFE,None,2.9,2.9,0.0
prasertmanukitch(kaset-lad pla kao) (fixed),13.840776_100.586796_v6_p4Ny-U-npqGB8k4AcVQ_171_2024-11.jpg,SAFE,None,6.8,6.8,0.0
prasertmanukitch(kaset-lad pla kao) (fixed),13.840781_100.584784_s1DAlwYRBlqr8UluN0FYgw_354_2025-04.jpg,SAFE,None,8.87,8.87,0.0
prasertmanukitch(kaset-lad pla kao) (fixed),13.840790_100.584877_FcprJdW9kc0aSgliDE5Z1g_354_2025-04.jpg,SAFE,None,3.45,3.45,0.0
prasertmanukitch(kaset-lad pla kao) (fixed),13.840792_100.586889_MQZQBYk1CJBC--qiQJbjKw_171_2024-11.jpg,WARNING,OBSTACLE,22.93,22.93,0.0
prasertmanukitch(kaset-lad pla kao) (fixed),13.840799_100.584969_iWXR53rVrv16oduFcQns_A_355_2025-04.jpg,SAFE,None,0.36,0.36,0.0
prasertmanukitch(kaset-lad pla kao) (fixed),13.840807_100.586980_aF0nZtz2qzteBSWzN5oROg_171_2024-11.jpg,SAFE,None,6.71,6.71,0.0
prasertmanukitch(kaset-lad pla kao) (fixed),13.840808_100.585063_cG44-R0GNvFlLroZOqRp1w_355_2025-04.jpg,SAFE,None,0.81,0.81,0.0
prasertmanukitch(kaset-lad pla kao) (fixed),13.840821_100.585200_nOAMpxgwigVDaRxrYdn-2g_354_2025-04.jpg,SAFE,None,0.4,0.4,0.0
prasertmanukitch(kaset-lad pla kao) (fixed),13.840829_100.587097_hfINjEDAmFMZpPIK324M9A_171_2024-11.jpg,SAFE,None,1.89,1.89,0.0
prasertmanukitch(kaset-lad pla kao) (fixed),13.840831_100.585295_6k6LuQZOguZc9wJBBkoEUA_353_2025-04.jpg,SAFE,None,19.18,19.18,0.0
prasertmanukitch(kaset-lad pla kao) (fixed),13.840841_100.585386_Y0ja-j0dRoDthdtzZX3oew_354_2025-04.jpg,SAFE,None,16.95,16.95,0.0
prasertmanukitch(kaset-lad pla kao) (fixed),13.840842_100.587186_ATbWa-QPj3R34J0Sw6twKw_171_2024-11.jpg,SAFE,None,0.0,0.0,0.0
prasertmanukitch(kaset-lad pla kao) (fixed),13.840851_100.585479_15o_nS3O37_sNermBGNAqw_353_2025-04.jpg,SAFE,None,0.0,0.0,0.0
prasertmanukitch(kaset-lad pla kao) (fixed),13.840857_100.587277_SzxgMTjOPL10WaMY4oKqkQ_171_2024-11.jpg,SAFE,None,0.0,0.0,0.0
prasertmanukitch(kaset-lad pla kao) (fixed),13.840862_100.585572_blIhdEOSn3pOSpRyOz7b6A_353_2025-04.jpg,SAFE,None,0.0,0.0,0.0
prasertmanukitch(kaset-lad pla kao) (fixed),13.840872_100.587369_aO1DYxZNyTPzE3CKsjvnoA_171_2024-11.jpg,SAFE,None,0.0,0.0,0.0
prasertmanukitch(kaset-lad pla kao) (fixed),13.840873_100.585665__xHMcKV12S1xzIpVlzQ0Tg_353_2025-04.jpg,SAFE,None,0.0,0.0,0.0
prasertmanukitch(kaset-lad pla kao) (fixed),13.840884_100.585758_yQIq-ZCc68_KxdBNfQ4iaA_353_2025-04.jpg,SAFE,None,13.5,13.5,0.0
prasertmanukitch(kaset-lad pla kao) (fixed),13.840887_100.587462_51ALvNkvc_Th-3-aV4YybA_171_2024-11.jpg,WARNING,OBSTACLE,23.2,23.2,0.0
prasertmanukitch(kaset-lad pla kao) (fixed),13.840895_100.585855_ylIdN3XRc59Ze20ZKCtP9Q_354_2025-04.jpg,SAFE,None,8.09,8.09,0.0
prasertmanukitch(kaset-lad pla kao) (fixed),13.840903_100.587555_9AotrQ4UhsmaLZTWLyiSbg_171_2024-11.jpg,SAFE,None,0.0,0.0,0.0
prasertmanukitch(kaset-lad pla kao) (fixed),13.840904_100.585951_sptQW3ytZ22S-xN92xOynA_353_2025-04.jpg,SAFE,None,5.17,5.17,0.0
prasertmanukitch(kaset-lad pla kao) (fixed),13.840913_100.586045_-1woSCq8N2cYku0NvE0_Iw_353_2025-04.jpg,SAFE,None,2.65,2.65,0.0
prasertmanukitch(kaset-lad pla kao) (fixed),13.840918_100.587646_yQD8RgrCXruzU0Z9Z_FcAg_171_2024-11.jpg,SAFE,None,0.0,0.0,0.0
prasertmanukitch(kaset-lad pla kao) (fixed),13.840923_100.586136_ajJy-rEZF37HczXh86n17w_353_2025-04.jpg,SAFE,None,5.41,5.41,0.0
prasertmanukitch(kaset-lad pla kao) (fixed),13.840933_100.586231_IdyR2TxkxqZsYEN5UodIOw_353_2025-04.jpg,SAFE,None,7.54,7.54,0.0
prasertmanukitch(kaset-lad pla kao) (fixed),13.840934_100.587738_Xo59O4XOajzKakz9PUMZMg_171_2024-11.jpg,SAFE,None,0.0,0.0,0.0
prasertmanukitch(kaset-lad pla kao) (fixed),13.840945_100.586324_qHYHTzJLpcg1dLxBk5ciuw_349_2025-04.jpg,SAFE,None,0.0,0.0,0.0
prasertmanukitch(kaset-lad pla kao) (fixed),13.840949_100.587829_VbpmfWvtwRxyuevPEInZLQ_171_2024-11.jpg,SAFE,None,0.29,0.29,0.0
prasertmanukitch(kaset-lad pla kao) (fixed),13.840957_100.586418_PnwV7HhgXPsaxEyKbFuX_A_349_2025-04.jpg,SAFE,None,0.49,0.49,0.0
prasertmanukitch(kaset-lad pla kao) (fixed),13.840964_100.587921_tKoDfpZax2KJgxVqUjjQMw_171_2024-11.jpg,SAFE,None,0.0,0.0,0.0
prasertmanukitch(kaset-lad pla kao) (fixed),13.840970_100.586511_C9kkeTV2Sbrj5N07kjNRaQ_349_2025-04.jpg,SAFE,None,9.53,9.53,0.0
prasertmanukitch(kaset-lad pla kao) (fixed),13.840979_100.588014_Xsr59VzfvIJxJcGHuqusvw_171_2024-11.jpg,SAFE,None,0.0,0.0,0.0
prasertmanukitch(kaset-lad pla kao) (fixed),13.840983_100.586604_FIcH8n6GG0gpJqXVfQsEUg_349_2025-04.jpg,SAFE,None,6.85,6.85,0.0
prasertmanukitch(kaset-lad pla kao) (fixed),13.840994_100.588106__mikl430BPesUS_OXgsr-Q_171_2024-11.jpg,SAFE,None,0.0,0.0,0.0
prasertmanukitch(kaset-lad pla kao) (fixed),13.840998_100.586697_kyiBzSdVwtSYyFueWkXezQ_349_2025-04.jpg,SAFE,None,6.52,6.52,0.0
prasertmanukitch(kaset-lad pla kao) (fixed),13.841010_100.588198_Byqvd1c3N2JGGC2oWEQpFg_171_2024-11.jpg,SAFE,None,0.0,0.0,0.0
prasertmanukitch(kaset-lad pla kao) (fixed),13.841015_100.586790_xfVQzEBsLIZ8LNDGwQ8mYA_349_2025-04.jpg,SAFE,None,6.0,6.0,0.0
prasertmanukitch(kaset-lad pla kao) (fixed),13.841026_100.588289_s_RSeKBAZ_omzYX_o4hSUw_171_2024-11.jpg,SAFE,None,0.0,0.0,0.0
prasertmanukitch(kaset-lad pla kao) (fixed),13.841033_100.586881_fPDiSDiEZN95D3H-kUyutQ_349_2025-04.jpg,SAFE,None,1.99,1.99,0.0
prasertmanukitch(kaset-lad pla kao) (fixed),13.841043_100.588382_gKGtaKcBIvOaANJ8dsTPrA_169_2024-11.jpg,SAFE,None,1.96,1.96,0.0
prasertmanukitch(kaset-lad pla kao) (fixed),13.841050_100.586974_8vX2w9PuRD-16nFgGZJVAg_349_2025-04.jpg,SAFE,None,13.49,13.49,0.0
prasertmanukitch(kaset-lad pla kao) (fixed),13.841060_100.588474_1YGSSOeZSCczFCdorttIGA_169_2024-11.jpg,SAFE,None,0.0,0.0,0.0
prasertmanukitch(kaset-lad pla kao) (fixed),13.841076_100.588566_8CbOwmi-W5e9BF2GIBX-Nw_169_2024-11.jpg,SAFE,None,0.0,0.0,0.0
prasertmanukitch(kaset-lad pla kao) (fixed),13.841078_100.587110_7bD0OjFxJfY93MDGKC8R1Q_349_2025-04.jpg,SAFE,None,9.72,9.72,0.0
prasertmanukitch(kaset-lad pla kao) (fixed),13.841096_100.587202_YkQCk5BHziA9hJO65ltY2g_349_2025-04.jpg,SAFE,None,0.0,0.0,0.0
prasertmanukitch(kaset-lad pla kao) (fixed),13.841113_100.587295_pIfyrLVcNl2_ZRUd6TlIrQ_350_2025-04.jpg,SAFE,None,2.3,0.0,2.3
prasertmanukitch(kaset-lad pla kao) (fixed),13.841131_100.587388_qqM0g4eoPsA5kNvhzIBk7A_350_2025-04.jpg,SAFE,None,4.2,4.2,0.0
prasertmanukitch(kaset-lad pla kao) (fixed),13.841148_100.587479_OSgzI1I3-5W92SwamKcLfA_350_2025-04.jpg,SAFE,None,0.45,0.45,0.0
prasertmanukitch(kaset-lad pla kao) (fixed),13.841165_100.587573_fcxXSOb7irELpfT6EDzlew_350_2025-04.jpg,SAFE,None,1.19,1.19,0.0
prasertmanukitch(kaset-lad pla kao) (fixed),13.841183_100.587666_vYHOOwuWaiNs_Yh7qPTAfA_350_2025-04.jpg,SAFE,None,0.0,0.0,0.0
prasertmanukitch(kaset-lad pla kao) (fixed),13.841200_100.587758_QIKL1g8bF7EHSCvnTRVttA_350_2025-04.jpg,SAFE,None,0.3,0.3,0.0
prasertmanukitch(kaset-lad pla kao) (fixed),13.841217_100.587851_R5ypb0Dy3JUhoJshGVtATg_350_2025-04.jpg,SAFE,None,1.81,1.81,0.0
prasertmanukitch(kaset-lad pla kao) (fixed),13.841233_100.587943_RtDARY1I8nES2u-AVIBbMw_350_2025-04.jpg,SAFE,None,0.0,0.0,0.0
prasertmanukitch(kaset-lad pla kao) (fixed),13.841249_100.588035_YTAgw6KbcqDvfc5wgiHn7w_350_2025-04.jpg,SAFE,None,0.0,0.0,0.0
prasertmanukitch(kaset-lad pla kao) (fixed),13.841265_100.588128_78y-mcqqKsPKBwN9h0RViA_350_2025-04.jpg,SAFE,None,0.0,0.0,0.0
prasertmanukitch(kaset-lad pla kao) (fixed),13.841281_100.588220_Mce0CkZLplC2OgVnsISXzw_350_2025-04.jpg,SAFE,None,0.0,0.0,0.0
prasertmanukitch(kaset-lad pla kao) (fixed),13.841297_100.588313_aakjiIt59w1ES0ZGaurEtA_350_2025-04.jpg,SAFE,None,0.0,0.0,0.0
prasertmanukitch(kaset-lad pla kao) (fixed),13.841320_100.588453_nEchXsiss7sos4Ma11HYgA_350_2025-04.jpg,SAFE,None,0.0,0.0,0.0
prasertmanukitch(kaset-lad pla kao) (fixed),13.841570_100.594492_JZLgJi-hmsMu57vbS1plIQ_191_2024-11.jpg,WARNING,OBSTACLE,21.0,21.0,0.0
prasertmanukitch(kaset-lad pla kao) (fixed),13.841589_100.594398_BysbFZLy2GAW3PgoMQ25BA_191_2024-11.jpg,SAFE,None,18.47,18.47,0.0
prasertmanukitch(kaset-lad pla kao) (fixed),13.841610_100.594302_JNWzGjCFb6Rm7lh9fOwh2g_187_2024-11.jpg,SAFE,None,0.0,0.0,0.0
prasertmanukitch(kaset-lad pla kao) (fixed),13.841621_100.594208_uarA34IrxYFDbQAdTWz1uA_188_2024-11.jpg,SAFE,None,0.53,0.53,0.0
prasertmanukitch(kaset-lad pla kao) (fixed),13.841635_100.594070_LUo-uRxWKzQ_G7Ld9dFjCw_185_2024-11.jpg,SAFE,None,0.0,0.0,0.0
prasertmanukitch(kaset-lad pla kao) (fixed),13.841648_100.593978_wCpAGCBq3VRQzZ9G9J7k3A_185_2024-11.jpg,SAFE,None,0.67,0.67,0.0
prasertmanukitch(kaset-lad pla kao) (fixed),13.841652_100.593876_ImFk7gVybnVFnOxVtiK5tQ_183_2024-11.jpg,SAFE,None,0.0,0.0,0.0
prasertmanukitch(kaset-lad pla kao) (fixed),13.841652_100.593876_ImFk7gVybnVFnOxVtiK5tQ_185_2024-11.jpg,SAFE,None,0.0,0.0,0.0
prasertmanukitch(kaset-lad pla kao) (fixed),13.841663_100.593782_sRkGg1eZt7mi229JLQFoAQ_183_2024-11.jpg,SAFE,None,0.52,0.52,0.0
prasertmanukitch(kaset-lad pla kao) (fixed),13.841668_100.593688_lwUcmvDFhnj-h0-OPhgfOA_183_2024-11.jpg,SAFE,None,0.0,0.0,0.0
prasertmanukitch(kaset-lad pla kao) (fixed),13.841669_100.593593_0SsOOtG2aP2CgG8DPJWh6Q_183_2024-11.jpg,SAFE,None,0.5,0.5,0.0
prasertmanukitch(kaset-lad pla kao) (fixed),13.841672_100.592132_OWcdvuCxJoLmGohS7TjkaA_170_2024-11.jpg,SAFE,None,0.0,0.0,0.0
prasertmanukitch(kaset-lad pla kao) (fixed),13.841673_100.593500_xqsgHM6_wOguqfJ4NdUoKw_183_2024-11.jpg,SAFE,None,0.0,0.0,0.0
prasertmanukitch(kaset-lad pla kao) (fixed),13.841678_100.592227_v6Z44vqlfPSfWObRhDWHkQ_170_2024-11.jpg,SAFE,None,0.0,0.0,0.0
prasertmanukitch(kaset-lad pla kao) (fixed),13.841678_100.592227_v6Z44vqlfPSfWObRhDWHkQ_174_2024-11.jpg,SAFE,None,0.0,0.0,0.0
prasertmanukitch(kaset-lad pla kao) (fixed),13.841678_100.592321_0E9FwXiT1AyelUkU34MutQ_179_2024-11.jpg,SAFE,None,0.0,0.0,0.0
prasertmanukitch(kaset-lad pla kao) (fixed),13.841679_100.593408_ZvaISwc4FS_9tSEZWTpCtg_183_2024-11.jpg,SAFE,None,0.49,0.49,0.0
prasertmanukitch(kaset-lad pla kao) (fixed),13.841681_100.592708_zb80J9mp0FjJ9L5_T4jxRA_179_2024-11.jpg,SAFE,None,0.88,0.88,0.0
prasertmanukitch(kaset-lad pla kao) (fixed),13.841682_100.592418_5GfXDilIVqLatRhvTu7NiA_177_2024-11.jpg,SAFE,None,0.0,0.0,0.0
prasertmanukitch(kaset-lad pla kao) (fixed),13.841682_100.593128_pHh7OnKQSV49V_dHLJ3j9g_181_2024-11.jpg,SAFE,None,3.91,3.91,0.0
prasertmanukitch(kaset-lad pla kao) (fixed),13.841683_100.593034_-W5casXJiy8PNjHhd9ewOg_181_2024-11.jpg,SAFE,None,15.55,15.55,0.0
prasertmanukitch(kaset-lad pla kao) (fixed),13.841685_100.592941_8IUcmHKLv7J5O_FApDFDcQ_181_2024-11.jpg,SAFE,None,0.0,0.0,0.0
prasertmanukitch(kaset-lad pla kao) (fixed),13.841690_100.593322__Yr53QtwAv8VAV74anuxVg_181_2024-11.jpg,SAFE,None,0.0,0.0,0.0
prasertmanukitch(kaset-lad pla kao) (fixed),13.841698_100.593229_rOxbg6upgwI_bdRYKgAfzg_181_2024-11.jpg,SAFE,None,0.0,0.0,0.0
prasertmanukitch(kaset-lad pla kao) (fixed),13.841699_100.592519_BMYcIVKC8rf_Vg6s69tSvg_177_2024-11.jpg,SAFE,None,0.0,0.0,0.0
prasertmanukitch(kaset-lad pla kao) (fixed),13.841703_100.592612_fkfuEK7XDDjsXhIN-6J0jw_178_2024-11.jpg,SAFE,None,0.0,0.0,0.0
prasertmanukitch(kaset-lad pla kao) (fixed),13.841707_100.592798_U6zo9m4TG-r6afPJlMtB0w_179_2024-11.jpg,SAFE,None,0.0,0.0,0.0
prasertmanukitch(kaset-lad pla kao) (fixed),13.841931_100.594224_Ub6lHbwvCwUY84YtZ5qm3g_9_2025-04.jpg,SAFE,None,0.0,0.0,0.0
prasertmanukitch(kaset-lad pla kao) (fixed),13.841941_100.594131_5Hr4YfFKbqvFekHpxNRVVg_8_2025-04.jpg,SAFE,None,0.0,0.0,0.0
prasertmanukitch(kaset-lad pla kao) (fixed),13.841945_100.592115_IJ6-SP5GRaW_KqV4ZxMW7g_351_2025-04.jpg,SAFE,None,0.0,0.0,0.0
prasertmanukitch(kaset-lad pla kao) (fixed),13.841954_100.592207_niqh96Kx7O8zlfq1IlcZOg_353_2025-04.jpg,SAFE,None,0.0,0.0,0.0
prasertmanukitch(kaset-lad pla kao) (fixed),13.841955_100.594037_aoFCU1sG-oe8chi6AQ6wPg_5_2025-04.jpg,SAFE,None,0.0,0.0,0.0
prasertmanukitch(kaset-lad pla kao) (fixed),13.841963_100.593944_L__WJtR9WzBXYGORAdMsMw_5_2025-04.jpg,SAFE,None,0.0,0.0,0.0
prasertmanukitch(kaset-lad pla kao) (fixed),13.841964_100.592300_zpBxxh4l7aeoj-6xkP9NvA_353_2025-04.jpg,SAFE,None,0.0,0.0,0.0
prasertmanukitch(kaset-lad pla kao) (fixed),13.841976_100.592392_aUluvbSd3s918yODAjaC9w_353_2025-04.jpg,SAFE,None,0.0,0.0,0.0
prasertmanukitch(kaset-lad pla kao) (fixed),13.841976_100.593849_aS-Vuwq6XtWA1V9WE5bomA_3_2025-04.jpg,SAFE,None,0.0,0.0,0.0
prasertmanukitch(kaset-lad pla kao) (fixed),13.841980_100.593802_XWHU_IXz44etkNAV6JYReg_5_2025-04.jpg,SAFE,None,0.0,0.0,0.0
prasertmanukitch(kaset-lad pla kao) (fixed),13.841982_100.592486_MjsItTYaOpIfNUvL9JVUKA_353_2025-04.jpg,SAFE,None,0.0,0.0,0.0
prasertmanukitch(kaset-lad pla kao) (fixed),13.841988_100.593706_gSfsWNw9GO_I_nBEa3IuXg_3_2025-04.jpg,SAFE,None,0.0,0.0,0.0
prasertmanukitch(kaset-lad pla kao) (fixed),13.841989_100.592580_hoKbyR5410APwA3wHD8fYQ_356_2025-04.jpg,SAFE,None,0.0,0.0,0.0
prasertmanukitch(kaset-lad pla kao) (fixed),13.841994_100.592673_zZLp_IJ1m4QAV-3ElkD8pg_356_2025-04.jpg,SAFE,None,0.0,0.0,0.0
prasertmanukitch(kaset-lad pla kao) (fixed),13.841994_100.593612_2Zpt4PfU2u7kduqZkUQwPg_3_2025-04.jpg,SAFE,None,0.0,0.0,0.0
prasertmanukitch(kaset-lad pla kao) (fixed),13.841997_100.593518_dzsZhw-sHX0oFPKudrJJbA_3_2025-04.jpg,SAFE,None,0.0,0.0,0.0
prasertmanukitch(kaset-lad pla kao) (fixed),13.842001_100.592766_UiP6487lZhVu4UANYucRGg_356_2025-04.jpg,SAFE,None,0.0,0.0,0.0
prasertmanukitch(kaset-lad pla kao) (fixed),13.842003_100.593423_8MErZa9vNeu4sqVRtRL1Fg_3_2025-04.jpg,SAFE,None,0.0,0.0,0.0
prasertmanukitch(kaset-lad pla kao) (fixed),13.842004_100.592860_A2jG4GAafS2YvezvhJc0lw_356_2025-04.jpg,SAFE,None,0.0,0.0,0.0
prasertmanukitch(kaset-lad pla kao) (fixed),13.842004_100.593328_5azjNcRosdmoMX5CO3svDw_2_2025-04.jpg,SAFE,None,0.0,0.0,0.0
prasertmanukitch(kaset-lad pla kao) (fixed),13.842006_100.592953_wLvNUrjtmNyzJlvfeGkdtg_356_2025-04.jpg,SAFE,None,0.0,0.0,0.0
prasertmanukitch(kaset-lad pla kao) (fixed),13.842007_100.593140_7wMQUa_VYxB2OjJAvNpmZg_2_2025-04.jpg,SAFE,None,0.0,0.0,0.0
prasertmanukitch(kaset-lad pla kao) (fixed),13.842007_100.593233_NmtMilDIrxZHAgl5AyNrDA_2_2025-04.jpg,SAFE,None,0.0,0.0,0.0
prasertmanukitch(kaset-lad pla kao) (fixed),13.842008_100.593046_foHtT0jisu3EqFkCtch3Zg_2_2025-04.jpg,SAFE,None,0.0,0.0,0.0
prasertmanukitch(lad pla kao-liap duan) (fixed),13.826068_100.627529_J88gXfen8QN9MsZaP0Gfww_226_2025-10.jpg,SAFE,None,1.44,0.0,1.44
prasertmanukitch(lad pla kao-liap duan) (fixed),13.826136_100.627461_i8EFjxOsKGzVI7ZgEbBEAQ_226_2025-10.jpg,SAFE,None,0.0,0.0,0.0
prasertmanukitch(lad pla kao-liap duan) (fixed),13.826205_100.627394_4bWkO7AXNDlWuzUNadmDaQ_227_2025-10.jpg,SAFE,None,14.08,14.08,0.0
prasertmanukitch(lad pla kao-liap duan) (fixed),13.826273_100.627329_Sq-rRZ-Nl7lNW8stavubAg_227_2025-10.jpg,SAFE,None,9.25,5.72,3.53
prasertmanukitch(lad pla kao-liap duan) (fixed),13.826340_100.627266_RfD5mAnHh1WW_dOp-x2x4Q_227_2025-10.jpg,WARNING,OBSTACLE,21.76,21.76,0.0
prasertmanukitch(lad pla kao-liap duan) (fixed),13.826363_100.627711_VlXO3n5BDBrejsEePzC4WA_43_2025-04.jpg,SAFE,None,0.0,0.0,0.0
prasertmanukitch(lad pla kao-liap duan) (fixed),13.826406_100.627203_D1MSWqhcywG_S-CdE7EmOQ_227_2025-10.jpg,SAFE,None,0.0,0.0,0.0
prasertmanukitch(lad pla kao-liap duan) (fixed),13.826426_100.627642__GY5AzUq2lj7U_eXge_6mg_43_2025-04.jpg,SAFE,None,0.0,0.0,0.0
prasertmanukitch(lad pla kao-liap duan) (fixed),13.826472_100.627138_bfdvAqc8alAg4kkCWC8CsQ_227_2025-10.jpg,SAFE,None,10.32,10.32,0.0
prasertmanukitch(lad pla kao-liap duan) (fixed),13.826490_100.627572_oSOYxff_mrhk2NZgtXq8CQ_43_2025-04.jpg,SAFE,None,0.66,0.66,0.0
prasertmanukitch(lad pla kao-liap duan) (fixed),13.826540_100.627070_4j72Txn8ORy71QO0u9y-4Q_227_2025-10.jpg,SAFE,None,0.0,0.0,0.0
prasertmanukitch(lad pla kao-liap duan) (fixed),13.826556_100.627499_nL3Pn4v3jgi2jqFjIXKtdQ_43_2025-04.jpg,SAFE,None,0.0,0.0,0.0
prasertmanukitch(lad pla kao-liap duan) (fixed),13.826605_100.627004_VRSNBN-oHRN1gI7Ns7ubBg_227_2025-10.jpg,SAFE,None,0.98,0.98,0.0
prasertmanukitch(lad pla kao-liap duan) (fixed),13.826623_100.627425_sbrGZfz8moIMUsk038rs7Q_43_2025-04.jpg,SAFE,None,0.52,0.52,0.0
prasertmanukitch(lad pla kao-liap duan) (fixed),13.826670_100.626939_KkMW-largXXiFxTaIxHrSg_227_2025-10.jpg,SAFE,None,10.14,10.14,0.0
prasertmanukitch(lad pla kao-liap duan) (fixed),13.826689_100.627353_-XfgQAF9KV1Y53mYFCddBg_43_2025-04.jpg,SAFE,None,0.82,0.82,0.0
prasertmanukitch(lad pla kao-liap duan) (fixed),13.826732_100.626876_HHzr6zOgAmpneatoQktVfQ_227_2025-10.jpg,SAFE,None,0.0,0.0,0.0
prasertmanukitch(lad pla kao-liap duan) (fixed),13.826752_100.627284_lPZ1xqZ-4G3312rbxocNcw_43_2025-04.jpg,SAFE,None,2.23,2.23,0.0
prasertmanukitch(lad pla kao-liap duan) (fixed),13.826792_100.626815_F5x_AcS2zmazVOiIFGkbEg_227_2025-10.jpg,SAFE,None,0.94,0.94,0.0
prasertmanukitch(lad pla kao-liap duan) (fixed),13.826815_100.627215_7OBc0o_zEu4kUZEJzuXjfQ_43_2025-04.jpg,SAFE,None,0.0,0.0,0.0
prasertmanukitch(lad pla kao-liap duan) (fixed),13.826853_100.626754_QV-Plifi64dKT-S47rYkkg_227_2025-10.jpg,SAFE,None,9.56,9.56,0.0
prasertmanukitch(lad pla kao-liap duan) (fixed),13.826879_100.627144_3VC7tAY8OLjYJ4RQrMQREw_43_2025-04.jpg,SAFE,None,0.93,0.93,0.0
prasertmanukitch(lad pla kao-liap duan) (fixed),13.826918_100.626691_gBCt8ubTH2fR19vTZIVGEg_227_2025-10.jpg,SAFE,None,13.42,13.42,0.0
prasertmanukitch(lad pla kao-liap duan) (fixed),13.826941_100.627076_j4ftcpKVr1IyGZklJtdW8g_43_2025-04.jpg,SAFE,None,0.0,0.0,0.0
prasertmanukitch(lad pla kao-liap duan) (fixed),13.826978_100.626632__CBJYzFkyj-SVOvrTWkcow_227_2025-10.jpg,WARNING,OBSTACLE,24.07,12.26,11.81
prasertmanukitch(lad pla kao-liap duan) (fixed),13.827002_100.627010_1mdCddl_k6P35F1ukOcCow_43_2025-04.jpg,SAFE,None,0.0,0.0,0.0
prasertmanukitch(lad pla kao-liap duan) (fixed),13.827038_100.626572_Xk7Lj4Ec4x8fvIFlZAAxCA_227_2025-10.jpg,SAFE,None,16.21,16.21,0.0
prasertmanukitch(lad pla kao-liap duan) (fixed),13.827063_100.626944_qnujfQFAUiZF6Spya2lAKw_43_2025-04.jpg,SAFE,None,0.0,0.0,0.0
prasertmanukitch(lad pla kao-liap duan) (fixed),13.827106_100.626504_cT0ZSVXwXCloe-LISXj8Mg_226_2025-10.jpg,SAFE,None,6.39,6.39,0.0
prasertmanukitch(lad pla kao-liap duan) (fixed),13.827127_100.626876_1xfsUz4V3t2xEchix-13-w_43_2025-04.jpg,SAFE,None,0.0,0.0,0.0
prasertmanukitch(lad pla kao-liap duan) (fixed),13.827174_100.626437_qEOBeUgz-_91tfTqFbl_ZA_225_2025-10.jpg,SAFE,None,1.28,1.28,0.0
prasertmanukitch(lad pla kao-liap duan) (fixed),13.827192_100.626808_SS4dIzlmFUUQ9ZI6eL4lWw_43_2025-04.jpg,SAFE,None,0.35,0.35,0.0
prasertmanukitch(lad pla kao-liap duan) (fixed),13.827245_100.626365__5RzDIwmeB9gH9gqxH3MKw_225_2025-10.jpg,SAFE,None,3.85,3.85,0.0
prasertmanukitch(lad pla kao-liap duan) (fixed),13.827255_100.626740_kmnDz-kIHeNo0RfCwoUOcw_43_2025-04.jpg,SAFE,None,0.12,0.12,0.0
prasertmanukitch(lad pla kao-liap duan) (fixed),13.827314_100.626296_B1AnNzL6QXU54ecFSVs8dQ_225_2025-10.jpg,SAFE,None,8.63,8.63,0.0
prasertmanukitch(lad pla kao-liap duan) (fixed),13.827320_100.626670_dswtUUopzTDxj1IqASBSCw_43_2025-04.jpg,SAFE,None,0.0,0.0,0.0
prasertmanukitch(lad pla kao-liap duan) (fixed),13.827381_100.626232_jUZUWEFa8ytH0vFYz0vdgA_225_2025-10.jpg,SAFE,None,7.8,7.8,0.0
prasertmanukitch(lad pla kao-liap duan) (fixed),13.827383_100.626599_l2Gzl7meDL_CopiLXtT4Zg_44_2025-04.jpg,SAFE,None,0.12,0.12,0.0
prasertmanukitch(lad pla kao-liap duan) (fixed),13.827449_100.626528_Lpn89hBqKMYMfD13TBaB1A_44_2025-04.jpg,ERROR (No Sidewalk),SURFACE DAMAGE,-1,0.0,0.0
prasertmanukitch(lad pla kao-liap duan) (fixed),13.827450_100.626165_aRJmso3X6vsS4iuFeysk5w_225_2025-10.jpg,SAFE,None,11.82,11.82,0.0
prasertmanukitch(lad pla kao-liap duan) (fixed),13.827515_100.626455_mF9vIrkEy1aHu0LoHfHF6A_44_2025-04.jpg,SAFE,None,0.0,0.0,0.0
prasertmanukitch(lad pla kao-liap duan) (fixed),13.827518_100.626098_V62Fr4zdKMUvs823iFN5Ew_225_2025-10.jpg,SAFE,None,0.0,0.0,0.0
prasertmanukitch(lad pla kao-liap duan) (fixed),13.827578_100.626385_PjEQL8DcJY7SUXpfpzznJg_44_2025-04.jpg,SAFE,None,0.0,0.0,0.0
prasertmanukitch(lad pla kao-liap duan) (fixed),13.827585_100.626029_W6zaXqf535Pitm-stNqeBw_225_2025-10.jpg,SAFE,None,0.0,0.0,0.0
prasertmanukitch(lad pla kao-liap duan) (fixed),13.827641_100.626315_57_JqJD9UlxDOhcBo3KB9A_43_2025-04.jpg,SAFE,None,0.0,0.0,0.0
prasertmanukitch(lad pla kao-liap duan) (fixed),13.827649_100.625964_bD3TvZbtcBpnIUcIpWCN6w_225_2025-10.jpg,SAFE,None,2.94,2.94,0.0
prasertmanukitch(lad pla kao-liap duan) (fixed),13.827704_100.626244_xdgMa-im3bMfX91Q4x4dsw_43_2025-04.jpg,SAFE,None,0.0,0.0,0.0
prasertmanukitch(lad pla kao-liap duan) (fixed),13.827711_100.625899_tMFn_4_IhiPA2jlyjUi7xQ_225_2025-10.jpg,SAFE,None,0.0,0.0,0.0
prasertmanukitch(lad pla kao-liap duan) (fixed),13.827774_100.625833_CwknEI8UFMwiqqhpzPV5HA_224_2025-10.jpg,SAFE,None,13.04,13.04,0.0
prasertmanukitch(lad pla kao-liap duan) (fixed),13.827801_100.626179_4dFgoJ6n8r5wrkmYLk4izg_43_2025-10.jpg,SAFE,None,0.92,0.92,0.0
prasertmanukitch(lad pla kao-liap duan) (fixed),13.827837_100.625761_eousgOONoT6eYHfisoeXVw_221_2025-10.jpg,SAFE,None,2.36,2.36,0.0
prasertmanukitch(lad pla kao-liap duan) (fixed),13.827891_100.626078_7GeHGqN5zsB7xkjtyH2yTw_43_2025-10.jpg,SAFE,None,0.68,0.68,0.0
prasertmanukitch(lad pla kao-liap duan) (fixed),13.827898_100.625690_o9dONSCeRz-C0F58dopWkg_221_2025-10.jpg,SAFE,None,0.0,0.0,0.0
prasertmanukitch(lad pla kao-liap duan) (fixed),13.827928_100.625655_Q_bT9boaEegihq-6Sxq2Aw_221_2025-10.jpg,SAFE,None,0.59,0.59,0.0
prasertmanukitch(lad pla kao-liap duan) (fixed),13.827951_100.626010_f7lL-hJQJtWo3B17XHe8YQ_43_2025-10.jpg,SAFE,None,0.0,0.0,0.0
prasertmanukitch(lad pla kao-liap duan) (fixed),13.827987_100.625587_gTBkmpUwUlOIiJYd8jqLLw_220_2025-10.jpg,SAFE,None,0.0,0.0,0.0
prasertmanukitch(lad pla kao-liap duan) (fixed),13.828011_100.625941_TMbX1JVCYDxIi6csdX7tjA_43_2025-10.jpg,SAFE,None,1.51,1.51,0.0
prasertmanukitch(lad pla kao-liap duan) (fixed),13.828041_100.625906_JJRoCOg0tJ61U1dnfaP_4g_42_2025-10.jpg,SAFE,None,0.0,0.0,0.0
prasertmanukitch(lad pla kao-liap duan) (fixed),13.828094_100.625468_TE84QYnrOmBN9-jhGT0uZw_219_2025-10.jpg,SAFE,None,0.78,0.78,0.0
prasertmanukitch(lad pla kao-liap duan) (fixed),13.828129_100.625802_Fd6t5pnSNLub-mP_tNdGbQ_41_2025-10.jpg,SAFE,None,0.0,0.0,0.0
prasertmanukitch(lad pla kao-liap duan) (fixed),13.828187_100.625733_YyTVNq-0P0CZi5M0CkornQ_41_2025-10.jpg,SAFE,None,0.0,0.0,0.0
prasertmanukitch(lad pla kao-liap duan) (fixed),13.828190_100.625342_XxUHZNF1PCvVOjwAs7IiXQ_219_2025-10.jpg,SAFE,None,3.88,3.88,0.0
prasertmanukitch(lad pla kao-liap duan) (fixed),13.828245_100.625663_dINDc45IkDpqZf5Ljki6hA_41_2025-10.jpg,SAFE,None,0.0,0.0,0.0
prasertmanukitch(lad pla kao-liap duan) (fixed),13.828248_100.625267_Za8a985_x8gQmPMjT5q01w_217_2025-10.jpg,SAFE,None,0.61,0.61,0.0
prasertmanukitch(lad pla kao-liap duan) (fixed),13.828304_100.625590_AncIoO24lbcU4g9ZbKx1ew_39_2025-10.jpg,SAFE,None,0.0,0.0,0.0
prasertmanukitch(lad pla kao-liap duan) (fixed),13.828308_100.625189_0KXhmqbx5Cddmtr9ODJfsA_217_2025-10.jpg,SAFE,None,0.0,0.0,0.0
prasertmanukitch(lad pla kao-liap duan) (fixed),13.828340_100.625500_IwUsGJlZYHrBk1DqRS8lRQ_38_2025-04.jpg,SAFE,None,0.0,0.0,0.0
prasertmanukitch(lad pla kao-liap duan) (fixed),13.828366_100.625112_wVnESz5YIXWFsvdAMqjq4A_217_2025-10.jpg,SAFE,None,9.96,9.96,0.0
prasertmanukitch(lad pla kao-liap duan) (fixed),13.828422_100.625033__WzY0BDDPSWpBYDPAdhPNA_217_2025-10.jpg,SAFE,None,0.0,0.0,0.0
prasertmanukitch(lad pla kao-liap duan) (fixed),13.828430_100.625404_3WuM61yz6rsfQEYgCRBI2A_38_2025-04.jpg,SAFE,None,0.0,0.0,0.0
prasertmanukitch(lad pla kao-liap duan) (fixed),13.828476_100.624957_tbfuOYlCgTBwnfrtdLlxEQ_216_2025-10.jpg,SAFE,None,10.89,10.89,0.0
prasertmanukitch(lad pla kao-liap duan) (fixed),13.828508_100.625332_mhBhBIHP1sqcXY4k9_kdgQ_37_2025-10.jpg,SAFE,None,0.0,0.0,0.0
prasertmanukitch(lad pla kao-liap duan) (fixed),13.828528_100.624881_syacM8LZbPptsYzm_qeQjw_215_2025-10.jpg,SAFE,None,0.0,0.0,0.0
prasertmanukitch(lad pla kao-liap duan) (fixed),13.828564_100.625257_pMUkWfXs3kp6n0yXEZaHcg_37_2025-10.jpg,SAFE,None,0.62,0.62,0.0
prasertmanukitch(lad pla kao-liap duan) (fixed),13.828580_100.624804_p0T_r1LUkhXD40KCf8kiTg_215_2025-10.jpg,SAFE,None,4.04,4.04,0.0
prasertmanukitch(lad pla kao-liap duan) (fixed),13.828617_100.625183_RFWV7M8BUfF1t_h3GJJONA_36_2025-10.jpg,SAFE,None,0.58,0.58,0.0
prasertmanukitch(lad pla kao-liap duan) (fixed),13.828633_100.624724_Mi2bT_TE75OPfVvCAfISaQ_215_2025-10.jpg,SAFE,None,0.0,0.0,0.0
prasertmanukitch(lad pla kao-liap duan) (fixed),13.828683_100.624647_ROIeBGC6MxudLPfnSNZ7QA_214_2025-10.jpg,SAFE,None,1.62,1.62,0.0
prasertmanukitch(lad pla kao-liap duan) (fixed),13.828695_100.625072_e0sARZekJ5gwxyFI564SZw_36_2025-10.jpg,SAFE,None,0.31,0.31,0.0
prasertmanukitch(lad pla kao-liap duan) (fixed),13.828721_100.625033_sdkdI77eh4koge_Ad5Fwiw_35_2025-10.jpg,SAFE,None,0.0,0.0,0.0
prasertmanukitch(lad pla kao-liap duan) (fixed),13.828733_100.624569_c59ubiJovNWysJf6uboO8A_214_2025-10.jpg,SAFE,None,1.62,1.62,0.0
prasertmanukitch(lad pla kao-liap duan) (fixed),13.828773_100.624958_6nU2WrHiZhQ7yiWO1QRLWw_35_2025-10.jpg,SAFE,None,3.03,3.03,0.0
prasertmanukitch(lad pla kao-liap duan) (fixed),13.828782_100.624491_0_crWNtWpiNdT_UHvbQROg_214_2025-10.jpg,SAFE,None,0.0,0.0,0.0
prasertmanukitch(lad pla kao-liap duan) (fixed),13.828831_100.624412_fkl1z7d2RL1bfa2ABPxn6g_212_2025-10.jpg,SAFE,None,0.51,0.51,0.0
prasertmanukitch(lad pla kao-liap duan) (fixed),13.828834_100.624863_ITLOZt-T69LEiHajWjYpNg_35_2025-04.jpg,SAFE,None,0.0,0.0,0.0
prasertmanukitch(lad pla kao-liap duan) (fixed),13.828879_100.624332_LtAXOr8_T0KS95g6UKGH8g_213_2025-10.jpg,SAFE,None,13.59,13.59,0.0
prasertmanukitch(lad pla kao-liap duan) (fixed),13.828905_100.624764_9XOSXlRDCV1J3-VmyrX9vA_35_2025-10.jpg,SAFE,None,3.58,3.58,0.0
prasertmanukitch(lad pla kao-liap duan) (fixed),13.828925_100.624253_IGqHzcRL9BfWdEW5WIPe8w_210_2025-10.jpg,SAFE,None,0.0,0.0,0.0
prasertmanukitch(lad pla kao-liap duan) (fixed),13.828932_100.624724_HGJoL1pLPWML_6qDc3LNxw_34_2025-10.jpg,SAFE,None,2.84,2.84,0.0
prasertmanukitch(lad pla kao-liap duan) (fixed),13.828965_100.624509_ogJZaT6-m7llEOiYuONaAQ_34_2025-10.jpg,SAFE,None,0.0,0.0,0.0
prasertmanukitch(lad pla kao-liap duan) (fixed),13.828970_100.624173_qe6hdgX6AWzDyrDQY3EpbA_210_2025-10.jpg,WARNING,OBSTACLE,22.49,22.49,0.0
prasertmanukitch(lad pla kao-liap duan) (fixed),13.828986_100.624644_PSEXM9im5s7zB6MJ_GrP_Q_34_2025-10.jpg,SAFE,None,0.0,0.0,0.0
prasertmanukitch(lad pla kao-liap duan) (fixed),13.829015_100.624092_8EDWHKo-y6AgJSRvW2FeMA_210_2025-10.jpg,SAFE,None,8.9,8.9,0.0
prasertmanukitch(lad pla kao-liap duan) (fixed),13.829059_100.624010_NpU51TSSELEykepqNXUGCw_210_2025-10.jpg,SAFE,None,0.0,0.0,0.0
prasertmanukitch(lad pla kao-liap duan) (fixed),13.829095_100.624482_l0AFICh8YqzLtiCd6PxOyA_33_2025-10.jpg,SAFE,None,0.0,0.0,0.0
prasertmanukitch(lad pla kao-liap duan) (fixed),13.829102_100.623928_wRfWmiOIh5ki9_p81oQnSA_207_2025-10.jpg,SAFE,None,8.2,8.2,0.0
prasertmanukitch(lad pla kao-liap duan) (fixed),13.829147_100.624397_RF8E2qKUIoLgkA1cwGBTxg_32_2025-10.jpg,SAFE,None,14.1,14.1,0.0
prasertmanukitch(lad pla kao-liap duan) (fixed),13.829163_100.623809_NnW33ACPFW9XrqMuUvwelA_207_2025-10.jpg,SAFE,None,8.95,8.95,0.0
prasertmanukitch(lad pla kao-liap duan) (fixed),13.829199_100.624308_Fcdgx978PnU7TIfS3tqilQ_32_2025-10.jpg,SAFE,None,1.73,1.73,0.0
prasertmanukitch(lad pla kao-liap duan) (fixed),13.829202_100.623732_qVEsD3UgvlBFm2EDWmwxsw_207_2025-10.jpg,SAFE,None,13.73,13.73,0.0
prasertmanukitch(lad pla kao-liap duan) (fixed),13.829220_100.624227_OqovxIV7bG6QeWk7NIFQjw_31_2025-04.jpg,SAFE,None,0.0,0.0,0.0
prasertmanukitch(lad pla kao-liap duan) (fixed),13.829242_100.623650_vPQYL8rFSLD4BWsl4L6jeQ_204_2025-10.jpg,SAFE,None,11.48,11.48,0.0
prasertmanukitch(lad pla kao-liap duan) (fixed),13.829266_100.624145_2z9sNSPJhJrkG59r6our9A_30_2025-04.jpg,SAFE,None,0.59,0.59,0.0
prasertmanukitch(lad pla kao-liap duan) (fixed),13.829310_100.624064_cU75vrBH_tXs_cZwic9yDA_30_2025-04.jpg,SAFE,None,0.0,0.0,0.0
prasertmanukitch(lad pla kao-liap duan) (fixed),13.829388_100.623957_-yLnpYtTrCnmN7dP01qHnA_28_2025-10.jpg,SAFE,None,0.0,0.0,0.0
prasertmanukitch(lad pla kao-liap duan) (fixed),13.829426_100.623873_tMBSebabGN2m2koy7h4xnQ_26_2025-10.jpg,SAFE,None,1.81,1.81,0.0
prasertmanukitch(lad pla kao-liap duan) (fixed),13.829459_100.623772_jG7N5DywG2SYGOLahcAfkw_26_2025-04.jpg,SAFE,None,2.4,2.4,0.0
prasertmanukitch(lad pla kao-liap duan) (fixed),13.829499_100.623688_T4RNmDUco3kezF_utrTY3Q_26_2025-04.jpg,SAFE,None,0.0,0.0,0.0
prasertmanukitch(lad pla kao-liap duan) (fixed),13.829545_100.622954_-ylZhBchJhLoHkA2UODmBg_203_2025-10.jpg,SAFE,None,0.0,0.0,0.0
prasertmanukitch(lad pla kao-liap duan) (fixed),13.829583_100.622856_4z5Huo22vmjexGwpYehM8g_203_2025-10.jpg,SAFE,None,7.21,7.21,0.0
prasertmanukitch(lad pla kao-liap duan) (fixed),13.829635_100.622715_BwkFCHf2pRqoVnfJd714mg_199_2025-10.jpg,SAFE,None,1.94,1.94,0.0
prasertmanukitch(lad pla kao-liap duan) (fixed),13.829686_100.622578_flsmWR6LLIsn4v22AbFvIA_199_2025-10.jpg,SAFE,None,0.0,0.0,0.0
prasertmanukitch(lad pla kao-liap duan) (fixed),13.829721_100.622488_uDboKlzUTuC5JHTwerLXZA_197_2025-10.jpg,SAFE,None,1.23,1.23,0.0
prasertmanukitch(lad pla kao-liap duan) (fixed),13.829753_100.622398_ScuBLGjk-5GHHgjPKyoWQg_197_2025-10.jpg,SAFE,None,0.0,0.0,0.0
prasertmanukitch(lad pla kao-liap duan) (fixed),13.829784_100.622309_0fvHdJKQoTM_LrJDQ6KIZg_197_2025-10.jpg,SAFE,None,0.0,0.0,0.0
prasertmanukitch(lad pla kao-liap duan) (fixed),13.829814_100.622220_vk7ikG2pQ3v_GZROrsbKug_197_2025-10.jpg,SAFE,None,0.92,0.92,0.0
prasertmanukitch(lad pla kao-liap duan) (fixed),13.829814_100.622927_G9lRb7nccwwkFFRuU6Vbtg_23_2025-10.jpg,SAFE,None,0.0,0.0,0.0
prasertmanukitch(lad pla kao-liap duan) (fixed),13.829841_100.622132_OV4CiYsv_0odfGiX2QeQ8g_197_2025-10.jpg,SAFE,None,0.0,0.0,0.0
prasertmanukitch(lad pla kao-liap duan) (fixed),13.829863_100.622793_mJ673_yJU1oU-STSh1W0og_21_2025-10.jpg,SAFE,None,0.0,0.0,0.0
prasertmanukitch(lad pla kao-liap duan) (fixed),13.829867_100.622043_ghuj9t1GDU9MnVz4AVShRQ_197_2025-10.jpg,SAFE,None,0.0,0.0,0.0
prasertmanukitch(lad pla kao-liap duan) (fixed),13.829878_100.622749_SEBP-S1oexcPEEx_HYmuGw_21_2025-10.jpg,SAFE,None,0.0,0.0,0.0
prasertmanukitch(lad pla kao-liap duan) (fixed),13.829879_100.621946_eMHQr0iR7KVV9F3mp59NZw_197_2025-10.jpg,SAFE,None,1.3,1.3,0.0
prasertmanukitch(lad pla kao-liap duan) (fixed),13.829905_100.621855_0WJLgwmC_7rJg7jssWX38w_197_2025-10.jpg,SAFE,None,0.62,0.62,0.0
prasertmanukitch(lad pla kao-liap duan) (fixed),13.829927_100.621766_Pak2sHyPUMSRu1n1hgaLkg_193_2025-10.jpg,SAFE,None,0.0,0.0,0.0
prasertmanukitch(lad pla kao-liap duan) (fixed),13.829937_100.622574_BrzpeQN0d75vgCT-0kR4Mw_17_2025-10.jpg,SAFE,None,0.0,0.0,0.0
prasertmanukitch(lad pla kao-liap duan) (fixed),13.829948_100.621674_EHBrQNspD2UohGmLdNIs5A_193_2025-10.jpg,SAFE,None,0.48,0.48,0.0
prasertmanukitch(lad pla kao-liap duan) (fixed),13.829951_100.622529_8MX4ZI5p7DWggi_M3fSgWQ_17_2025-10.jpg,SAFE,None,1.6,1.6,0.0
prasertmanukitch(lad pla kao-liap duan) (fixed),13.829969_100.621587_u8BzEalLlDJeuiXLPvjrMw_193_2025-10.jpg,SAFE,None,0.0,0.0,0.0
prasertmanukitch(lad pla kao-liap duan) (fixed),13.829980_100.622439_dvxlh7WjzJUUdZx5C8k4bQ_17_2025-10.jpg,SAFE,None,0.0,0.0,0.0
prasertmanukitch(lad pla kao-liap duan) (fixed),13.829985_100.621495_-N_VMImKOnTsjHrhoMgYMw_192_2025-10.jpg,SAFE,None,0.0,0.0,0.0
prasertmanukitch(lad pla kao-liap duan) (fixed),13.830001_100.621402_9IcYtp4hMO-HAtQwIKQdrg_192_2025-10.jpg,SAFE,None,0.0,0.0,0.0
prasertmanukitch(lad pla kao-liap duan) (fixed),13.830008_100.622350__mxTv82Wdil_CHn7ZlQOXQ_17_2025-10.jpg,SAFE,None,0.0,0.0,0.0
prasertmanukitch(lad pla kao-liap duan) (fixed),13.830017_100.621311_SRaoCk1B9XWI0dN2TLft6g_192_2025-10.jpg,SAFE,None,4.41,4.41,0.0
prasertmanukitch(lad pla kao-liap duan) (fixed),13.830033_100.621219_11BqaWhTgeHCVrJsQFw8iw_192_2025-10.jpg,SAFE,None,0.0,0.0,0.0
prasertmanukitch(lad pla kao-liap duan) (fixed),13.830049_100.621127_pflJFoZfD5clNp-cIHJyYQ_192_2025-10.jpg,SAFE,None,0.0,0.0,0.0
prasertmanukitch(lad pla kao-liap duan) (fixed),13.830058_100.622263_mxymECoc_ATmDPAi2cHZiQ_16_2025-10.jpg,SAFE,None,0.0,0.0,0.0
prasertmanukitch(lad pla kao-liap duan) (fixed),13.830061_100.622169_CO7XiZyh-yUJR_hRlt_nZQ_16_2025-10.jpg,SAFE,None,0.0,0.0,0.0
prasertmanukitch(lad pla kao-liap duan) (fixed),13.830065_100.621035_UwUiE-rh-In9ZzTldJo_yg_190_2025-10.jpg,SAFE,None,0.45,0.45,0.0
prasertmanukitch(lad pla kao-liap duan) (fixed),13.830079_100.620944_v_DvhJ5GTKvXBDdHCghU5g_190_2025-10.jpg,SAFE,None,11.55,11.55,0.0
prasertmanukitch(lad pla kao-liap duan) (fixed),13.830095_100.620851_qv90i-H9fDASuJqgNoHo_w_190_2025-10.jpg,SAFE,None,0.6,0.6,0.0
prasertmanukitch(lad pla kao-liap duan) (fixed),13.830107_100.622089_hXLXhblip1_GPWrrOTobiQ_16_2025-10.jpg,SAFE,None,0.0,0.0,0.0
prasertmanukitch(lad pla kao-liap duan) (fixed),13.830111_100.620760_GVbayH47FmU-S4CMK37TRA_190_2025-10.jpg,SAFE,None,0.0,0.0,0.0
prasertmanukitch(lad pla kao-liap duan) (fixed),13.830121_100.621940_hCS_aUc_PkSmBj53tpFlQg_15_2025-10.jpg,SAFE,None,0.0,0.0,0.0
prasertmanukitch(lad pla kao-liap duan) (fixed),13.830128_100.620667_XxU_dxuIBJb6JyG7Xitb1g_190_2025-10.jpg,SAFE,None,0.0,0.0,0.0
prasertmanukitch(lad pla kao-liap duan) (fixed),13.830133_100.621894_ZNMb8GPXBzWKzE6KJoXrCA_13_2025-10.jpg,SAFE,None,0.0,0.0,0.0
prasertmanukitch(lad pla kao-liap duan) (fixed),13.830144_100.620575_oOD2hbQURWJq_5uun_CURA_190_2025-10.jpg,SAFE,None,0.0,0.0,0.0
prasertmanukitch(lad pla kao-liap duan) (fixed),13.830160_100.620483_QHPkl4Lnn7Cqgw241m3BYg_190_2025-10.jpg,SAFE,None,0.44,0.44,0.0
prasertmanukitch(lad pla kao-liap duan) (fixed),13.830176_100.620390_g6Uzqv0nDrdVH2dHxnfbPQ_190_2025-10.jpg,SAFE,None,0.0,0.0,0.0
prasertmanukitch(lad pla kao-liap duan) (fixed),13.830177_100.621708_5Cz9rS0JofjV5NrHbRwtUw_13_2025-10.jpg,SAFE,None,6.79,6.79,0.0
prasertmanukitch(lad pla kao-liap duan) (fixed),13.830186_100.621772_hZuwLwWd0exbW2N69-LaSw_13_2025-10.jpg,SAFE,None,8.95,8.95,0.0
prasertmanukitch(lad pla kao-liap duan) (fixed),13.830191_100.620299_wi74d3QjMtH0jUYyS7XW1w_190_2025-10.jpg,SAFE,None,6.17,0.0,6.17
prasertmanukitch(lad pla kao-liap duan) (fixed),13.830206_100.620209_6_Qmj-MZSgo9vLHAv3G19A_190_2025-10.jpg,SAFE,None,0.0,0.0,0.0
prasertmanukitch(lad pla kao-liap duan) (fixed),13.830221_100.620120_35AOGaHi0JemU_buklQ5kw_190_2025-10.jpg,SAFE,None,0.0,0.0,0.0
prasertmanukitch(lad pla kao-liap duan) (fixed),13.830225_100.621589_fOSXVQyHurpNKAmWGCd42A_12_2025-10.jpg,SAFE,None,0.0,0.0,0.0
prasertmanukitch(lad pla kao-liap duan) (fixed),13.830235_100.621421_OqKK-1isTxBBWJKOdq4VKQ_11_2025-10.jpg,SAFE,None,8.42,8.42,0.0
prasertmanukitch(lad pla kao-liap duan) (fixed),13.830235_100.621542_wZkH56IMKe4T00e3VI_-Eg_11_2025-10.jpg,SAFE,None,0.97,0.97,0.0
prasertmanukitch(lad pla kao-liap duan) (fixed),13.830236_100.620031_rLoEtm33ajUEd3xuVegh1Q_190_2025-10.jpg,SAFE,None,3.43,3.43,0.0
prasertmanukitch(lad pla kao-liap duan) (fixed),13.830251_100.619945_JfrlB2e1iRD5JKmJtuSUqw_190_2025-10.jpg,SAFE,None,0.0,0.0,0.0
prasertmanukitch(lad pla kao-liap duan) (fixed),13.830264_100.619866_h5opY8uF7T6PWzLwfBIoBg_190_2025-10.jpg,SAFE,None,0.0,0.0,0.0
prasertmanukitch(lad pla kao-liap duan) (fixed),13.830268_100.621230_ibi0am1A0EHGq2zMalSkJQ_10_2025-10.jpg,SAFE,None,0.71,0.71,0.0
prasertmanukitch(lad pla kao-liap duan) (fixed),13.830279_100.619792_4uyqPYkfNThUWSfLT87xYg_190_2025-10.jpg,SAFE,None,1.73,1.73,0.0
prasertmanukitch(lad pla kao-liap duan) (fixed),13.830280_100.621309_H2f1Y9R7YlWPDp1ccfQmgQ_11_2025-10.jpg,SAFE,None,8.33,8.33,0.0
prasertmanukitch(lad pla kao-liap duan) (fixed),13.830300_100.619684_GWU2Q4m2oyMdCJXlqX2ZrA_190_2025-10.jpg,SAFE,None,14.26,14.26,0.0
prasertmanukitch(lad pla kao-liap duan) (fixed),13.830305_100.621167_83u3EBt0RtRxH2QyXsD39w_10_2025-10.jpg,SAFE,None,18.48,18.48,0.0
prasertmanukitch(lad pla kao-liap duan) (fixed),13.830317_100.619583_MbLJ0qFvcWCGyIV6J_1W4g_190_2025-10.jpg,SAFE,None,14.27,14.27,0.0
prasertmanukitch(lad pla kao-liap duan) (fixed),13.830331_100.621021_EH-g_d_l-rb14h0e4_hb_A_10_2025-10.jpg,SAFE,None,0.0,0.0,0.0
prasertmanukitch(lad pla kao-liap duan) (fixed),13.830334_100.619487_ajzwLRlIgifUZIizhIb8gA_190_2025-10.jpg,SAFE,None,0.0,0.0,0.0
prasertmanukitch(lad pla kao-liap duan) (fixed),13.830340_100.620973_d-Id3jOqv5RStTNknaQRKQ_10_2025-10.jpg,SAFE,None,0.0,0.0,0.0
prasertmanukitch(lad pla kao-liap duan) (fixed),13.830343_100.619440_khatitmuAzXBWwMRCB04DA_190_2025-10.jpg,SAFE,None,10.49,10.49,0.0
prasertmanukitch(lad pla kao-liap duan) (fixed),13.830356_100.620879_CmCDNrPHEcRgmBlGUCD9lQ_10_2025-10.jpg,SAFE,None,0.0,0.0,0.0
prasertmanukitch(lad pla kao-liap duan) (fixed),13.830367_100.619297_kufRkWuQt0eswyobeny0mw_190_2025-10.jpg,SAFE,None,0.0,0.0,0.0
prasertmanukitch(lad pla kao-liap duan) (fixed),13.830378_100.620744_WfsgAG-EApQY2hHgWnMJUA_10_2025-10.jpg,SAFE,None,7.07,7.07,0.0
prasertmanukitch(lad pla kao-liap duan) (fixed),13.830382_100.619201_i5R3IYJxJ4FG2Ki9gwxSxw_190_2025-10.jpg,SAFE,None,9.59,9.59,0.0
prasertmanukitch(lad pla kao-liap duan) (fixed),13.830394_100.620650_uGQifR7GCTsS2tViaCo8Jg_10_2025-10.jpg,CRITICAL,SURFACE DAMAGE,35.61,1.36,34.25
prasertmanukitch(lad pla kao-liap duan) (fixed),13.830399_100.619106_Hg5sZ1Bgm7cgVrxZ5M_6hg_190_2025-10.jpg,SAFE,None,0.0,0.0,0.0
prasertmanukitch(lad pla kao-liap duan) (fixed),13.830401_100.620604_-2UB5suSlBUrQcKCY-UXkA_10_2025-10.jpg,SAFE,None,4.94,0.0,4.94
prasertmanukitch(lad pla kao-liap duan) (fixed),13.830407_100.619058_68kCHSjbRqaH2kYSbXf4Ww_190_2025-10.jpg,SAFE,None,13.41,13.41,0.0
prasertmanukitch(lad pla kao-liap duan) (fixed),13.830424_100.618964_DV2N2oYWGVboqssA69j4kA_190_2025-10.jpg,SAFE,None,0.0,0.0,0.0
prasertmanukitch(lad pla kao-liap duan) (fixed),13.830424_100.620466_2FOweSkYtRIPn0faT0mEpQ_10_2025-10.jpg,SAFE,None,0.0,0.0,0.0
prasertmanukitch(lad pla kao-liap duan) (fixed),13.830441_100.618869_xrIvlzIGtDUWvTHoR9YfuQ_190_2025-10.jpg,SAFE,None,1.27,1.27,0.0
prasertmanukitch(lad pla kao-liap duan) (fixed),13.830441_100.620374_HPj79WOcMTVJvYdL3dFi5Q_10_2025-10.jpg,SAFE,None,7.03,7.03,0.0
prasertmanukitch(lad pla kao-liap duan) (fixed),13.830449_100.620328_sv1eqQiU7Z9D2rkqVoEePg_10_2025-10.jpg,SAFE,None,0.0,0.0,0.0
prasertmanukitch(lad pla kao-liap duan) (fixed),13.830457_100.618776_uAOH82IzHws3DiATwMq5sw_190_2025-10.jpg,SAFE,None,6.71,6.71,0.0
prasertmanukitch(lad pla kao-liap duan) (fixed),13.830466_100.620237_0wUmt4WZUypxw7jZGOLLKA_10_2025-10.jpg,SAFE,None,0.66,0.66,0.0
prasertmanukitch(lad pla kao-liap duan) (fixed),13.830473_100.618682_sL_xctLuJk0nfJii7RlV_g_190_2025-10.jpg,SAFE,None,12.68,12.68,0.0
prasertmanukitch(lad pla kao-liap duan) (fixed),13.830474_100.620192_9cVbYKpTgEPuSsjeWzGgBA_10_2025-10.jpg,SAFE,None,0.05,0.05,0.0
prasertmanukitch(lad pla kao-liap duan) (fixed),13.830489_100.618588_iHg4GpHnuo85g96GM-X1Og_190_2025-10.jpg,SAFE,None,11.32,11.32,0.0
prasertmanukitch(lad pla kao-liap duan) (fixed),13.830490_100.620105_p01QOJWan0nJnRixnCF_Uw_10_2025-10.jpg,SAFE,None,1.49,1.49,0.0
prasertmanukitch(lad pla kao-liap duan) (fixed),13.830505_100.618493_1r-fMfvUKn-msAY0Ru17pQ_190_2025-10.jpg,SAFE,None,0.0,0.0,0.0
prasertmanukitch(lad pla kao-liap duan) (fixed),13.830513_100.619970_w3KE_ZAw3RYmY7gizr9zIw_10_2025-10.jpg,SAFE,None,13.99,13.99,0.0
prasertmanukitch(lad pla kao-liap duan) (fixed),13.830521_100.618399_qjoOh-6oVIdGHYFOGyqTrQ_190_2025-10.jpg,SAFE,None,14.45,14.45,0.0
prasertmanukitch(lad pla kao-liap duan) (fixed),13.830529_100.619874_zPX_HxfBQc0YBoyLRl_fag_10_2025-10.jpg,SAFE,None,0.0,0.0,0.0
prasertmanukitch(lad pla kao-liap duan) (fixed),13.830538_100.618304_coCAJWuBPJLiuPrQeTGp-Q_190_2025-10.jpg,SAFE,None,0.35,0.35,0.0
prasertmanukitch(lad pla kao-liap duan) (fixed),13.830538_100.619827_I4__bTVF-Wd0FuNzleitrw_10_2025-10.jpg,SAFE,None,4.07,4.07,0.0
prasertmanukitch(lad pla kao-liap duan) (fixed),13.830553_100.619736_jj0iiwbg6KJWSQNLd_1BHQ_10_2025-10.jpg,SAFE,None,0.92,0.92,0.0
prasertmanukitch(lad pla kao-liap duan) (fixed),13.830554_100.618210_OS_tqP5Gt4_qoGChIk8zjA_190_2025-10.jpg,SAFE,None,11.13,11.13,0.0
prasertmanukitch(lad pla kao-liap duan) (fixed),13.830570_100.618116_ervAieB5viKGJdNWp_TiFw_190_2025-10.jpg,SAFE,None,0.24,0.24,0.0
prasertmanukitch(lad pla kao-liap duan) (fixed),13.830585_100.618022_7fDWhDdemduOmg3BqWEC9A_190_2025-10.jpg,SAFE,None,0.49,0.49,0.0
prasertmanukitch(lad pla kao-liap duan) (fixed),13.830585_100.619555_IGJRe2xVBravedOnmUmD3Q_10_2025-10.jpg,SAFE,None,2.55,2.55,0.0
prasertmanukitch(lad pla kao-liap duan) (fixed),13.830593_100.617976_v5FvRLs1LWuBmmv7a42sVA_190_2025-10.jpg,SAFE,None,0.0,0.0,0.0
prasertmanukitch(lad pla kao-liap duan) (fixed),13.830601_100.619464_at813eMWAS8Aye6HvPHqig_10_2025-10.jpg,SAFE,None,0.77,0.77,0.0
prasertmanukitch(lad pla kao-liap duan) (fixed),13.830608_100.619419_q57hz0kuKPDFAVIMSY_mXQ_10_2025-10.jpg,SAFE,None,1.52,1.52,0.0
prasertmanukitch(lad pla kao-liap duan) (fixed),13.830618_100.617838_sb7SQwNnjWT9wKFSYDpI2Q_190_2025-10.jpg,SAFE,None,15.66,15.66,0.0
prasertmanukitch(lad pla kao-liap duan) (fixed),13.830631_100.619283_0iMqIaYl5JyPjxZ9WkvgEQ_10_2025-10.jpg,SAFE,None,10.82,9.0,1.83
prasertmanukitch(lad pla kao-liap duan) (fixed),13.830635_100.617745_mTNrtkEt7hhWFuMk5nI1vQ_190_2025-10.jpg,SAFE,None,12.9,12.9,0.0
prasertmanukitch(lad pla kao-liap duan) (fixed),13.830647_100.619191_c9zbHlijJCCRwuRvwWbDLg_9_2025-10.jpg,SAFE,None,7.95,7.95,0.0
prasertmanukitch(lad pla kao-liap duan) (fixed),13.830652_100.617652_cKZpH2bN4AIGIo1AJbfk1w_190_2025-10.jpg,SAFE,None,11.28,11.28,0.0
prasertmanukitch(lad pla kao-liap duan) (fixed),13.830660_100.617606_xq-Q4u-7DlitfivIcgo70A_190_2025-10.jpg,SAFE,None,0.69,0.69,0.0
prasertmanukitch(lad pla kao-liap duan) (fixed),13.830663_100.619095_pBPexcDLKrRSeQTmICQLZQ_9_2025-10.jpg,SAFE,None,0.0,0.0,0.0
prasertmanukitch(lad pla kao-liap duan) (fixed),13.830671_100.619048_f06Q_FckCCK0m4KHsGw_KA_9_2025-10.jpg,SAFE,None,4.26,1.47,2.78
prasertmanukitch(lad pla kao-liap duan) (fixed),13.830675_100.617512_ar1m_39g_KxKSXyXCSnO_A_190_2025-10.jpg,SAFE,None,0.56,0.56,0.0
prasertmanukitch(lad pla kao-liap duan) (fixed),13.830691_100.617419_lU2m99HjF1PDfD6ZnaJJlA_190_2025-10.jpg,WARNING,OBSTACLE,22.33,22.33,0.0
prasertmanukitch(lad pla kao-liap duan) (fixed),13.830696_100.618903_AnVOGEHp442fcy9xgZFL-Q_9_2025-10.jpg,SAFE,None,0.8,0.8,0.0
prasertmanukitch(lad pla kao-liap duan) (fixed),13.830704_100.618856_Bucrdh1YDeSpmwb4OwxFlw_9_2025-10.jpg,SAFE,None,16.62,11.31,5.31
prasertmanukitch(lad pla kao-liap duan) (fixed),13.830706_100.617327_bJN1ookMGqjnQViL68nSow_190_2025-10.jpg,SAFE,None,7.8,7.8,0.0
prasertmanukitch(lad pla kao-liap duan) (fixed),13.830720_100.618764_yJBCzpe9mlwXLK1gTxFUnQ_11_2025-10.jpg,SAFE,None,1.97,1.97,0.0
prasertmanukitch(lad pla kao-liap duan) (fixed),13.830722_100.617234_gbtwx2Jj1vrIo8iMtGrTnw_190_2025-10.jpg,SAFE,None,0.0,0.0,0.0
prasertmanukitch(lad pla kao-liap duan) (fixed),13.830737_100.618672_7OjL02n17dITYeycMTeSuA_11_2025-10.jpg,SAFE,None,9.5,9.5,0.0
prasertmanukitch(lad pla kao-liap duan) (fixed),13.830738_100.617141_xmNe3edtPeJIQNhymrHBcA_190_2025-10.jpg,SAFE,None,0.0,0.0,0.0
prasertmanukitch(lad pla kao-liap duan) (fixed),13.830754_100.618579_dVfuGwjbTDsex-A8JQq7cg_11_2025-10.jpg,SAFE,None,0.0,0.0,0.0
prasertmanukitch(lad pla kao-liap duan) (fixed),13.830762_100.617005_L3WrBKNuHlaajxsWcYlcgw_190_2025-10.jpg,SAFE,None,0.0,0.0,0.0
prasertmanukitch(lad pla kao-liap duan) (fixed),13.830772_100.618481_acZo6KCyCwLa4h4tSNalDA_11_2025-10.jpg,WARNING,OBSTACLE,20.09,20.09,0.0
prasertmanukitch(lad pla kao-liap duan) (fixed),13.830778_100.616912_oglWs_DOjuo0qSOKIwkBhg_190_2025-10.jpg,SAFE,None,0.0,0.0,0.0
prasertmanukitch(lad pla kao-liap duan) (fixed),13.830784_100.618380_GJWgPuFcX2p2JUozTbJahA_11_2025-10.jpg,SAFE,None,9.36,9.36,0.0
prasertmanukitch(lad pla kao-liap duan) (fixed),13.830789_100.618278_4J9v17LmAAGqUBxaRR0Ktw_10_2025-10.jpg,SAFE,None,0.0,0.0,0.0
prasertmanukitch(lad pla kao-liap duan) (fixed),13.830794_100.616819_yOGKBwO5WvqwpfklX2BTWQ_190_2025-10.jpg,SAFE,None,0.0,0.0,0.0
prasertmanukitch(lad pla kao-liap duan) (fixed),13.830799_100.618177_QUqwT4QXWNQjMgDfR8Eysw_10_2025-10.jpg,SAFE,None,0.0,0.0,0.0
prasertmanukitch(lad pla kao-liap duan) (fixed),13.830810_100.616728_GStQu1RGtMvrFO78pT8TIw_190_2025-10.jpg,SAFE,None,0.0,0.0,0.0
prasertmanukitch(lad pla kao-liap duan) (fixed),13.830825_100.616637_7JmlHCxKlPjtWjms7xTA3A_190_2025-10.jpg,SAFE,None,0.0,0.0,0.0
prasertmanukitch(lad pla kao-liap duan) (fixed),13.830833_100.618074_ZjPtXxcaSffrQ8hyq_qGng_10_2025-10.jpg,SAFE,None,0.0,0.0,0.0
prasertmanukitch(lad pla kao-liap duan) (fixed),13.830841_100.616545_AkYROW6p4vx_8ebXlUDo2Q_190_2025-10.jpg,SAFE,None,0.0,0.0,0.0
prasertmanukitch(lad pla kao-liap duan) (fixed),13.830855_100.617992_nzKYH_WZqJ9eXLeIlb9ubQ_10_2025-10.jpg,SAFE,None,11.81,11.81,0.0
prasertmanukitch(lad pla kao-liap duan) (fixed),13.830858_100.616452_Fq3HF-Bg5aluCUiwvZWslQ_190_2025-10.jpg,SAFE,None,0.0,0.0,0.0
prasertmanukitch(lad pla kao-liap duan) (fixed),13.830872_100.617911_ziWJMsnhELsBtKDr8TjAqw_10_2025-10.jpg,SAFE,None,3.94,3.94,0.0
prasertmanukitch(lad pla kao-liap duan) (fixed),13.830875_100.616361_8NFtEYaaCKYkNFSbwy7PyQ_190_2025-10.jpg,SAFE,None,5.47,0.0,5.47
prasertmanukitch(lad pla kao-liap duan) (fixed),13.830890_100.616271_Hj4ojVes3S3I2vZjQfbdwQ_190_2025-10.jpg,SAFE,None,0.0,0.0,0.0
prasertmanukitch(lad pla kao-liap duan) (fixed),13.830898_100.617776_m4gowUk950BVnZddZwPMRw_10_2025-10.jpg,SAFE,None,0.0,0.0,0.0
prasertmanukitch(lad pla kao-liap duan) (fixed),13.830907_100.616180_GLkfbnQkGzl9IYch51ndqQ_191_2025-10.jpg,SAFE,None,0.0,0.0,0.0
prasertmanukitch(lad pla kao-liap duan) (fixed),13.830907_100.617727_SUtoJI0LgEDPLOrU3DuV5Q_10_2025-10.jpg,SAFE,None,0.0,0.0,0.0
prasertmanukitch(lad pla kao-liap duan) (fixed),13.830923_100.617627_0nQHaI8i--iFFRyJzfUrlg_10_2025-10.jpg,SAFE,None,6.38,6.38,0.0
prasertmanukitch(lad pla kao-liap duan) (fixed),13.830924_100.616087_TfteeCLwEAh9OJsOUd1VQA_191_2025-10.jpg,SAFE,None,0.0,0.0,0.0
prasertmanukitch(lad pla kao-liap duan) (fixed),13.830936_100.617529_nvfdstwXgsXv14V9R4DJrA_10_2025-10.jpg,SAFE,None,10.06,10.06,0.0
prasertmanukitch(lad pla kao-liap duan) (fixed),13.830942_100.615993_zZgd5Jzf5M5RnfWctcar4A_191_2025-10.jpg,SAFE,None,0.0,0.0,0.0
prasertmanukitch(lad pla kao-liap duan) (fixed),13.830951_100.617435_wM7RrSI81IGeE4LTYRH_Rg_10_2025-10.jpg,SAFE,None,11.35,11.35,0.0
prasertmanukitch(lad pla kao-liap duan) (fixed),13.830961_100.615899_ixce4IKon783CmWnW7vKsA_191_2025-10.jpg,SAFE,None,0.0,0.0,0.0
prasertmanukitch(lad pla kao-liap duan) (fixed),13.830965_100.617348_IyZjgKoKfvredZA2xvu4JA_11_2025-10.jpg,SAFE,None,0.0,0.0,0.0
prasertmanukitch(lad pla kao-liap duan) (fixed),13.830981_100.615805_e8xWsqHMWw5paPbNIzKB8g_191_2025-10.jpg,SAFE,None,1.58,1.58,0.0
prasertmanukitch(lad pla kao-liap duan) (fixed),13.830988_100.617222_r8QFiSVWIdzzKzufr-BFLA_11_2025-10.jpg,SAFE,None,11.09,11.09,0.0
prasertmanukitch(lad pla kao-liap duan) (fixed),13.830990_100.615759_R7xeVboEA-NmK4Yce2PoIA_191_2025-10.jpg,SAFE,None,0.0,0.0,0.0
prasertmanukitch(lad pla kao-liap duan) (fixed),13.831003_100.617134_GZVyLPRn3jnlLSvsIPLAjA_11_2025-10.jpg,WARNING,SURFACE DAMAGE,20.26,0.0,20.26
prasertmanukitch(lad pla kao-liap duan) (fixed),13.831011_100.617089_tWptpZM9IwrVi3y8lkHGcw_10_2025-10.jpg,SAFE,None,0.0,0.0,0.0
prasertmanukitch(lad pla kao-liap duan) (fixed),13.831028_100.616997_e278w1ognEu1_lNtGj0C8w_10_2025-10.jpg,SAFE,None,0.25,0.25,0.0
prasertmanukitch(lad pla kao-liap duan) (fixed),13.831029_100.615572_2wZT6DDq-YSqFsTZOBcPug_192_2025-10.jpg,SAFE,None,0.0,0.0,0.0
prasertmanukitch(lad pla kao-liap duan) (fixed),13.831048_100.615480_zRCRbh1DRmrSxgLtxOQcBg_192_2025-10.jpg,SAFE,None,17.61,17.61,0.0
prasertmanukitch(lad pla kao-liap duan) (fixed),13.831054_100.616852_XEnGwKBJsSd3DPB6xBcNIw_10_2025-10.jpg,SAFE,None,0.0,0.0,0.0
prasertmanukitch(lad pla kao-liap duan) (fixed),13.831062_100.616806_62UHIWjSotGrnHukpg4G7w_10_2025-10.jpg,SAFE,None,0.0,0.0,0.0
prasertmanukitch(lad pla kao-liap duan) (fixed),13.831069_100.615387_xJkZiHWaU-oJFGMY6xoi3Q_192_2025-10.jpg,SAFE,None,11.8,11.8,0.0
prasertmanukitch(lad pla kao-liap duan) (fixed),13.831078_100.616717_dLt5SGxoPZImD7udDkukwQ_10_2025-10.jpg,SAFE,None,0.0,0.0,0.0
prasertmanukitch(lad pla kao-liap duan) (fixed),13.831080_100.615341_GSkxjYp897Wy3ZVOchMRPg_192_2025-10.jpg,SAFE,None,5.17,5.17,0.0
prasertmanukitch(lad pla kao-liap duan) (fixed),13.831100_100.616586_tyGiuzbETkJ8JvHCtbgCwg_10_2025-10.jpg,SAFE,None,0.0,0.0,0.0
prasertmanukitch(lad pla kao-liap duan) (fixed),13.831115_100.615204_zc1EAQiolbNE4JgSuHlyyw_192_2025-10.jpg,SAFE,None,0.0,0.0,0.0
prasertmanukitch(lad pla kao-liap duan) (fixed),13.831115_100.616498__1vhzF0D-rCmY1YxUjioEg_10_2025-10.jpg,SAFE,None,0.0,0.0,0.0
prasertmanukitch(lad pla kao-liap duan) (fixed),13.831130_100.616409_XEwdWmfhI4wfp8pyS63uhg_10_2025-10.jpg,SAFE,None,0.0,0.0,0.0
prasertmanukitch(lad pla kao-liap duan) (fixed),13.831140_100.615115_iEfsIiwu9u0YotwLJfCVKg_196_2025-10.jpg,SAFE,None,0.0,0.0,0.0
prasertmanukitch(lad pla kao-liap duan) (fixed),13.831145_100.616320_wFqZOv3_p8RaDMlja0X_OA_10_2025-10.jpg,SAFE,None,0.73,0.73,0.0
prasertmanukitch(lad pla kao-liap duan) (fixed),13.831154_100.615071_p39_OaIJC-C4NmH7k1dxFw_196_2025-10.jpg,SAFE,None,8.98,8.98,0.0
prasertmanukitch(lad pla kao-liap duan) (fixed),13.831160_100.616230_A6nmeee6kJpSXHtzJcw9Kg_10_2025-10.jpg,SAFE,None,3.18,3.18,0.0
prasertmanukitch(lad pla kao-liap duan) (fixed),13.831176_100.616140_0ZnQVGTgsmjmXmGivO203Q_10_2025-10.jpg,CRITICAL,OBSTACLE,78.06,78.06,0.0
prasertmanukitch(lad pla kao-liap duan) (fixed),13.831193_100.616051_TKSq0oesKyvSIRX5ozjZ4Q_11_2025-10.jpg,SAFE,None,0.0,0.0,0.0
prasertmanukitch(lad pla kao-liap duan) (fixed),13.831194_100.614938_tz8DqVBTEhe3vmfC5LT54g_196_2025-10.jpg,SAFE,None,0.0,0.0,0.0
prasertmanukitch(lad pla kao-liap duan) (fixed),13.831210_100.615960_CLwSfhJ04DwJXtHpdMraPw_11_2025-10.jpg,CRITICAL,OBSTACLE,36.23,22.12,14.11
prasertmanukitch(lad pla kao-liap duan) (fixed),13.831221_100.614850_pyRsUTSZayDJwxyJFTdenw_196_2025-10.jpg,SAFE,None,0.0,0.0,0.0
prasertmanukitch(lad pla kao-liap duan) (fixed),13.831228_100.615868_kSqQOJ7H0W7wh9_o-28sHw_11_2025-10.jpg,SAFE,None,0.0,0.0,0.0
prasertmanukitch(lad pla kao-liap duan) (fixed),13.831235_100.614806_AFV3CbXzTiYAv1tQ8OHnuA_196_2025-10.jpg,SAFE,None,0.0,0.0,0.0
prasertmanukitch(lad pla kao-liap duan) (fixed),13.831247_100.615776_QgKhYxSrds1sGurfLhr3wg_12_2025-10.jpg,SAFE,None,2.31,2.31,0.0
prasertmanukitch(lad pla kao-liap duan) (fixed),13.831266_100.615685_6wYQxzdf3dm8g7g4WLjaNw_12_2025-10.jpg,SAFE,None,0.0,0.0,0.0
prasertmanukitch(lad pla kao-liap duan) (fixed),13.831276_100.614673_FGcKb9H1_0GuC-C0WAmrSQ_196_2025-10.jpg,SAFE,None,0.0,0.0,0.0
prasertmanukitch(lad pla kao-liap duan) (fixed),13.831286_100.615592_yl56xO0P5iZHAdvhtjUc_A_12_2025-10.jpg,SAFE,None,0.4,0.4,0.0
prasertmanukitch(lad pla kao-liap duan) (fixed),13.831304_100.614583_8-LtBVRVfUAjnOsqpli3rA_196_2025-10.jpg,SAFE,None,0.0,0.0,0.0
prasertmanukitch(lad pla kao-liap duan) (fixed),13.831306_100.615498_PB6PNB68fJJGA-IBoozgLQ_12_2025-10.jpg,SAFE,None,4.74,4.74,0.0
prasertmanukitch(lad pla kao-liap duan) (fixed),13.831328_100.615404_B7BN7nEiRICO6rNzkHK9DA_13_2025-10.jpg,SAFE,None,9.7,9.7,0.0
prasertmanukitch(lad pla kao-liap duan) (fixed),13.831334_100.614491_QTcuhURZij247XXFMVvchw_197_2025-10.jpg,SAFE,None,0.0,0.0,0.0
prasertmanukitch(lad pla kao-liap duan) (fixed),13.831350_100.615310_r_m-lNA71f5HqIpWMt1dHg_14_2025-10.jpg,CRITICAL,OBSTACLE,67.94,67.94,0.0
prasertmanukitch(lad pla kao-liap duan) (fixed),13.831366_100.614399_cuCKND_ooQNiMkKI_ZE-KA_197_2025-10.jpg,SAFE,None,0.0,0.0,0.0
prasertmanukitch(lad pla kao-liap duan) (fixed),13.831372_100.615218_HiE0hwfKi9aUtefTciCf2A_14_2025-10.jpg,SAFE,None,0.52,0.52,0.0
prasertmanukitch(lad pla kao-liap duan) (fixed),13.831380_100.614237_4F_FP6zENVvg6rC1eE45lQ_198_2024-11.jpg,WARNING,OBSTACLE,31.75,31.75,0.0
prasertmanukitch(lad pla kao-liap duan) (fixed),13.831395_100.615126_a_G8J1K1QBi9nRGjGrmqMg_14_2025-10.jpg,SAFE,None,14.98,0.24,14.74
prasertmanukitch(lad pla kao-liap duan) (fixed),13.831400_100.614308_dsXNqC7cRTw3Nj3RMfjchA_197_2025-10.jpg,SAFE,None,8.88,8.88,0.0
prasertmanukitch(lad pla kao-liap duan) (fixed),13.831407_100.614147_s4zeYK7rQLcibnVmHNEhTw_199_2024-11.jpg,SAFE,None,9.07,9.07,0.0
prasertmanukitch(lad pla kao-liap duan) (fixed),13.831419_100.615032_-gCMsiMYMZfM0Y3tTEec4w_14_2025-10.jpg,SAFE,None,0.0,0.0,0.0
prasertmanukitch(lad pla kao-liap duan) (fixed),13.831438_100.614058_bC2oDCn7MlCee15A8K3Dng_199_2024-11.jpg,SAFE,None,0.98,0.98,0.0
prasertmanukitch(lad pla kao-liap duan) (fixed),13.831444_100.614939_Dj9JHDiEXRoWS8h6oMe0VQ_14_2025-10.jpg,SAFE,None,0.53,0.53,0.0
prasertmanukitch(lad pla kao-liap duan) (fixed),13.831467_100.613969_lJS5vnpBF3x9ylgPBnRrgQ_199_2024-11.jpg,SAFE,None,0.66,0.66,0.0
prasertmanukitch(lad pla kao-liap duan) (fixed),13.831469_100.614846_LxrmHpvXapfJcRiE0BUAmg_17_2025-10.jpg,SAFE,None,0.0,0.0,0.0
prasertmanukitch(lad pla kao-liap duan) (fixed),13.831494_100.614752_r4pKYu5-lc-L6QUbHjEqyQ_17_2025-10.jpg,SAFE,None,0.0,0.0,0.0
prasertmanukitch(lad pla kao-liap duan) (fixed),13.831497_100.613881_EtBaSM3gRpzVGu2NDheNEw_201_2024-11.jpg,SAFE,None,6.96,6.96,0.0
prasertmanukitch(lad pla kao-liap duan) (fixed),13.831519_100.614659_40mav_ys2kXZEBjUsvIkZQ_17_2025-10.jpg,SAFE,None,0.0,0.0,0.0
prasertmanukitch(lad pla kao-liap duan) (fixed),13.831526_100.613792_K_29YbNEgS9AnThNsvu99Q_201_2024-11.jpg,SAFE,None,1.03,1.03,0.0
prasertmanukitch(lad pla kao-liap duan) (fixed),13.831532_100.614612_ng0dbIGpIuzKSIYVasmX9Q_17_2025-10.jpg,SAFE,None,0.0,0.0,0.0
prasertmanukitch(lad pla kao-liap duan) (fixed),13.831558_100.613705_oS02zyD_M_GZ2NT1Bw2nBQ_201_2024-11.jpg,SAFE,None,0.73,0.73,0.0
prasertmanukitch(lad pla kao-liap duan) (fixed),13.831559_100.614518_KchWXZJVIFk5UuIr7ahIEQ_17_2025-10.jpg,SAFE,None,6.94,6.94,0.0
prasertmanukitch(lad pla kao-liap duan) (fixed),13.831590_100.613617_1CvWT0y3B_DGKAOdVW2mEQ_202_2024-11.jpg,SAFE,None,0.0,0.0,0.0
prasertmanukitch(lad pla kao-liap duan) (fixed),13.831600_100.614378_vXQRmiRGgg70RZHEb1aUjw_17_2025-10.jpg,SAFE,None,0.0,0.0,0.0
prasertmanukitch(lad pla kao-liap duan) (fixed),13.831606_100.613572_QRN4uGm5Wwl2dDq2heBs1g_202_2024-11.jpg,SAFE,None,1.81,1.06,0.75
prasertmanukitch(lad pla kao-liap duan) (fixed),13.831614_100.614332_u7QwhcBx3I_JnaW6ZgHInQ_17_2025-10.jpg,SAFE,None,4.08,0.0,4.08
prasertmanukitch(lad pla kao-liap duan) (fixed),13.831639_100.613485_bUKQCpMI_6byfTxGdJF-pQ_203_2024-11.jpg,SAFE,None,0.0,0.0,0.0
prasertmanukitch(lad pla kao-liap duan) (fixed),13.831642_100.614238__5Ni-B26EAvaVrFvdDDDVg_17_2025-10.jpg,SAFE,None,3.66,3.66,0.0
prasertmanukitch(lad pla kao-liap duan) (fixed),13.831682_100.614104_0BMVAHOcA9CzSx2KGWUcbg_17_2025-10.jpg,SAFE,None,5.23,5.23,0.0
prasertmanukitch(lad pla kao-liap duan) (fixed),13.831691_100.613353_YjzLVQ_R9i809a9YWYagGg_203_2024-11.jpg,SAFE,None,0.0,0.0,0.0
prasertmanukitch(lad pla kao-liap duan) (fixed),13.831712_100.614012_habETCgWDrxQfzWyjZVr2g_17_2025-10.jpg,SAFE,None,0.0,0.0,0.0
prasertmanukitch(lad pla kao-liap duan) (fixed),13.831725_100.613265_yyo0NTuFje6jDOIIyh4kvw_203_2024-11.jpg,SAFE,None,2.0,2.0,0.0
prasertmanukitch(lad pla kao-liap duan) (fixed),13.831742_100.613921_153G5LsRWYL_PvNM3AhWJw_21_2025-10.jpg,SAFE,None,1.71,1.71,0.0
prasertmanukitch(lad pla kao-liap duan) (fixed),13.831757_100.613875_Q27oxD7_m1YlOp5QHmB47A_21_2025-10.jpg,SAFE,None,0.98,0.98,0.0
prasertmanukitch(lad pla kao-liap duan) (fixed),13.831760_100.613179_mYyZpN7kLo_dvxIhN3t_uw_204_2024-11.jpg,SAFE,None,0.0,0.0,0.0
prasertmanukitch(lad pla kao-liap duan) (fixed),13.831787_100.613784_A0M8PkE8LUQHGZLCwx3k2A_21_2025-10.jpg,SAFE,None,0.0,0.0,0.0
prasertmanukitch(lad pla kao-liap duan) (fixed),13.831795_100.613092_WZfZwJhCoLbSAimzQq9Urw_204_2024-11.jpg,SAFE,None,0.0,0.0,0.0
prasertmanukitch(lad pla kao-liap duan) (fixed),13.831831_100.613006_ETsrsZVW1gZLkA25MPRzSA_204_2024-11.jpg,SAFE,None,0.0,0.0,0.0
prasertmanukitch(lad pla kao-liap duan) (fixed),13.831835_100.613646_sZ-U_vmU_YdBZ6cSc7WkQg_21_2025-10.jpg,SAFE,None,0.91,0.91,0.0
prasertmanukitch(lad pla kao-liap duan) (fixed),13.831853_100.613602_oSeDsC3Ob-Qczgi4KrvYvg_21_2025-10.jpg,SAFE,None,0.67,0.67,0.0
prasertmanukitch(lad pla kao-liap duan) (fixed),13.831868_100.612920_LPAwlam_cSpPShUepvFT4Q_204_2024-11.jpg,SAFE,None,0.62,0.62,0.0
prasertmanukitch(lad pla kao-liap duan) (fixed),13.831894_100.613507_SYKI6DGc4JzO_Ep1R359Xg_22_2025-10.jpg,SAFE,None,0.64,0.64,0.0
prasertmanukitch(lad pla kao-liap duan) (fixed),13.831905_100.612835_ItVTGSstYo9WHrqDpckd0Q_204_2024-11.jpg,SAFE,None,8.78,8.78,0.0
prasertmanukitch(lad pla kao-liap duan) (fixed),13.831942_100.612749_755WJ3khiElxOXNlnmuEsA_204_2024-11.jpg,SAFE,None,12.35,12.35,0.0
prasertmanukitch(lad pla kao-liap duan) (fixed),13.831948_100.613403_Q2zHvNBNhy4RG1OokXInzA_22_2025-10.jpg,SAFE,None,1.42,1.42,0.0
prasertmanukitch(lad pla kao-liap duan) (fixed),13.831980_100.612664_5QaK-BJxC6vrkSgrCfrO8w_204_2024-11.jpg,SAFE,None,1.51,1.51,0.0
prasertmanukitch(lad pla kao-liap duan) (fixed),13.831989_100.613246_53jVeujpr3WH21550NqVGQ_23_2025-04.jpg,SAFE,None,0.0,0.0,0.0
prasertmanukitch(lad pla kao-liap duan) (fixed),13.832032_100.612578_-1FMZ40OafJZVgSnGTknTQ_204_2024-11.jpg,SAFE,None,3.36,3.36,0.0
prasertmanukitch(lad pla kao-liap duan) (fixed),13.832060_100.613143_99Vb6kOHVFhTBw5K7Dsh-w_25_2025-10.jpg,SAFE,None,0.0,0.0,0.0
prasertmanukitch(lad pla kao-liap duan) (fixed),13.832072_100.613103_VmnN6F0rzMP_JVco4RQj5w_25_2025-10.jpg,SAFE,None,0.0,0.0,0.0
prasertmanukitch(lad pla kao-liap duan) (fixed),13.832074_100.612494_hL3POreQVB_jX-9wPoVqRg_204_2024-11.jpg,SAFE,None,1.65,1.65,0.0
prasertmanukitch(lad pla kao-liap duan) (fixed),13.832116_100.612412_tYEUMe5OaV7slCKAK-V2WQ_208_2024-11.jpg,SAFE,None,0.0,0.0,0.0
prasertmanukitch(lad pla kao-liap duan) (fixed),13.832124_100.612981_6-ncNCryUSEkLlHi1JR0GA_25_2025-10.jpg,SAFE,None,0.0,0.0,0.0
prasertmanukitch(lad pla kao-liap duan) (fixed),13.832158_100.612284_E6KZASblztldx3wu_8O2jA_208_2024-11.jpg,SAFE,None,7.71,7.71,0.0
prasertmanukitch(lad pla kao-liap duan) (fixed),13.832162_100.612897_Og3RQe2M0WrlqFmuBnxKFg_27_2025-10.jpg,SAFE,None,1.91,1.91,0.0
prasertmanukitch(lad pla kao-liap duan) (fixed),13.832200_100.612201_NfZ9qmFp3EXt-tWjXjBwyw_208_2024-11.jpg,SAFE,None,0.85,0.85,0.0
prasertmanukitch(lad pla kao-liap duan) (fixed),13.832201_100.612812_o1exAn6NajrT-YYsUXV_YA_27_2025-10.jpg,SAFE,None,0.0,0.0,0.0
prasertmanukitch(lad pla kao-liap duan) (fixed),13.832220_100.612770_R_xqnJjB9HkyV3HAJln_Pg_27_2025-10.jpg,SAFE,None,0.66,0.66,0.0
prasertmanukitch(lad pla kao-liap duan) (fixed),13.832241_100.612118_j84CSACjc0rGLb4oAluNtg_208_2024-11.jpg,SAFE,None,5.84,5.84,0.0
prasertmanukitch(lad pla kao-liap duan) (fixed),13.832279_100.612643_qQhrTnbUXCXdFaAOsUoDEA_27_2025-10.jpg,SAFE,None,15.82,15.82,0.0
prasertmanukitch(lad pla kao-liap duan) (fixed),13.832307_100.612040_uTjUNge9mvDgQe1EM4oNPA_208_2024-11.jpg,SAFE,None,0.41,0.41,0.0
prasertmanukitch(lad pla kao-liap duan) (fixed),13.832319_100.612557_o8iVwucBc4LeBfYNpaNKiA_27_2025-10.jpg,SAFE,None,1.23,1.23,0.0
prasertmanukitch(lad pla kao-liap duan) (fixed),13.832350_100.611959_ySlD2HLS5JdTz2CdjXmYLQ_208_2024-11.jpg,SAFE,None,0.66,0.66,0.0
prasertmanukitch(lad pla kao-liap duan) (fixed),13.832358_100.612474_qWCQGE4xs2trb-G1wHnk-A_27_2025-10.jpg,SAFE,None,8.39,8.39,0.0
prasertmanukitch(lad pla kao-liap duan) (fixed),13.832378_100.612433_fYtY1mDzA82cARf21VqPJg_26_2025-10.jpg,SAFE,None,0.0,0.0,0.0
prasertmanukitch(lad pla kao-liap duan) (fixed),13.832393_100.611878_JZ7i5RP7u_Bvhs98tX1Ebw_208_2024-11.jpg,SAFE,None,0.0,0.0,0.0
prasertmanukitch(lad pla kao-liap duan) (fixed),13.832418_100.612350_92YHe0wH7DLVvRb83vkx1Q_26_2025-10.jpg,SAFE,None,15.08,15.08,0.0
prasertmanukitch(lad pla kao-liap duan) (fixed),13.832437_100.611797_oFSZauYmGa-TQFsuJiax8A_208_2024-11.jpg,SAFE,None,2.86,2.86,0.0
prasertmanukitch(lad pla kao-liap duan) (fixed),13.832481_100.611714_ckj15JiIttN20H3RCpR1wA_208_2024-11.jpg,SAFE,None,0.62,0.62,0.0
prasertmanukitch(lad pla kao-liap duan) (fixed),13.832481_100.612224_DNcSBJuHsfJpSJPz9OzTYA_26_2025-10.jpg,SAFE,None,9.62,9.62,0.0
prasertmanukitch(lad pla kao-liap duan) (fixed),13.832525_100.612139_-DTjv0VT32piMXM1IA57WQ_29_2025-10.jpg,SAFE,None,8.26,8.26,0.0
prasertmanukitch(lad pla kao-liap duan) (fixed),13.832526_100.611631_L_YfQNC-tLKJXCGe2l9i8A_208_2024-11.jpg,SAFE,None,0.0,0.0,0.0
prasertmanukitch(lad pla kao-liap duan) (fixed),13.832548_100.612097_H45BqTb4Q3RHBlOqmRVYUg_29_2025-10.jpg,SAFE,None,6.6,6.6,0.0
prasertmanukitch(lad pla kao-liap duan) (fixed),13.832570_100.611550_lAPSDyPTbzLIQub0NUKxvg_209_2024-11.jpg,SAFE,None,4.92,4.92,0.0
prasertmanukitch(lad pla kao-liap duan) (fixed),13.832615_100.611969_eArvLrv3n-DipwSMsN44tg_29_2025-10.jpg,SAFE,None,0.0,0.0,0.0
prasertmanukitch(lad pla kao-liap duan) (fixed),13.832637_100.611927_4kQAD00NXGRqF3CKX8W1fQ_29_2025-10.jpg,SAFE,None,0.0,0.0,0.0
prasertmanukitch(lad pla kao-liap duan) (fixed),13.832699_100.611803_iun8KO8Yw9cNN_fN44gnaQ_29_2025-10.jpg,SAFE,None,1.46,1.46,0.0
prasertmanukitch(lad pla kao-liap duan) (fixed),13.832739_100.611716_8isyrKD6l75-HcPtkFYqQw_29_2025-10.jpg,SAFE,None,0.0,0.0,0.0
prasertmanukitch(lad pla kao-liap duan) (fixed),13.832779_100.611628_D35_ZhWSyxwamENrfmFMgQ_29_2025-10.jpg,SAFE,None,7.6,7.6,0.0
prasertmanukitch(lad pla kao-liap duan) (fixed),13.832799_100.611583_iwiDviScHcA96UfPbsT12g_29_2025-10.jpg,SAFE,None,7.34,7.34,0.0
prasertmanukitch(lad pla kao-liap duan) (fixed),13.832954_100.610858_eXG55rEqWgaFHUs6w9cDYg_211_2024-11.jpg,SAFE,None,0.0,0.0,0.0
prasertmanukitch(lad pla kao-liap duan) (fixed),13.832977_100.610818_Kr99JCaCyhJclMIp5sYn_Q_210_2024-11.jpg,SAFE,None,0.85,0.85,0.0
prasertmanukitch(lad pla kao-liap duan) (fixed),13.833022_100.610737_oAXMDIkX3WP2CdJncuJ7DA_210_2024-11.jpg,SAFE,None,0.0,0.0,0.0
prasertmanukitch(lad pla kao-liap duan) (fixed),13.833068_100.610656_KbbcOj8Ds12V0ur-Gm3DvQ_210_2024-11.jpg,SAFE,None,0.0,0.0,0.0
prasertmanukitch(lad pla kao-liap duan) (fixed),13.833114_100.610573_pVAZrC-DSqbqZisYqxrAjg_210_2024-11.jpg,SAFE,None,0.55,0.55,0.0
prasertmanukitch(lad pla kao-liap duan) (fixed),13.833152_100.610957_mi91PN8i_ASNySRgvD9ZmQ_31_2025-04.jpg,SAFE,None,1.07,1.07,0.0
prasertmanukitch(lad pla kao-liap duan) (fixed),13.833160_100.610491_iw_7zRJNKrpfolX7RRrIJQ_210_2024-11.jpg,SAFE,None,0.0,0.0,0.0
prasertmanukitch(lad pla kao-liap duan) (fixed),13.833198_100.610874_MzEIgQF0afxMUZMYFzOFXw_29_2025-04.jpg,SAFE,None,0.0,0.0,0.0
prasertmanukitch(lad pla kao-liap duan) (fixed),13.833206_100.610409_w9tRVExRznP6FnZ7XYfuPA_210_2024-11.jpg,SAFE,None,0.68,0.68,0.0
prasertmanukitch(lad pla kao-liap duan) (fixed),13.833244_100.610791_Zo5NQTdp4DBilKnXa-wqiA_29_2025-04.jpg,SAFE,None,2.11,2.11,0.0
prasertmanukitch(lad pla kao-liap duan) (fixed),13.833251_100.610326_Zbja2CWXV39IbiDoBSr6oQ_210_2024-11.jpg,SAFE,None,0.0,0.0,0.0
prasertmanukitch(lad pla kao-liap duan) (fixed),13.833290_100.610707_UlN50xjWsW3guNbbBuI4ZQ_29_2025-04.jpg,SAFE,None,7.4,7.4,0.0
prasertmanukitch(lad pla kao-liap duan) (fixed),13.833297_100.610244_WtzddAnJOc8gIsts6tqIMg_210_2024-11.jpg,SAFE,None,0.0,0.0,0.0
prasertmanukitch(lad pla kao-liap duan) (fixed),13.833337_100.610623_yLYH-yt9V89DCwojfSWjIQ_29_2025-04.jpg,SAFE,None,0.73,0.73,0.0
prasertmanukitch(lad pla kao-liap duan) (fixed),13.833343_100.610162_9IhR1KOM6PrpK5cXRigTSQ_210_2024-11.jpg,SAFE,None,0.0,0.0,0.0
prasertmanukitch(lad pla kao-liap duan) (fixed),13.833382_100.610540_4AjYgkUIrK9dWkKR9HNJpA_29_2025-04.jpg,SAFE,None,0.74,0.74,0.0
prasertmanukitch(lad pla kao-liap duan) (fixed),13.833389_100.610080_V3WPO3BAToDtcrCNgSTSSw_210_2024-11.jpg,SAFE,None,0.0,0.0,0.0
prasertmanukitch(lad pla kao-liap duan) (fixed),13.833429_100.610458_TIunC5WDl9sCNKMBWomymg_29_2025-04.jpg,SAFE,None,0.0,0.0,0.0
prasertmanukitch(lad pla kao-liap duan) (fixed),13.833436_100.609999_9el2Inl1TUN6EZPvnu2J_Q_210_2024-11.jpg,SAFE,None,0.0,0.0,0.0
prasertmanukitch(lad pla kao-liap duan) (fixed),13.833476_100.610372_I7y8obVTWu3Az7JSgMefTA_29_2025-04.jpg,SAFE,None,1.16,1.16,0.0
prasertmanukitch(lad pla kao-liap duan) (fixed),13.833482_100.609917__9WQ20nnPedotOVjV897LQ_210_2024-11.jpg,SAFE,None,0.0,0.0,0.0
prasertmanukitch(lad pla kao-liap duan) (fixed),13.833524_100.610288_w76QxIsPzGHG-BrHp_O8Qg_30_2025-04.jpg,SAFE,None,0.74,0.74,0.0
prasertmanukitch(lad pla kao-liap duan) (fixed),13.833528_100.609836_hMoc14XCTh-FLXuVkcQfAw_210_2024-11.jpg,SAFE,None,1.17,1.17,0.0
prasertmanukitch(lad pla kao-liap duan) (fixed),13.833570_100.610207_Om7NF0kjUTQ9sQsVXyLctA_30_2025-04.jpg,SAFE,None,1.54,1.54,0.0
prasertmanukitch(lad pla kao-liap duan) (fixed),13.833573_100.609753_J-Co6CZGgpAYmfdEVpEluQ_210_2024-11.jpg,SAFE,None,0.0,0.0,0.0
prasertmanukitch(lad pla kao-liap duan) (fixed),13.833615_100.610127_lTnKXyhDsF4_13Rj2eJS3g_30_2025-04.jpg,SAFE,None,1.24,1.24,0.0
prasertmanukitch(lad pla kao-liap duan) (fixed),13.833619_100.609672_v82Uh1JREOh7K5vyLUX2Ow_210_2024-11.jpg,SAFE,None,0.0,0.0,0.0
prasertmanukitch(lad pla kao-liap duan) (fixed),13.833659_100.610049_6t8H11gs1GJclVWM0M8v6g_30_2025-04.jpg,SAFE,None,0.0,0.0,0.0
prasertmanukitch(lad pla kao-liap duan) (fixed),13.833663_100.609591_HeZDiyQHxoz0yWx2iSm6XQ_210_2024-11.jpg,SAFE,None,0.42,0.42,0.0
prasertmanukitch(lad pla kao-liap duan) (fixed),13.833705_100.609969_jf5X774rhTJO5WoOo802nA_30_2025-04.jpg,SAFE,None,6.98,6.98,0.0
prasertmanukitch(lad pla kao-liap duan) (fixed),13.833708_100.609511_tZa7r4lAllyBUhd35PZZ5w_210_2024-11.jpg,SAFE,None,4.75,4.75,0.0
prasertmanukitch(lad pla kao-liap duan) (fixed),13.833751_100.609888_STkkiJ8jCul3BYeZ7b0zCw_30_2025-04.jpg,SAFE,None,2.35,2.35,0.0
prasertmanukitch(lad pla kao-liap duan) (fixed),13.833754_100.609430_oom5GI-f-OSp1f43e9CSYA_210_2024-11.jpg,SAFE,None,1.36,1.36,0.0
prasertmanukitch(lad pla kao-liap duan) (fixed),13.833797_100.609806_mk2KuWw9Mni1PNlXzTYGiA_30_2025-04.jpg,SAFE,None,0.0,0.0,0.0
prasertmanukitch(lad pla kao-liap duan) (fixed),13.833799_100.609350_8EnaRE3TqGs32lvV5BwCBw_210_2024-11.jpg,SAFE,None,0.0,0.0,0.0
prasertmanukitch(lad pla kao-liap duan) (fixed),13.833842_100.609726_6hOd0aRwdrgsuG2LteEY5Q_30_2025-04.jpg,SAFE,None,2.09,2.09,0.0
prasertmanukitch(lad pla kao-liap duan) (fixed),13.833844_100.609270_R34j_3An5zgVrYuh4XI3rA_210_2024-11.jpg,SAFE,None,0.0,0.0,0.0
prasertmanukitch(lad pla kao-liap duan) (fixed),13.833887_100.609644_PMqf1yNg6p7VUAE0ZfidTQ_30_2025-04.jpg,SAFE,None,5.98,5.98,0.0
prasertmanukitch(lad pla kao-liap duan) (fixed),13.833889_100.609190_zZ7P-AiatHeU5RQCJqYKJg_210_2024-11.jpg,SAFE,None,2.31,2.31,0.0
prasertmanukitch(lad pla kao-liap duan) (fixed),13.833930_100.609109_8P571EzALhoszsTNYIbLPw_210_2024-11.jpg,SAFE,None,0.52,0.52,0.0
prasertmanukitch(lad pla kao-liap duan) (fixed),13.833933_100.609562_lorsVFo9PNnyXMlC16asjA_30_2025-04.jpg,SAFE,None,0.0,0.0,0.0
prasertmanukitch(lad pla kao-liap duan) (fixed),13.833970_100.609025_BQkkjxzqVPewxM3UUoNPCA_210_2024-11.jpg,SAFE,None,0.67,0.67,0.0
prasertmanukitch(lad pla kao-liap duan) (fixed),13.833979_100.609480_fu7k8CgsZyKzvg8ncc2Y_Q_30_2025-04.jpg,SAFE,None,0.77,0.77,0.0
prasertmanukitch(lad pla kao-liap duan) (fixed),13.834010_100.608942_74l0G2EgwaxTVEHGmJckgg_210_2024-11.jpg,SAFE,None,10.95,10.95,0.0
prasertmanukitch(lad pla kao-liap duan) (fixed),13.834025_100.609396_-hXS9vAU4P-8MKt4AG8Kyw_30_2025-04.jpg,SAFE,None,0.0,0.0,0.0
prasertmanukitch(lad pla kao-liap duan) (fixed),13.834051_100.608862_LE3rdGXwVf78rjMiclrIeg_210_2024-11.jpg,SAFE,None,5.54,5.54,0.0
prasertmanukitch(lad pla kao-liap duan) (fixed),13.834071_100.609311_XsoXTAvmjgp7f7f3rpV2xg_30_2025-04.jpg,SAFE,None,0.0,0.0,0.0
prasertmanukitch(lad pla kao-liap duan) (fixed),13.834092_100.608786_RA1r7MUtf4-8UnBItP4iaQ_210_2024-11.jpg,SAFE,None,0.68,0.68,0.0
prasertmanukitch(lad pla kao-liap duan) (fixed),13.834117_100.609228_O7jDcF4WuSezfVT_W75gEg_30_2025-04.jpg,SAFE,None,0.48,0.48,0.0
prasertmanukitch(lad pla kao-liap duan) (fixed),13.834133_100.608713_abcPj5ih3h-_OiDoOzbizg_210_2024-11.jpg,SAFE,None,0.71,0.71,0.0
prasertmanukitch(lad pla kao-liap duan) (fixed),13.834163_100.609145_nfplbjvLfmkp_jEi0Mib1A_30_2025-04.jpg,SAFE,None,0.0,0.0,0.0
prasertmanukitch(lad pla kao-liap duan) (fixed),13.834209_100.609062_-shMFb-DhbPV29pvEOUXPw_30_2025-04.jpg,WARNING,SURFACE DAMAGE,25.91,6.58,19.33
prasertmanukitch(lad pla kao-liap duan) (fixed),13.834228_100.608542_g7B073S3ppvDwHNad4y0EA_207_2024-11.jpg,SAFE,None,10.0,10.0,0.0
prasertmanukitch(lad pla kao-liap duan) (fixed),13.834257_100.608978_qxqmofk9m2-S-6imrD5BRw_30_2025-04.jpg,SAFE,None,0.0,0.0,0.0
prasertmanukitch(lad pla kao-liap duan) (fixed),13.834280_100.608453_yhirZfK04Fr4BLRsHEZuCw_210_2024-11.jpg,SAFE,None,3.32,0.0,3.32
prasertmanukitch(lad pla kao-liap duan) (fixed),13.834305_100.608894_bvYtZRhQ8eRmeV0WcaPaFQ_30_2025-04.jpg,SAFE,None,9.99,9.99,0.0
prasertmanukitch(lad pla kao-liap duan) (fixed),13.834329_100.608366_yFFHgnrM7gFeDgP0-doGVA_210_2024-11.jpg,SAFE,None,10.18,10.18,0.0
prasertmanukitch(lad pla kao-liap duan) (fixed),13.834353_100.608323_bhyG9sYOJYQQ11UYKz_qNg_210_2024-11.jpg,SAFE,None,0.0,0.0,0.0
prasertmanukitch(lad pla kao-liap duan) (fixed),13.834353_100.608805_XBMbbSPecfTk2o4X4JJcvg_30_2025-04.jpg,SAFE,None,8.45,8.45,0.0
prasertmanukitch(lad pla kao-liap duan) (fixed),13.834378_100.608762_exznUVF-OhJHiJSnSpG-4g_30_2025-04.jpg,SAFE,None,0.0,0.0,0.0
prasertmanukitch(lad pla kao-liap duan) (fixed),13.834400_100.608240_tOz2rI0TU7KmzekbWGiCBw_210_2024-11.jpg,SAFE,None,0.85,0.85,0.0
prasertmanukitch(lad pla kao-liap duan) (fixed),13.834430_100.608665_iI3ujfi27KGQntziHsycvg_30_2025-04.jpg,SAFE,None,0.0,0.0,0.0
prasertmanukitch(lad pla kao-liap duan) (fixed),13.834446_100.608157_oKlWUrAbYz3UV0Syj8bjfQ_210_2024-11.jpg,SAFE,None,1.87,1.87,0.0
prasertmanukitch(lad pla kao-liap duan) (fixed),13.834487_100.608561_KY4r6Mh0OegZ7fGDjvNA_Q_30_2025-04.jpg,SAFE,None,0.0,0.0,0.0
prasertmanukitch(lad pla kao-liap duan) (fixed),13.834492_100.608074_d0pqXkgzNV6XvPWyguABuw_210_2024-11.jpg,SAFE,None,0.0,0.0,0.0
prasertmanukitch(lad pla kao-liap duan) (fixed),13.834527_100.608487_7SyhdxdQAyY_gKma9drnLA_30_2025-04.jpg,SAFE,None,0.0,0.0,0.0
prasertmanukitch(lad pla kao-liap duan) (fixed),13.834539_100.607991_gnGPGxGTu57cuw98-WiXlg_210_2024-11.jpg,SAFE,None,2.63,0.0,2.63
prasertmanukitch(lad pla kao-liap duan) (fixed),13.834570_100.608411_A7ILPYeOL3S-d0o8-SBLRw_30_2025-04.jpg,SAFE,None,0.0,0.0,0.0
prasertmanukitch(lad pla kao-liap duan) (fixed),13.834586_100.607908_cGDYBVUKhNiChbsh4UQFMg_210_2024-11.jpg,SAFE,None,2.81,2.81,0.0
prasertmanukitch(lad pla kao-liap duan) (fixed),13.834592_100.608371_-j4kv13FohShj8M50iXK0w_30_2025-04.jpg,SAFE,None,0.0,0.0,0.0
prasertmanukitch(lad pla kao-liap duan) (fixed),13.834633_100.607824_qUps5D4FsCp3riGUlccoOQ_210_2024-11.jpg,SAFE,None,0.67,0.67,0.0
prasertmanukitch(lad pla kao-liap duan) (fixed),13.834659_100.608248_U38ny-ug71eAxgXwb81G4w_30_2025-04.jpg,SAFE,None,0.0,0.0,0.0
prasertmanukitch(lad pla kao-liap duan) (fixed),13.834681_100.607740_fpz0buK_zZ61l33Q155PGg_210_2024-11.jpg,SAFE,None,0.0,0.0,0.0
prasertmanukitch(lad pla kao-liap duan) (fixed),13.834724_100.608129_GZ3vSysvOLiYQBoiJkazyA_30_2025-04.jpg,SAFE,None,0.0,0.0,0.0
prasertmanukitch(lad pla kao-liap duan) (fixed),13.834729_100.607657_mO_1YOY7mV73-CEIMaoQWw_210_2024-11.jpg,SAFE,None,0.0,0.0,0.0
prasertmanukitch(lad pla kao-liap duan) (fixed),13.834768_100.608050_0OacIGkUJ55tQT9SZGqAmQ_30_2025-04.jpg,ERROR (No Sidewalk),SURFACE DAMAGE,-1,0.0,0.0
prasertmanukitch(lad pla kao-liap duan) (fixed),13.834777_100.607575_73lf73E_avcjqrs09Zmeqw_210_2024-11.jpg,SAFE,None,5.33,5.33,0.0
prasertmanukitch(lad pla kao-liap duan) (fixed),13.834813_100.607970_aYld-7TlxavojLqVaUhY4g_30_2025-04.jpg,SAFE,None,0.0,0.0,0.0
prasertmanukitch(lad pla kao-liap duan) (fixed),13.834826_100.607492_ZDALXuJdZEwfAjeej8bgAw_210_2024-11.jpg,SAFE,None,0.0,0.0,0.0
prasertmanukitch(lad pla kao-liap duan) (fixed),13.834858_100.607891_EcPxHeza3VM_UZMJUXY7Hw_30_2025-04.jpg,SAFE,None,0.0,0.0,0.0
prasertmanukitch(lad pla kao-liap duan) (fixed),13.834875_100.607410_g4Lpn9lFUpgllG4o698v0g_210_2024-11.jpg,SAFE,None,0.0,0.0,0.0
prasertmanukitch(lad pla kao-liap duan) (fixed),13.834923_100.607329_eVwx4PDQyk50wu-FramkKg_210_2024-11.jpg,SAFE,None,0.0,0.0,0.0
prasertmanukitch(lad pla kao-liap duan) (fixed),13.834925_100.607769_cmF73l9tY4KSTAIseGqAUA_30_2025-04.jpg,SAFE,None,0.48,0.48,0.0
prasertmanukitch(lad pla kao-liap duan) (fixed),13.834971_100.607249_U_RVLNZfQmiXfBXJZNHTUw_210_2024-11.jpg,SAFE,None,0.0,0.0,0.0
prasertmanukitch(lad pla kao-liap duan) (fixed),13.834971_100.607688_JSL6BG_nsgksLBEB4YwPcQ_30_2025-04.jpg,SAFE,None,0.0,0.0,0.0
prasertmanukitch(lad pla kao-liap duan) (fixed),13.835018_100.607170_t6yDPeSHEUqi3C8yQ4Q0pA_210_2024-11.jpg,SAFE,None,0.0,0.0,0.0
prasertmanukitch(lad pla kao-liap duan) (fixed),13.835018_100.607609_ew_etzuRl7Fm-ufVicxS3Q_30_2025-04.jpg,SAFE,None,0.0,0.0,0.0
prasertmanukitch(lad pla kao-liap duan) (fixed),13.835064_100.607529_9GOKq0uQKZGrsJg9W2vZVA_30_2025-04.jpg,SAFE,None,0.0,0.0,0.0
prasertmanukitch(lad pla kao-liap duan) (fixed),13.835065_100.607090_CxaFeMlfG6mwEhZ01mU02A_210_2024-11.jpg,SAFE,None,2.67,2.67,0.0
prasertmanukitch(lad pla kao-liap duan) (fixed),13.835110_100.607450_UcpOitbnyIJw0rGKsv_MPw_30_2025-04.jpg,SAFE,None,7.63,7.63,0.0
prasertmanukitch(lad pla kao-liap duan) (fixed),13.835112_100.607010_fVBERrJ6-8NALYY6tCniQw_210_2024-11.jpg,SAFE,None,0.0,0.0,0.0
prasertmanukitch(lad pla kao-liap duan) (fixed),13.835156_100.607370_uG2Gk06dQ3UBNbVdCrCuCw_30_2025-04.jpg,SAFE,None,6.27,6.27,0.0
prasertmanukitch(lad pla kao-liap duan) (fixed),13.835158_100.606931_a1CNgUkoEMRJQ__0S1a4VA_210_2024-11.jpg,SAFE,None,2.97,2.97,0.0
prasertmanukitch(lad pla kao-liap duan) (fixed),13.835201_100.607289_WYZ_4UQrFA6xNAgBM6kH-Q_30_2025-04.jpg,SAFE,None,0.0,0.0,0.0
prasertmanukitch(lad pla kao-liap duan) (fixed),13.835204_100.606851_oR8LDFc9Aly17BZk0rpnPw_210_2024-11.jpg,SAFE,None,0.0,0.0,0.0
prasertmanukitch(lad pla kao-liap duan) (fixed),13.835246_100.607208_r8K9oE0MpaXWvi71q3i49A_30_2025-04.jpg,SAFE,None,0.0,0.0,0.0
prasertmanukitch(lad pla kao-liap duan) (fixed),13.835250_100.606772_sEE6A484czZ_O3zHP0XWXw_210_2024-11.jpg,SAFE,None,3.54,3.54,0.0
prasertmanukitch(lad pla kao-liap duan) (fixed),13.835291_100.607126_QqQAYGI52OHX4F63mXhaPw_30_2025-04.jpg,SAFE,None,0.0,0.0,0.0
prasertmanukitch(lad pla kao-liap duan) (fixed),13.835296_100.606692_FQXoauCGiUU1sDN1f6rJbw_210_2024-11.jpg,SAFE,None,0.0,0.0,0.0
prasertmanukitch(lad pla kao-liap duan) (fixed),13.835335_100.607045_frUzgtY3bz4w3dPfGJ-yLg_30_2025-04.jpg,SAFE,None,6.11,6.11,0.0
prasertmanukitch(lad pla kao-liap duan) (fixed),13.835342_100.606612_Y24ve00qfI9-0S2oHJA8rw_210_2024-11.jpg,SAFE,None,0.0,0.0,0.0
prasertmanukitch(lad pla kao-liap duan) (fixed),13.835379_100.606964_Ot6XiMoB4DuxdYczJjxqMw_30_2025-04.jpg,SAFE,None,0.0,0.0,0.0
prasertmanukitch(lad pla kao-liap duan) (fixed),13.835389_100.606531_yq2Ir17czXnNTwb_xzAe0g_210_2024-11.jpg,SAFE,None,0.0,0.0,0.0
prasertmanukitch(lad pla kao-liap duan) (fixed),13.835424_100.606884_mUandsCv3645w6QxbAqB1Q_30_2025-04.jpg,SAFE,None,0.36,0.36,0.0
prasertmanukitch(lad pla kao-liap duan) (fixed),13.835435_100.606450_ml847dSanSgfOUZwvDYmSA_210_2024-11.jpg,SAFE,None,0.0,0.0,0.0
prasertmanukitch(lad pla kao-liap duan) (fixed),13.835469_100.606802_p2YGdL7Hi5zgdprCsHJfeA_30_2025-04.jpg,SAFE,None,0.52,0.52,0.0
prasertmanukitch(lad pla kao-liap duan) (fixed),13.835481_100.606369_BmkTYKLCqKRtuCbJwRQndQ_210_2024-11.jpg,SAFE,None,1.7,1.7,0.0
prasertmanukitch(lad pla kao-liap duan) (fixed),13.835515_100.606721_C5yZI0m0ph_eZOhs7Gf8MA_30_2025-04.jpg,SAFE,None,0.0,0.0,0.0
prasertmanukitch(lad pla kao-liap duan) (fixed),13.835528_100.606287_nn-KkvomjpUgKaIgtB0HNw_210_2024-11.jpg,SAFE,None,0.0,0.0,0.0
prasertmanukitch(lad pla kao-liap duan) (fixed),13.835560_100.606640_avt0VcSV9dmuIs00Sorbhg_30_2025-04.jpg,SAFE,None,0.0,0.0,0.0
prasertmanukitch(lad pla kao-liap duan) (fixed),13.835573_100.606207_am-qavtju0NgIpp4OgQHdg_210_2024-11.jpg,SAFE,None,0.0,0.0,0.0
prasertmanukitch(lad pla kao-liap duan) (fixed),13.835606_100.606558_dripNtKzryCDOkYrJYDCfw_30_2025-04.jpg,SAFE,None,0.0,0.0,0.0
prasertmanukitch(lad pla kao-liap duan) (fixed),13.835619_100.606126_BNJci0faul4bMx1U6astMg_210_2024-11.jpg,SAFE,None,0.0,0.0,0.0
prasertmanukitch(lad pla kao-liap duan) (fixed),13.835652_100.606477_axRm3uekBdq10cUMvtmiXw_30_2025-04.jpg,SAFE,None,0.0,0.0,0.0
prasertmanukitch(lad pla kao-liap duan) (fixed),13.835664_100.606046_wcA8JlcPdG8v_65HhyF4xw_210_2024-11.jpg,SAFE,None,0.0,0.0,0.0
prasertmanukitch(lad pla kao-liap duan) (fixed),13.835698_100.606395_wz7WkkThNjnOrN-7xXm6tA_30_2025-04.jpg,SAFE,None,1.03,1.03,0.0
prasertmanukitch(lad pla kao-liap duan) (fixed),13.835709_100.605965_qn0AyphS_A0xwFLPVQNODw_210_2024-11.jpg,SAFE,None,0.0,0.0,0.0
prasertmanukitch(lad pla kao-liap duan) (fixed),13.835744_100.606313_PftPuU93hQFw1fRNbKOkKw_30_2025-04.jpg,SAFE,None,0.0,0.0,0.0
prasertmanukitch(lad pla kao-liap duan) (fixed),13.835755_100.605884_VTG8nYnVf77-LM3LdNjVHw_210_2024-11.jpg,SAFE,None,0.0,0.0,0.0
prasertmanukitch(lad pla kao-liap duan) (fixed),13.835790_100.606231_ylgECcjfyDHxoeB4-7bR2Q_30_2025-04.jpg,SAFE,None,0.0,0.0,0.0
prasertmanukitch(lad pla kao-liap duan) (fixed),13.835800_100.605803_GtY-XXnWUTZM-q2tux_2pw_210_2024-11.jpg,SAFE,None,0.0,0.0,0.0
prasertmanukitch(lad pla kao-liap duan) (fixed),13.835836_100.606149_FGs2omAsyRhKF3WWAtnEZA_30_2025-04.jpg,SAFE,None,0.0,0.0,0.0
prasertmanukitch(lad pla kao-liap duan) (fixed),13.835845_100.605724_Rx38rssnm_Gtge0NttFr4Q_210_2024-11.jpg,SAFE,None,0.0,0.0,0.0
prasertmanukitch(lad pla kao-liap duan) (fixed),13.835882_100.606067_1E8ijGRnaw2q4ILr0wmmdQ_30_2025-04.jpg,SAFE,None,0.0,0.0,0.0
prasertmanukitch(lad pla kao-liap duan) (fixed),13.835888_100.605646_zV6LIQEg-lqEY_2QDPGsLw_210_2024-11.jpg,SAFE,None,0.0,0.0,0.0
prasertmanukitch(lad pla kao-liap duan) (fixed),13.835928_100.605985_9ykPdNzseiOQC1kvxCogSg_30_2025-04.jpg,SAFE,None,0.0,0.0,0.0
prasertmanukitch(lad pla kao-liap duan) (fixed),13.835932_100.605569_qeMdN2RaxtABjKyAz-qfQA_210_2024-11.jpg,SAFE,None,0.0,0.0,0.0
prasertmanukitch(lad pla kao-liap duan) (fixed),13.835974_100.605903_F1MksNWkaUJnbCbEwcjZnA_30_2025-04.jpg,SAFE,None,4.64,4.64,0.0
prasertmanukitch(lad pla kao-liap duan) (fixed),13.835976_100.605490_F_Vhn7Nc-YO31EW4jVJktQ_210_2024-11.jpg,SAFE,None,0.0,0.0,0.0
prasertmanukitch(lad pla kao-liap duan) (fixed),13.836020_100.605411_ARwlrwKHD99xM1ArfRpAWA_210_2024-11.jpg,SAFE,None,0.0,0.0,0.0
prasertmanukitch(lad pla kao-liap duan) (fixed),13.836021_100.605821_IaJNDIIuCCez6iyP-YlFFg_30_2025-04.jpg,SAFE,None,0.0,0.0,0.0
prasertmanukitch(lad pla kao-liap duan) (fixed),13.836064_100.605332_uLBO9MzI9cS8nwxTzOEiww_210_2024-11.jpg,SAFE,None,0.0,0.0,0.0
prasertmanukitch(lad pla kao-liap duan) (fixed),13.836067_100.605739_vJ3T9w6UFOjnJ45NHg-A1w_30_2025-04.jpg,SAFE,None,0.0,0.0,0.0
prasertmanukitch(lad pla kao-liap duan) (fixed),13.836109_100.605253_cfLcmuHc5OkvvS7cSFQ5zQ_210_2024-11.jpg,SAFE,None,0.87,0.87,0.0
prasertmanukitch(lad pla kao-liap duan) (fixed),13.836113_100.605656_n2UMiB7C57mL64drHcw1wA_30_2025-04.jpg,SAFE,None,0.31,0.31,0.0
prasertmanukitch(lad pla kao-liap duan) (fixed),13.836153_100.605175_OB5GYBZH7MbnyLnkzzWOew_210_2024-11.jpg,SAFE,None,0.0,0.0,0.0
prasertmanukitch(lad pla kao-liap duan) (fixed),13.836159_100.605574_OgcdYeUKJvX3PJ1lWUaEbQ_30_2025-04.jpg,SAFE,None,7.69,7.69,0.0
prasertmanukitch(lad pla kao-liap duan) (fixed),13.836197_100.605097_MlbbAt__RJbeEuoElmcj1Q_210_2024-11.jpg,SAFE,None,3.93,3.93,0.0
prasertmanukitch(lad pla kao-liap duan) (fixed),13.836205_100.605492_X7KRgUZZ3EPRf0DiEUIopw_30_2025-04.jpg,SAFE,None,0.96,0.96,0.0
prasertmanukitch(lad pla kao-liap duan) (fixed),13.836242_100.605018_yHz7GxGDqc1LhiNXXuqGhA_210_2024-11.jpg,SAFE,None,0.0,0.0,0.0
prasertmanukitch(lad pla kao-liap duan) (fixed),13.836251_100.605409_IycVZZEq0igExBBEk2cUNA_30_2025-04.jpg,SAFE,None,0.49,0.49,0.0
prasertmanukitch(lad pla kao-liap duan) (fixed),13.836285_100.604940_6c5zI-dYIpKSTVWn9zjs6A_210_2024-11.jpg,SAFE,None,0.0,0.0,0.0
prasertmanukitch(lad pla kao-liap duan) (fixed),13.836297_100.605326_tv9HH96GDfeTcXSsMrYg-g_30_2025-04.jpg,SAFE,None,0.84,0.84,0.0
prasertmanukitch(lad pla kao-liap duan) (fixed),13.836330_100.604862_OUCS70MIcPnBfPrmn-e74A_210_2024-11.jpg,SAFE,None,0.0,0.0,0.0
prasertmanukitch(lad pla kao-liap duan) (fixed),13.836342_100.605244_YAQIrbbQPUnJIjnh-U0rjA_30_2025-04.jpg,SAFE,None,0.0,0.0,0.0
prasertmanukitch(lad pla kao-liap duan) (fixed),13.836373_100.604785_FdKqB5fMQG0c_yrxz5W3Kg_210_2024-11.jpg,SAFE,None,0.0,0.0,0.0
prasertmanukitch(lad pla kao-liap duan) (fixed),13.836388_100.605161_dCIlgnMP7nuXvUQIfb4niA_30_2025-04.jpg,SAFE,None,1.96,1.96,0.0
prasertmanukitch(lad pla kao-liap duan) (fixed),13.836425_100.604692_6SV7oWrv9zStcK8eSAVdYQ_210_2024-11.jpg,SAFE,None,0.0,0.0,0.0
prasertmanukitch(lad pla kao-liap duan) (fixed),13.836433_100.605079_uaFM53ujf_wO29gy1nI8Ow_30_2025-04.jpg,SAFE,None,0.0,0.0,0.0
prasertmanukitch(lad pla kao-liap duan) (fixed),13.836479_100.604596_8KZDwkcgL9-7kEjlkd_6-g_210_2024-11.jpg,SAFE,None,0.0,0.0,0.0
prasertmanukitch(lad pla kao-liap duan) (fixed),13.836479_100.604997_e8lE1I80McTWlg8tgMueug_30_2025-04.jpg,SAFE,None,0.0,0.0,0.0
prasertmanukitch(lad pla kao-liap duan) (fixed),13.836525_100.604915_i-GYVdaXZVZoZpzImHxFag_30_2025-04.jpg,SAFE,None,0.0,0.0,0.0
prasertmanukitch(lad pla kao-liap duan) (fixed),13.836527_100.604509_ZMOlpdGaybd-iDI5d6xZqw_210_2024-11.jpg,SAFE,None,0.0,0.0,0.0
prasertmanukitch(lad pla kao-liap duan) (fixed),13.836571_100.604833_1cdbnXFSy_fyoW7-45NY0g_30_2025-04.jpg,SAFE,None,0.0,0.0,0.0
prasertmanukitch(lad pla kao-liap duan) (fixed),13.836572_100.604429_erzYkoaHsmKcwbapDlKhJA_210_2024-11.jpg,SAFE,None,0.0,0.0,0.0
prasertmanukitch(lad pla kao-liap duan) (fixed),13.836617_100.604349_lcVfZkl3CPEa5557KY188g_210_2024-11.jpg,SAFE,None,0.0,0.0,0.0
prasertmanukitch(lad pla kao-liap duan) (fixed),13.836618_100.604751_a7BomV6rOCSeDCmXfnUsrw_30_2025-04.jpg,SAFE,None,0.0,0.0,0.0
prasertmanukitch(lad pla kao-liap duan) (fixed),13.836662_100.604271_TyA9I2-xDx7_Ex5oOLoQ8Q_210_2024-11.jpg,SAFE,None,0.0,0.0,0.0
prasertmanukitch(lad pla kao-liap duan) (fixed),13.836665_100.604670_cqBC9NOxMcWrd7vvFHP_nQ_30_2025-04.jpg,SAFE,None,0.0,0.0,0.0
prasertmanukitch(lad pla kao-liap duan) (fixed),13.836708_100.604190_-ZASrmr5N8GRJsG39NRhJw_210_2024-11.jpg,SAFE,None,0.0,0.0,0.0
prasertmanukitch(lad pla kao-liap duan) (fixed),13.836713_100.604589_X2FHMtXY3o1CDbkLOdx89w_30_2025-04.jpg,SAFE,None,0.0,0.0,0.0
prasertmanukitch(lad pla kao-liap duan) (fixed),13.836749_100.604116_ALBZEVshFXzYj74uEL6KuA_210_2024-11.jpg,SAFE,None,0.0,0.0,0.0
prasertmanukitch(lad pla kao-liap duan) (fixed),13.836760_100.604508_ZFLulVhUVn4IOi-Cq2sxww_30_2025-04.jpg,SAFE,None,0.0,0.0,0.0
prasertmanukitch(lad pla kao-liap duan) (fixed),13.836798_100.604029_G0pVzcZfpgu489OhIgnLzQ_210_2024-11.jpg,SAFE,None,5.1,5.1,0.0
prasertmanukitch(lad pla kao-liap duan) (fixed),13.836806_100.604429_O3cEJ-ssw4KTVO7lEG_c7w_30_2025-04.jpg,SAFE,None,0.32,0.32,0.0
prasertmanukitch(lad pla kao-liap duan) (fixed),13.836853_100.604348_KxUMsTDnedmyT1MFub7DIw_30_2025-04.jpg,SAFE,None,0.0,0.0,0.0
prasertmanukitch(lad pla kao-liap duan) (fixed),13.836876_100.604308__jGdpLBlNNt0I0S6E3YtYQ_30_2025-04.jpg,SAFE,None,6.22,6.22,0.0
prasertmanukitch(lad pla kao-liap duan) (fixed),13.836889_100.603868_qcQ4FL9N8kkW3xc1_vNX0g_210_2024-11.jpg,SAFE,None,0.0,0.0,0.0
prasertmanukitch(lad pla kao-liap duan) (fixed),13.836923_100.604226_iTvYAJciehAKbEA9V0DaLg_30_2025-04.jpg,SAFE,None,3.1,3.1,0.0
prasertmanukitch(lad pla kao-liap duan) (fixed),13.836935_100.603785_ctR0S9zHlm7D3JKsfC8EGw_210_2024-11.jpg,SAFE,None,0.61,0.61,0.0
prasertmanukitch(lad pla kao-liap duan) (fixed),13.836971_100.604146_sK6XQSomlRqOqrhvpwtytA_30_2025-04.jpg,SAFE,None,0.67,0.67,0.0
prasertmanukitch(lad pla kao-liap duan) (fixed),13.836981_100.603703_YczCdF6Wh7pHUucxXdEotg_210_2024-11.jpg,SAFE,None,0.0,0.0,0.0
prasertmanukitch(lad pla kao-liap duan) (fixed),13.837020_100.604066_xTAIlfAL56Tg_-arBzm07Q_30_2025-04.jpg,SAFE,None,0.75,0.75,0.0
prasertmanukitch(lad pla kao-liap duan) (fixed),13.837026_100.603620_J_u-WbJMkI70B7OWhkAjqw_210_2024-11.jpg,SAFE,None,0.0,0.0,0.0
prasertmanukitch(lad pla kao-liap duan) (fixed),13.837068_100.603987_7atjkrTnV4i2VYeQTm5edQ_30_2025-04.jpg,SAFE,None,1.9,1.9,0.0
prasertmanukitch(lad pla kao-liap duan) (fixed),13.837069_100.603540_Sgtcp9UIDBi7fPWiLAm6BA_210_2024-11.jpg,SAFE,None,0.0,0.0,0.0
prasertmanukitch(lad pla kao-liap duan) (fixed),13.837116_100.603457_74OYR4Mb4qi3cOri1VVJlQ_210_2024-11.jpg,SAFE,None,0.0,0.0,0.0
prasertmanukitch(lad pla kao-liap duan) (fixed),13.837116_100.603907_NU6CZuwHGD_JixrTBZ315g_30_2025-04.jpg,SAFE,None,15.63,15.63,0.0
prasertmanukitch(lad pla kao-liap duan) (fixed),13.837161_100.603380_xSbNBcX_Q0TuHceP_yI9bw_210_2024-11.jpg,SAFE,None,0.0,0.0,0.0
prasertmanukitch(lad pla kao-liap duan) (fixed),13.837164_100.603827_HcgR9GYAf_LN5BfKPXPw3w_30_2025-04.jpg,SAFE,None,10.67,10.67,0.0
prasertmanukitch(lad pla kao-liap duan) (fixed),13.837206_100.603297_fNxMYfaFobfXVcJTLoUUZw_210_2024-11.jpg,SAFE,None,0.0,0.0,0.0
prasertmanukitch(lad pla kao-liap duan) (fixed),13.837211_100.603746_N1qhUmXwETOCyJhekO8Atw_30_2025-04.jpg,SAFE,None,7.24,7.24,0.0
prasertmanukitch(lad pla kao-liap duan) (fixed),13.837235_100.603706_acCN_IwA0qN6FcNl73rcFg_30_2025-04.jpg,SAFE,None,2.23,2.23,0.0
prasertmanukitch(lad pla kao-liap duan) (fixed),13.837268_100.603188_EOdjSAn_BI4HI13jpCiqoA_210_2024-11.jpg,SAFE,None,0.0,0.0,0.0
prasertmanukitch(lad pla kao-liap duan) (fixed),13.837282_100.603625_PdWHz4dFXFQDWp5jw1BCRA_30_2025-04.jpg,SAFE,None,0.53,0.53,0.0
prasertmanukitch(lad pla kao-liap duan) (fixed),13.837318_100.603098_bpVhIun1CbPBCAXzdSM24A_210_2024-11.jpg,SAFE,None,0.0,0.0,0.0
prasertmanukitch(lad pla kao-liap duan) (fixed),13.837328_100.603544_ujlBMfAySpGU5uI7cztomA_30_2025-04.jpg,SAFE,None,12.17,12.17,0.0
prasertmanukitch(lad pla kao-liap duan) (fixed),13.837364_100.603014__ukHzryHoQ4Sa6i3W4SEww_210_2024-11.jpg,SAFE,None,0.0,0.0,0.0
prasertmanukitch(lad pla kao-liap duan) (fixed),13.837373_100.603463_I9KT_sbEKtTwgveWMEG3Eg_30_2025-04.jpg,SAFE,None,0.0,0.0,0.0
prasertmanukitch(lad pla kao-liap duan) (fixed),13.837418_100.603383_NVfaA2BPOITvavT00wrd_g_30_2025-04.jpg,SAFE,None,9.03,9.03,0.0
prasertmanukitch(lad pla kao-liap duan) (fixed),13.837436_100.602886_D2RyXRSiCbfrfsGEPvktFA_210_2024-11.jpg,SAFE,None,2.3,2.3,0.0
prasertmanukitch(lad pla kao-liap duan) (fixed),13.837464_100.603300_YXQdoucq2DNjngrioq5BfQ_30_2025-04.jpg,SAFE,None,0.81,0.81,0.0
prasertmanukitch(lad pla kao-liap duan) (fixed),13.837483_100.602803_Oq1u_Qe-wR6HtDhPdZH1BA_210_2024-11.jpg,SAFE,None,0.0,0.0,0.0
prasertmanukitch(lad pla kao-liap duan) (fixed),13.837529_100.602722_cvbIykCTKdqAgId1eA_nzA_210_2024-11.jpg,SAFE,None,0.0,0.0,0.0
prasertmanukitch(lad pla kao-liap duan) (fixed),13.837532_100.603178_NLLLxkN_R2CPnVfGwu7n3A_30_2025-04.jpg,SAFE,None,0.0,0.0,0.0
prasertmanukitch(lad pla kao-liap duan) (fixed),13.837572_100.602646_7rqK4VEs3IlT7YR3nhyd0A_210_2024-11.jpg,SAFE,None,0.0,0.0,0.0
prasertmanukitch(lad pla kao-liap duan) (fixed),13.837578_100.603096_EpYfcWtUz7Rz5hVMQMi4Tg_30_2025-04.jpg,SAFE,None,13.77,13.77,0.0
prasertmanukitch(lad pla kao-liap duan) (fixed),13.837617_100.602567_d6EIH46Y56JyaP8DETCtZw_210_2024-11.jpg,SAFE,None,0.0,0.0,0.0
prasertmanukitch(lad pla kao-liap duan) (fixed),13.837624_100.603013_ToKrBQkUAy2y3KamcuS0Qg_30_2025-04.jpg,SAFE,None,14.98,14.98,0.0
prasertmanukitch(lad pla kao-liap duan) (fixed),13.837660_100.602489_i3cVvgZx7FARWm7Wlo1u1w_210_2024-11.jpg,SAFE,None,0.0,0.0,0.0
prasertmanukitch(lad pla kao-liap duan) (fixed),13.837705_100.602407_vJQMfVZBK9fybUGbv6XG_Q_210_2024-11.jpg,SAFE,None,0.0,0.0,0.0
prasertmanukitch(lad pla kao-liap duan) (fixed),13.837716_100.602850_vNzbeOswvcBcsaLe68y5qg_30_2025-04.jpg,SAFE,None,0.0,0.0,0.0
prasertmanukitch(lad pla kao-liap duan) (fixed),13.837747_100.602330_X4ZRGF5DFWDjo0PieO5BVw_210_2024-11.jpg,SAFE,None,0.0,0.0,0.0
prasertmanukitch(lad pla kao-liap duan) (fixed),13.837762_100.602768_uEYwSUgolhwWwCchvXPpNg_30_2025-04.jpg,SAFE,None,0.0,0.0,0.0
prasertmanukitch(lad pla kao-liap duan) (fixed),13.837794_100.602247_nWXVmjZe1zfQGYCHz4pD9A_210_2024-11.jpg,SAFE,None,1.29,1.29,0.0
prasertmanukitch(lad pla kao-liap duan) (fixed),13.837808_100.602687_wPh32OtX4a4hwHu_UocZ5g_30_2025-04.jpg,SAFE,None,0.44,0.44,0.0
prasertmanukitch(lad pla kao-liap duan) (fixed),13.837841_100.602163_y-3IZTv_QZwndxXEidRs1A_210_2024-11.jpg,SAFE,None,0.0,0.0,0.0
prasertmanukitch(lad pla kao-liap duan) (fixed),13.837854_100.602605_7K-ncnaM2r_zhKzGGmgIOA_30_2025-04.jpg,SAFE,None,0.93,0.93,0.0
prasertmanukitch(lad pla kao-liap duan) (fixed),13.837900_100.602524_wqWCsSVB0inKUfGyQ4hxWQ_30_2025-04.jpg,SAFE,None,2.01,2.01,0.0
prasertmanukitch(lad pla kao-liap duan) (fixed),13.837911_100.602040_a_E4DIkjuAAOYDg-YkQiKA_210_2024-11.jpg,SAFE,None,0.0,0.0,0.0
prasertmanukitch(lad pla kao-liap duan) (fixed),13.837946_100.602442_LS0MKEDn_Y8d4_5mGK1i-g_30_2025-04.jpg,SAFE,None,0.54,0.54,0.0
prasertmanukitch(lad pla kao-liap duan) (fixed),13.837957_100.601959_iwpXr4BlvKlu2Z8M0SuOtA_207_2024-11.jpg,SAFE,None,0.0,0.0,0.0
prasertmanukitch(lad pla kao-liap duan) (fixed),13.837990_100.602361_OaOOF1msXNpu1eLBODoTFQ_30_2025-04.jpg,SAFE,None,13.83,13.83,0.0
prasertmanukitch(lad pla kao-liap duan) (fixed),13.838006_100.601876_6CQyLd-GRPFUYhqtM-V0bw_207_2024-11.jpg,SAFE,None,0.0,0.0,0.0
prasertmanukitch(lad pla kao-liap duan) (fixed),13.838058_100.602237_oeVijHcRdgnADyY54uZGIw_31_2025-04.jpg,SAFE,None,0.66,0.66,0.0
prasertmanukitch(lad pla kao-liap duan) (fixed),13.838083_100.601760_Z7Cn9Imr3oqTIacX94qRow_210_2024-11.jpg,SAFE,None,0.0,0.0,0.0
prasertmanukitch(lad pla kao-liap duan) (fixed),13.838104_100.602155_IBbQp5CEfGP3Robnj0k40g_31_2025-04.jpg,SAFE,None,0.0,0.0,0.0
prasertmanukitch(lad pla kao-liap duan) (fixed),13.838131_100.601681_GB-wdF6Xb2SzCHD69vOOXQ_210_2024-11.jpg,SAFE,None,0.0,0.0,0.0
prasertmanukitch(lad pla kao-liap duan) (fixed),13.838150_100.602073_8Ru3wVPCT1Vyv2ijZNwTWg_31_2025-04.jpg,SAFE,None,15.81,15.81,0.0
prasertmanukitch(lad pla kao-liap duan) (fixed),13.838172_100.602032_yITAMcv-ca3pvj7HX6FMGQ_30_2025-04.jpg,SAFE,None,7.74,7.74,0.0
prasertmanukitch(lad pla kao-liap duan) (fixed),13.838178_100.601605_muoWNTYhrJlq6s1BS9QzNw_210_2024-11.jpg,SAFE,None,0.0,0.0,0.0
prasertmanukitch(lad pla kao-liap duan) (fixed),13.838217_100.601950_8VEYgAknSDb8MJy94T0xuA_30_2025-04.jpg,SAFE,None,0.0,0.0,0.0
prasertmanukitch(lad pla kao-liap duan) (fixed),13.838224_100.601525_Rs9O0ZS7s0QIgs_rVEFNIA_210_2024-11.jpg,SAFE,None,0.0,0.0,0.0
prasertmanukitch(lad pla kao-liap duan) (fixed),13.838263_100.601868_6DTDUR5wp5GSB7abRjXUZg_30_2025-04.jpg,SAFE,None,3.48,3.48,0.0
prasertmanukitch(lad pla kao-liap duan) (fixed),13.838271_100.601442_Hecc0dRIgXm3MRu9-LeeyA_210_2024-11.jpg,SAFE,None,0.0,0.0,0.0
prasertmanukitch(lad pla kao-liap duan) (fixed),13.838308_100.601786_r8VsARnqsLe9vNzfccRNJg_30_2025-04.jpg,SAFE,None,1.1,1.1,0.0
prasertmanukitch(lad pla kao-liap duan) (fixed),13.838323_100.601360_rws66WlvQy2YO1yjev3XpQ_210_2024-11.jpg,SAFE,None,0.0,0.0,0.0
prasertmanukitch(lad pla kao-liap duan) (fixed),13.838353_100.601704_0mnGIv98Zw-HI-_zp4o3ZA_30_2025-04.jpg,SAFE,None,1.25,1.25,0.0
prasertmanukitch(lad pla kao-liap duan) (fixed),13.838378_100.601279_jTLI-X5S7uO1zJhIr17PsA_210_2024-11.jpg,SAFE,None,0.0,0.0,0.0
prasertmanukitch(lad pla kao-liap duan) (fixed),13.838422_100.601582_tfgyssylHi9-eLYoUBMmMQ_30_2025-04.jpg,SAFE,None,0.15,0.15,0.0
prasertmanukitch(lad pla kao-liap duan) (fixed),13.838427_100.601196_X6DzoCJhck_2Bc0hmHT-Pg_210_2024-11.jpg,SAFE,None,0.0,0.0,0.0
prasertmanukitch(lad pla kao-liap duan) (fixed),13.838467_100.601500_vyxFn5Pe4c33rXXUtft3vA_30_2025-04.jpg,SAFE,None,0.0,0.0,0.0
prasertmanukitch(lad pla kao-liap duan) (fixed),13.838475_100.601113_YrONNCuoGAxbgXwTF-Fgyw_210_2024-11.jpg,SAFE,None,0.0,0.0,0.0
prasertmanukitch(lad pla kao-liap duan) (fixed),13.838512_100.601418_bApLX71NzoqbgzmrBO4YLQ_30_2025-04.jpg,SAFE,None,0.0,0.0,0.0
prasertmanukitch(lad pla kao-liap duan) (fixed),13.838522_100.601031_chNEYfxInNmIwtRsD2Szqg_210_2024-11.jpg,SAFE,None,0.0,0.0,0.0
prasertmanukitch(lad pla kao-liap duan) (fixed),13.838569_100.600949_QYPNWYN3o5GqsOwGS0QU7g_210_2024-11.jpg,SAFE,None,0.0,0.0,0.0
prasertmanukitch(lad pla kao-liap duan) (fixed),13.838582_100.601295_go6YXkadclEcIyNqkz0e_A_30_2025-04.jpg,SAFE,None,7.42,7.42,0.0
prasertmanukitch(lad pla kao-liap duan) (fixed),13.838616_100.600868_bKEDROcTdI_KcU0GHO_I8g_210_2024-11.jpg,SAFE,None,0.0,0.0,0.0
prasertmanukitch(lad pla kao-liap duan) (fixed),13.838628_100.601213_awzVsn60VzTXaQH3qQiC6Q_30_2025-04.jpg,SAFE,None,3.82,3.82,0.0
prasertmanukitch(lad pla kao-liap duan) (fixed),13.838664_100.600787_ulWofYfNZPpcL858Uy7N7Q_210_2024-11.jpg,SAFE,None,0.0,0.0,0.0
prasertmanukitch(lad pla kao-liap duan) (fixed),13.838673_100.601132_rzVOWUcSYhe8LhO1w_hY_w_30_2025-04.jpg,SAFE,None,0.0,0.0,0.0
prasertmanukitch(lad pla kao-liap duan) (fixed),13.838709_100.600708_wAEip_iPrSgJJQ70qHytXQ_210_2024-11.jpg,SAFE,None,0.0,0.0,0.0
prasertmanukitch(lad pla kao-liap duan) (fixed),13.838719_100.601050_zn3ycyH90L9XtC0n_VG5Hw_30_2025-04.jpg,SAFE,None,4.02,4.02,0.0
prasertmanukitch(lad pla kao-liap duan) (fixed),13.838757_100.600627_DY2WOGvbfJnjhxqRvYDjYw_210_2024-11.jpg,SAFE,None,0.0,0.0,0.0
prasertmanukitch(lad pla kao-liap duan) (fixed),13.838764_100.600968_yAOvmB-5dI3k_KSaza-ohw_30_2025-04.jpg,SAFE,None,5.57,3.1,2.47
prasertmanukitch(lad pla kao-liap duan) (fixed),13.838805_100.600547_CffqAOjSD3hlLJLMsjTBnA_210_2024-11.jpg,SAFE,None,0.0,0.0,0.0
prasertmanukitch(lad pla kao-liap duan) (fixed),13.838811_100.600886_tty_7gNU12hAeY6BiMyosw_30_2025-04.jpg,SAFE,None,0.0,0.0,0.0
prasertmanukitch(lad pla kao-liap duan) (fixed),13.838850_100.600464_Uj7wf4B7y-ZhcmYTz4XZ6A_210_2024-11.jpg,SAFE,None,0.0,0.0,0.0
prasertmanukitch(lad pla kao-liap duan) (fixed),13.838880_100.600763_LTvFwacHkU2PA8cjubbunA_30_2025-04.jpg,SAFE,None,4.39,4.39,0.0
prasertmanukitch(lad pla kao-liap duan) (fixed),13.838892_100.600383_WYQp-fXaO64J8fDBz6iXkQ_210_2024-11.jpg,SAFE,None,0.0,0.0,0.0
prasertmanukitch(lad pla kao-liap duan) (fixed),13.838940_100.600301_QYAtpD_x2TI1bt7hrKjZCA_210_2024-11.jpg,SAFE,None,0.0,0.0,0.0
prasertmanukitch(lad pla kao-liap duan) (fixed),13.838951_100.600641_EMdVLh4G80KPCEO3RhS6Uw_30_2025-04.jpg,SAFE,None,12.68,12.68,0.0
prasertmanukitch(lad pla kao-liap duan) (fixed),13.838987_100.600219_1U8b6kvBAPeYc7AqYeu_mQ_210_2024-11.jpg,SAFE,None,0.0,0.0,0.0
prasertmanukitch(lad pla kao-liap duan) (fixed),13.838998_100.600560_Dkzoh5OrHi_E0wnY8POgXw_30_2025-04.jpg,SAFE,None,0.0,0.0,0.0
prasertmanukitch(lad pla kao-liap duan) (fixed),13.839033_100.600139_oMR_qiT_e81XT1gOP7CAvg_210_2024-11.jpg,SAFE,None,0.0,0.0,0.0
prasertmanukitch(lad pla kao-liap duan) (fixed),13.839044_100.600477_xWbCEY-STYR0YOISWL5I-g_30_2025-04.jpg,SAFE,None,1.93,1.93,0.0
prasertmanukitch(lad pla kao-liap duan) (fixed),13.839079_100.600058_d-KZkooaVy4HRrqKsvHXIw_210_2024-11.jpg,SAFE,None,0.0,0.0,0.0
prasertmanukitch(lad pla kao-liap duan) (fixed),13.839090_100.600395_1k2bNq4Ed_OZo91HwFt-MQ_30_2025-04.jpg,SAFE,None,0.0,0.0,0.0
prasertmanukitch(lad pla kao-liap duan) (fixed),13.839113_100.600355_aeeAcNxvD5wYnvh8KjddmA_30_2025-04.jpg,SAFE,None,0.0,0.0,0.0
prasertmanukitch(lad pla kao-liap duan) (fixed),13.839124_100.599978_5g-8HOKLtmSHIqxQZ63jZg_209_2024-11.jpg,SAFE,None,0.0,0.0,0.0
prasertmanukitch(lad pla kao-liap duan) (fixed),13.839158_100.600274_pjzm6GMup6GTTaejoXrbXg_30_2025-04.jpg,SAFE,None,7.64,7.64,0.0
prasertmanukitch(lad pla kao-liap duan) (fixed),13.839167_100.599895_OTBHf7X4ex43bAXkoENO_A_209_2024-11.jpg,SAFE,None,0.0,0.0,0.0
prasertmanukitch(lad pla kao-liap duan) (fixed),13.839204_100.600191_HuRqzq6rcBthBIILn_L96w_30_2025-04.jpg,SAFE,None,0.51,0.51,0.0
prasertmanukitch(lad pla kao-liap duan) (fixed),13.839215_100.599814_YUUeIEm1Yq_U2ar_UFVhnQ_210_2024-11.jpg,SAFE,None,0.0,0.0,0.0
prasertmanukitch(lad pla kao-liap duan) (fixed),13.839260_100.599733_CCd4UyiQwIbEuYIfcB_jgA_210_2024-11.jpg,SAFE,None,0.0,0.0,0.0
prasertmanukitch(lad pla kao-liap duan) (fixed),13.839297_100.600027_kvqFujnV4w9m1kuqtnSQDg_30_2025-04.jpg,SAFE,None,0.0,0.0,0.0
prasertmanukitch(lad pla kao-liap duan) (fixed),13.839304_100.599654_XrnwKMLV-aQ5loeXERqN9w_210_2024-11.jpg,SAFE,None,0.0,0.0,0.0
prasertmanukitch(lad pla kao-liap duan) (fixed),13.839342_100.599945_s_oc2gyrTYn6UE__SZIrbw_30_2025-04.jpg,SAFE,None,0.49,0.49,0.0
prasertmanukitch(lad pla kao-liap duan) (fixed),13.839345_100.599574_Dm9OFl7zUCbFpbf4EK5nFg_210_2024-11.jpg,SAFE,None,0.0,0.0,0.0
prasertmanukitch(lad pla kao-liap duan) (fixed),13.839388_100.599864_UB322jXRfrf667nE7-40pQ_30_2025-04.jpg,SAFE,None,0.0,0.0,0.0
prasertmanukitch(lad pla kao-liap duan) (fixed),13.839391_100.599496_PjE_5FONhMpRfHVMZiKcPA_210_2024-11.jpg,SAFE,None,0.0,0.0,0.0
prasertmanukitch(lad pla kao-liap duan) (fixed),13.839432_100.599784_QmGbi3Nm2mb65MHkcjW9tg_30_2025-04.jpg,SAFE,None,1.58,1.58,0.0
prasertmanukitch(lad pla kao-liap duan) (fixed),13.839434_100.599417_UfeFDJ_-4buiL0-KCZfvgw_210_2024-11.jpg,SAFE,None,0.0,0.0,0.0
prasertmanukitch(lad pla kao-liap duan) (fixed),13.839437_100.599246_akKWXeHvC5l6HCHBZ6DFnQ_210_2024-11.jpg,SAFE,None,0.0,0.0,0.0
prasertmanukitch(lad pla kao-liap duan) (fixed),13.839478_100.599704_ieUCSjvUWKNQ3RVvDD30Xw_30_2025-04.jpg,SAFE,None,10.89,10.89,0.0
prasertmanukitch(lad pla kao-liap duan) (fixed),13.839483_100.599164_KZkpq3MI0AednwIVsSCttw_209_2024-11.jpg,SAFE,None,0.95,0.95,0.0
prasertmanukitch(lad pla kao-liap duan) (fixed),13.839498_100.599664_SA2VaeRQuNwLqryOvI0AGw_30_2025-04.jpg,SAFE,None,0.9,0.9,0.0
prasertmanukitch(lad pla kao-liap duan) (fixed),13.839529_100.599082_3rFUYOW35KohPUbIIgBh9w_209_2024-11.jpg,SAFE,None,5.23,5.23,0.0
prasertmanukitch(lad pla kao-liap duan) (fixed),13.839545_100.599584_XMjFtsLhriSB3nLu_M7wpA_30_2025-04.jpg,SAFE,None,3.95,3.95,0.0
prasertmanukitch(lad pla kao-liap duan) (fixed),13.839574_100.599000_ETJN47D-mlKnED3QHj0d1Q_209_2024-11.jpg,SAFE,None,15.31,15.31,0.0
prasertmanukitch(lad pla kao-liap duan) (fixed),13.839591_100.599503_J50VC_2q3OjBmMhokH_TkQ_30_2025-04.jpg,SAFE,None,8.54,0.0,8.54
prasertmanukitch(lad pla kao-liap duan) (fixed),13.839616_100.598917_CsZY38Wz7aFs4nYRMGk1kw_209_2024-11.jpg,SAFE,None,5.52,5.52,0.0
prasertmanukitch(lad pla kao-liap duan) (fixed),13.839637_100.599421_5u11IcLmoiaKX1eZv6wTWg_30_2025-04.jpg,SAFE,None,1.03,1.03,0.0
prasertmanukitch(lad pla kao-liap duan) (fixed),13.839661_100.598835_pMaflWQdfTNzyM6LAlv2Pw_210_2024-11.jpg,SAFE,None,2.84,2.84,0.0
prasertmanukitch(lad pla kao-liap duan) (fixed),13.839705_100.599298_LzPWmesnMH-8uWTHtzNyRw_30_2025-04.jpg,SAFE,None,0.0,0.0,0.0
prasertmanukitch(lad pla kao-liap duan) (fixed),13.839706_100.598754_SFlj_aEIZouEXFxYafGuYQ_210_2024-11.jpg,SAFE,None,0.31,0.31,0.0
prasertmanukitch(lad pla kao-liap duan) (fixed),13.839749_100.599216_15f1h1qM_XCfZNxZeZBAxQ_30_2025-04.jpg,SAFE,None,0.0,0.0,0.0
prasertmanukitch(lad pla kao-liap duan) (fixed),13.839754_100.598675_b0_9YHEGWJPwNMJ5ZzC4gA_210_2024-11.jpg,SAFE,None,0.0,0.0,0.0
prasertmanukitch(lad pla kao-liap duan) (fixed),13.839774_100.599176_AZ5bwp58ht5k4xD0CcrtCw_30_2025-04.jpg,SAFE,None,3.52,3.52,0.0
prasertmanukitch(lad pla kao-liap duan) (fixed),13.839800_100.598593_wIqZbMrKTl0Z2IRcTt_H2w_210_2024-11.jpg,SAFE,None,2.3,2.3,0.0
prasertmanukitch(lad pla kao-liap duan) (fixed),13.839821_100.599094_iH-BV9iSnVLfSXD3rzixOg_30_2025-04.jpg,SAFE,None,0.0,0.0,0.0
prasertmanukitch(lad pla kao-liap duan) (fixed),13.839846_100.598510_IyPUo00711bYp8_BnawTWw_210_2024-11.jpg,WARNING,SURFACE DAMAGE,31.72,10.24,21.48
prasertmanukitch(lad pla kao-liap duan) (fixed),13.839867_100.599011_8wsZ0NKUrICAgb8RI7ot6A_30_2025-04.jpg,SAFE,None,0.0,0.0,0.0
prasertmanukitch(lad pla kao-liap duan) (fixed),13.839893_100.598428_Fl55VaJlJTjxM8pwqCL8KA_210_2024-11.jpg,SAFE,None,1.18,1.18,0.0
prasertmanukitch(lad pla kao-liap duan) (fixed),13.839913_100.598929_Lreztpq77KtciIdhE4Pfyg_30_2025-04.jpg,SAFE,None,4.94,4.94,0.0
prasertmanukitch(lad pla kao-liap duan) (fixed),13.839940_100.598346_p3C1KmyuoDOzRwBBRtfwxQ_210_2024-11.jpg,SAFE,None,0.0,0.0,0.0
prasertmanukitch(lad pla kao-liap duan) (fixed),13.839958_100.598847_ndmdg19lmYXkcibCV4XknA_29_2025-04.jpg,SAFE,None,1.98,1.98,0.0
prasertmanukitch(lad pla kao-liap duan) (fixed),13.839985_100.598265_8Pnpu-OcTtgdrJQngZEbPw_210_2024-11.jpg,CRITICAL,SURFACE DAMAGE,97.49,6.49,91.0
prasertmanukitch(lad pla kao-liap duan) (fixed),13.840003_100.598765_G3t81j4vn7JR4fQfLiCXUQ_29_2025-04.jpg,SAFE,None,4.61,4.61,0.0
prasertmanukitch(lad pla kao-liap duan) (fixed),13.840031_100.598185_2LX2k9kfGn2muDhETKlJ4Q_210_2024-11.jpg,SAFE,None,2.67,2.67,0.0
prasertmanukitch(lad pla kao-liap duan) (fixed),13.840049_100.598684_BVxWaJ7mpBo_hv5Hrya8qg_30_2025-04.jpg,SAFE,None,9.87,6.49,3.38
prasertmanukitch(lad pla kao-liap duan) (fixed),13.840072_100.598643_-himvHPLkBGjZYOmTxBFsg_29_2025-04.jpg,SAFE,None,0.0,0.0,0.0
prasertmanukitch(lad pla kao-liap duan) (fixed),13.840073_100.598102_HUL0ANKLcgWna91bkfrCcQ_210_2024-11.jpg,SAFE,None,1.32,1.32,0.0
prasertmanukitch(lad pla kao-liap duan) (fixed),13.840118_100.598019_bHP_aHPrYOWD93ghbJ3BBA_209_2024-11.jpg,SAFE,None,0.31,0.31,0.0
prasertmanukitch(lad pla kao-liap duan) (fixed),13.840118_100.598563_H_bOBt7M6210t78dJmluKw_29_2025-04.jpg,SAFE,None,11.38,11.38,0.0
prasertmanukitch(lad pla kao-liap duan) (fixed),13.840164_100.598483_TbahWLViaTG40Fl9Ug3ESA_29_2025-04.jpg,SAFE,None,5.06,5.06,0.0
prasertmanukitch(lad pla kao-liap duan) (fixed),13.840167_100.597939_FEXJneQDoRwDeT2p_Lf9xw_209_2024-11.jpg,SAFE,None,0.0,0.0,0.0
prasertmanukitch(lad pla kao-liap duan) (fixed),13.840210_100.598402_28RnvZ-gX12kWX94RdS4OQ_29_2025-04.jpg,SAFE,None,10.3,10.3,0.0
prasertmanukitch(lad pla kao-liap duan) (fixed),13.840213_100.597857_1-fU3_y49RPRpRhMd2H-Mg_209_2024-11.jpg,SAFE,None,0.0,0.0,0.0
prasertmanukitch(lad pla kao-liap duan) (fixed),13.840256_100.598319_gfGw2cPip--R6KrFW0SVRA_29_2025-04.jpg,SAFE,None,0.35,0.35,0.0
prasertmanukitch(lad pla kao-liap duan) (fixed),13.840259_100.597775_aLcnwK2g1yUXFNDswiF4Yg_209_2024-11.jpg,SAFE,None,0.0,0.0,0.0
prasertmanukitch(lad pla kao-liap duan) (fixed),13.840301_100.598237_wIoQxKCMJDVE2XRnII9ekQ_29_2025-04.jpg,SAFE,None,1.31,1.31,0.0
prasertmanukitch(lad pla kao-liap duan) (fixed),13.840304_100.597694_V_WxYgIAIYCDiOWwLJUN6g_210_2024-11.jpg,SAFE,None,5.33,5.33,0.0
prasertmanukitch(lad pla kao-liap duan) (fixed),13.840345_100.598155_lDKd9V9JYkodbbab85EocA_29_2025-04.jpg,SAFE,None,0.21,0.21,0.0
prasertmanukitch(lad pla kao-liap duan) (fixed),13.840351_100.597612_llT_Wmjre6si2wKj0i7h4w_210_2024-11.jpg,SAFE,None,0.74,0.74,0.0
prasertmanukitch(lad pla kao-liap duan) (fixed),13.840389_100.598074_GOptM8MN5BOHM8XMIq_91g_29_2025-04.jpg,SAFE,None,0.75,0.75,0.0
prasertmanukitch(lad pla kao-liap duan) (fixed),13.840397_100.597530_WW0s46PxyVJO7nd1KHfVxA_210_2024-11.jpg,SAFE,None,0.0,0.0,0.0
prasertmanukitch(lad pla kao-liap duan) (fixed),13.840433_100.597992_eX5vjo8rf-H7x33JVB5sHA_29_2025-04.jpg,SAFE,None,1.8,1.8,0.0
prasertmanukitch(lad pla kao-liap duan) (fixed),13.840443_100.597448_XhPWK4YlyXZVlOFsRYsmWg_210_2024-11.jpg,SAFE,None,0.0,0.0,0.0
prasertmanukitch(lad pla kao-liap duan) (fixed),13.840488_100.597366_TNEZm_0PRZhYEXhZjlQNfQ_210_2024-11.jpg,SAFE,None,0.97,0.97,0.0
prasertmanukitch(lad pla kao-liap duan) (fixed),13.840500_100.597871_PaUloeGQa8HD4PUw9y7i2g_29_2025-04.jpg,SAFE,None,0.0,0.0,0.0
prasertmanukitch(lad pla kao-liap duan) (fixed),13.840534_100.597284_VGZhnBZxdbfG5oVTWPeVUQ_210_2024-11.jpg,SAFE,None,0.0,0.0,0.0
prasertmanukitch(lad pla kao-liap duan) (fixed),13.840545_100.597790_9ojVXX8tn9LRxbFphkEzGA_30_2025-04.jpg,WARNING,OBSTACLE,33.84,28.07,5.77
prasertmanukitch(lad pla kao-liap duan) (fixed),13.840578_100.597203_8cPi1V5EacL1nhiXEv1nhQ_210_2024-11.jpg,SAFE,None,0.0,0.0,0.0
prasertmanukitch(lad pla kao-liap duan) (fixed),13.840590_100.597708_tVtJeKNenJcf1eYKdORFbQ_30_2025-04.jpg,SAFE,None,16.97,16.97,0.0
prasertmanukitch(lad pla kao-liap duan) (fixed),13.840623_100.597122_DIGTy6FqSyAlyoAVHHYcMA_210_2024-11.jpg,SAFE,None,0.67,0.67,0.0
prasertmanukitch(lad pla kao-liap duan) (fixed),13.840635_100.597627_s8zykPsDnN1mGOqUv6Rapg_30_2025-04.jpg,SAFE,None,9.26,9.26,0.0
prasertmanukitch(lad pla kao-liap duan) (fixed),13.840645_100.597081_mYmzqPspOoCMEWf9tV-uKQ_210_2024-11.jpg,SAFE,None,0.0,0.0,0.0
prasertmanukitch(lad pla kao-liap duan) (fixed),13.840680_100.597545_PkdsUiYC-UztuHe1O_O9tQ_30_2025-04.jpg,SAFE,None,0.29,0.29,0.0
prasertmanukitch(lad pla kao-liap duan) (fixed),13.840690_100.597000_nBLBn5UZj1mK-gOxvNTuyA_210_2024-11.jpg,SAFE,None,0.0,0.0,0.0
prasertmanukitch(lad pla kao-liap duan) (fixed),13.840724_100.597463_xKNBFbI87uW6Z58hIQ0W1A_30_2025-04.jpg,SAFE,None,3.78,3.78,0.0
prasertmanukitch(lad pla kao-liap duan) (fixed),13.840736_100.596918_rdt6GPh_FOGOveHcOvyCFw_211_2024-11.jpg,SAFE,None,1.14,1.14,0.0
prasertmanukitch(lad pla kao-liap duan) (fixed),13.840759_100.596877_-cMvvujRUyrhLvUK8BH5rA_210_2024-11.jpg,SAFE,None,0.76,0.76,0.0
prasertmanukitch(lad pla kao-liap duan) (fixed),13.840767_100.597381_ZLWF58dIMQXo3SpTVLuuYg_31_2025-04.jpg,SAFE,None,0.0,0.0,0.0
prasertmanukitch(lad pla kao-liap duan) (fixed),13.840804_100.596795_6AV7fPgC5JZ1vuzerDqKNA_209_2024-11.jpg,SAFE,None,11.89,11.89,0.0
prasertmanukitch(lad pla kao-liap duan) (fixed),13.840811_100.597299_cg7TM_YYbE12TWefSciSOw_31_2025-04.jpg,SAFE,None,0.0,0.0,0.0
prasertmanukitch(lad pla kao-liap duan) (fixed),13.840849_100.596712_NjuvI-bw9m6NgMhWnIT_2w_208_2024-11.jpg,SAFE,None,0.0,0.0,0.0
prasertmanukitch(lad pla kao-liap duan) (fixed),13.840855_100.597217_lZ-a4ffOAlT2gCFF1JUyWQ_29_2025-04.jpg,SAFE,None,12.14,12.14,0.0
prasertmanukitch(lad pla kao-liap duan) (fixed),13.840871_100.596670_qM4GW1x0KGbqvJW7HrfDKg_208_2024-11.jpg,SAFE,None,0.57,0.57,0.0
prasertmanukitch(lad pla kao-liap duan) (fixed),13.840874_100.597175_65eA3zbxN-cKoWNPBChkLA_29_2025-04.jpg,WARNING,OBSTACLE,23.46,23.46,0.0
prasertmanukitch(lad pla kao-liap duan) (fixed),13.840914_100.596587_LQgxhF2V2jzpWBZPRTjO_g_208_2024-11.jpg,SAFE,None,0.0,0.0,0.0
prasertmanukitch(lad pla kao-liap duan) (fixed),13.840921_100.597093_pEgmPJBJKTC4TTaLh7hPvA_31_2025-04.jpg,SAFE,None,0.0,0.0,0.0
prasertmanukitch(lad pla kao-liap duan) (fixed),13.840957_100.596503_dJiy1gbBeRybQZ5Ha97o1A_207_2024-11.jpg,SAFE,None,0.0,0.0,0.0
prasertmanukitch(lad pla kao-liap duan) (fixed),13.840965_100.597011_sNvOP2JHOMpGA2J0_lswTw_31_2025-04.jpg,SAFE,None,0.0,0.0,0.0
prasertmanukitch(lad pla kao-liap duan) (fixed),13.840998_100.596419_5PhHfKeeBh2iXRXDN1Rzjg_207_2024-11.jpg,SAFE,None,0.0,0.0,0.0
prasertmanukitch(lad pla kao-liap duan) (fixed),13.841008_100.596928_cWUXYdanAn2Pgfd62qZ4yA_31_2025-04.jpg,SAFE,None,1.04,1.04,0.0
prasertmanukitch(lad pla kao-liap duan) (fixed),13.841030_100.596887_U4oKw5gEa_5p3tKhF-qYgg_29_2025-04.jpg,SAFE,None,0.48,0.48,0.0
prasertmanukitch(lad pla kao-liap duan) (fixed),13.841039_100.596334_m-yPjQcHNWS5GtYwSxSrBg_207_2024-11.jpg,SAFE,None,0.0,0.0,0.0
prasertmanukitch(lad pla kao-liap duan) (fixed),13.841073_100.596804_bzuf6sXQ6-UoOsA1nZHAkQ_28_2025-04.jpg,SAFE,None,0.41,0.41,0.0
prasertmanukitch(lad pla kao-liap duan) (fixed),13.841078_100.596249_fulUSVzYC6fc6vRbQAoFFg_207_2024-11.jpg,SAFE,None,4.68,4.68,0.0
prasertmanukitch(lad pla kao-liap duan) (fixed),13.841115_100.596720_VKZRy99RBPOj7H4of0HQfA_28_2025-04.jpg,SAFE,None,0.0,0.0,0.0
prasertmanukitch(lad pla kao-liap duan) (fixed),13.841116_100.596162_2v97rzQlOiNVDwfa26ndBQ_205_2024-11.jpg,SAFE,None,10.16,10.16,0.0
prasertmanukitch(lad pla kao-liap duan) (fixed),13.841152_100.596076_UZW6QSxtdt1JQ3_i6YbAYw_202_2024-11.jpg,SAFE,None,3.04,3.04,0.0
prasertmanukitch(lad pla kao-liap duan) (fixed),13.841157_100.596635_FQ5asE36OBLHhW4hGMnsyw_28_2025-04.jpg,SAFE,None,0.0,0.0,0.0
prasertmanukitch(lad pla kao-liap duan) (fixed),13.841186_100.595990_LQ0pD1eltH6f3AFNcBM8uQ_202_2024-11.jpg,SAFE,None,0.0,0.0,0.0
prasertmanukitch(lad pla kao-liap duan) (fixed),13.841198_100.596550_E-f5mKl0HitSABrLIPxSCg_26_2025-04.jpg,SAFE,None,0.0,0.0,0.0
prasertmanukitch(lad pla kao-liap duan) (fixed),13.841219_100.595904_VqNw1B7jX974f1rTsGgpCw_202_2024-11.jpg,SAFE,None,4.43,4.43,0.0
prasertmanukitch(lad pla kao-liap duan) (fixed),13.841251_100.595819_VWhiiUYHqW_wwgHDSHvRrw_200_2024-11.jpg,SAFE,None,4.88,4.88,0.0
prasertmanukitch(lad pla kao-liap duan) (fixed),13.841259_100.596422_kt4aQFDf4IMLn7SV0Cbxtw_26_2025-04.jpg,SAFE,None,0.13,0.13,0.0
prasertmanukitch(lad pla kao-liap duan) (fixed),13.841284_100.595731_-QT-VWV83DhhO2Y29VQ1JA_198_2024-11.jpg,SAFE,None,2.32,2.32,0.0
prasertmanukitch(lad pla kao-liap duan) (fixed),13.841297_100.596336_l9vTtczoJxlRUcJmEja5MQ_26_2025-04.jpg,SAFE,None,0.0,0.0,0.0
prasertmanukitch(lad pla kao-liap duan) (fixed),13.841316_100.595643_EqbuZWUk9aWLfmH7VrVzMg_198_2024-11.jpg,SAFE,None,0.65,0.65,0.0
prasertmanukitch(lad pla kao-liap duan) (fixed),13.841334_100.596251_7vYWKLhRLYJ3idSYZRum8A_23_2025-04.jpg,SAFE,None,0.0,0.0,0.0
prasertmanukitch(lad pla kao-liap duan) (fixed),13.841342_100.595553_N9SmyJ7p8F9hc4wx2vesbg_198_2024-11.jpg,SAFE,None,4.02,4.02,0.0
prasertmanukitch(lad pla kao-liap duan) (fixed),13.841369_100.596165_6cQsgMwbepL-wSiSS5hR2A_23_2025-04.jpg,SAFE,None,0.0,0.0,0.0
prasertmanukitch(lad pla kao-liap duan) (fixed),13.841372_100.595468_32-L1_ApIfHkLv36K6opZw_196_2024-11.jpg,SAFE,None,5.27,5.27,0.0
prasertmanukitch(lad pla kao-liap duan) (fixed),13.841395_100.595379_5_a5WUn383StDdY_lWMZ3Q_196_2024-11.jpg,SAFE,None,0.0,0.0,0.0
prasertmanukitch(lad pla kao-liap duan) (fixed),13.841404_100.596078_W6sQivUuaLDE-4dyr3faow_23_2025-04.jpg,SAFE,None,0.0,0.0,0.0
prasertmanukitch(lad pla kao-liap duan) (fixed),13.841416_100.595291_7EnoSoSVJCpLzjUlThRzTA_196_2024-11.jpg,SAFE,None,2.08,2.08,0.0
prasertmanukitch(lad pla kao-liap duan) (fixed),13.841437_100.595991_AGTLgsCp8XhDESErAjr_3Q_23_2025-04.jpg,SAFE,None,3.66,3.66,0.0
prasertmanukitch(lad pla kao-liap duan) (fixed),13.841470_100.595902_LbZ4aKteeoNvWtxBvEy7sQ_21_2025-04.jpg,SAFE,None,0.4,0.4,0.0
prasertmanukitch(lad pla kao-liap duan) (fixed),13.841502_100.595813_HIm0PHVek764ttDqWe8mzQ_21_2025-04.jpg,SAFE,None,0.0,0.0,0.0
prasertmanukitch(lad pla kao-liap duan) (fixed),13.841534_100.595724_yCXFTU_FpW7S0cs2opRFLA_21_2025-04.jpg,SAFE,None,0.0,0.0,0.0
prasertmanukitch(lad pla kao-liap duan) (fixed),13.841565_100.595634_KDXTZbExsXpzZRAl1vDQ-w_21_2025-04.jpg,SAFE,None,0.81,0.81,0.0
prasertmanukitch(lad pla kao-liap duan) (fixed),13.841592_100.595544_G5f4g1c5o8OktpqkeB8PLg_18_2025-04.jpg,SAFE,None,3.71,3.71,0.0
prasertmanukitch(lad pla kao-liap duan) (fixed),13.841621_100.595453_gc_i8ky_oalAFEkpryomCQ_18_2025-04.jpg,SAFE,None,0.0,0.0,0.0
prasertmanukitch(lad pla kao-liap duan) (fixed),13.841650_100.595362_i60rCeGhudB8ArdfC1fA9g_18_2025-04.jpg,SAFE,None,2.33,2.33,0.0
